# https://github.com/mikedh/trimesh
v -0.10275590 -0.04795271 -0.09359038 0.84313725 0.72156863 0.65490196
v -0.10721016 -0.04795271 -0.08905512 0.70588235 0.61960784 0.56862745
v -0.10275590 -0.05405742 -0.08905512 0.81568627 0.69803922 0.64313725
v -0.09707552 -0.04795271 -0.08905512 0.85098039 0.65490196 0.62352941
v -0.10275590 -0.03425193 -0.09604776 0.82745098 0.69019608 0.61568627
v -0.10965127 -0.03425193 -0.08905512 0.63529412 0.57647059 0.52549020
v -0.09390289 -0.03425193 -0.08905512 0.72156863 0.44313725 0.44313725
v -0.10275590 -0.02055115 -0.09406561 0.82352941 0.69803922 0.62745098
v -0.10769361 -0.02055115 -0.08905512 0.65490196 0.55686275 0.49803922
v -0.09599531 -0.02055115 -0.08905512 0.77254902 0.54901961 0.52941176
v -0.10275590 -0.00685036 -0.09259385 0.80392157 0.67058824 0.59215686
v -0.10622895 -0.00685036 -0.08905512 0.66274510 0.55294118 0.48627451
v -0.09814107 -0.00685036 -0.08905512 0.85882353 0.68627451 0.63921569
v -0.10275590 0.00685036 -0.09206659 0.79215686 0.63921569 0.55294118
v -0.10569835 0.00685036 -0.08905512 0.65882353 0.54901961 0.48627451
v -0.09924400 0.00685036 -0.08905512 0.89411765 0.72156863 0.65490196
v -0.10275590 0.01278788 -0.08905512 0.77254902 0.63137255 0.55294118
v -0.39047247 0.06165349 -0.09741610 0.58431373 0.60000000 0.57254902
v -0.39868957 0.06165349 -0.08905512 0.58823529 0.59607843 0.56470588
v -0.39047247 0.05346626 -0.08905512 0.58823529 0.60000000 0.56470588
v -0.38051212 0.06165349 -0.08905512 0.58431373 0.60000000 0.57254902
v -0.39047247 0.07535428 -0.10145062 0.58823529 0.60000000 0.57254902
v -0.40290615 0.07535428 -0.08905512 0.58823529 0.59607843 0.56078431
v -0.37677163 0.06650466 -0.08905512 0.58431373 0.60000000 0.57254902
v -0.37677163 0.07535428 -0.09605485 0.58431373 0.60000000 0.57254902
v -0.36832148 0.07535428 -0.08905512 0.58039216 0.59607843 0.56862745
v -0.39047247 0.08905506 -0.10169619 0.59607843 0.60392157 0.56862745
v -0.40314695 0.08905506 -0.08905512 0.59215686 0.59607843 0.56078431
v -0.37677163 0.08905506 -0.09719795 0.58431373 0.60000000 0.57254902
v -0.36734062 0.08905506 -0.08905512 0.58039216 0.60000000 0.57647059
v -0.39047247 0.10275584 -0.10144114 0.59607843 0.60392157 0.56862745
v -0.40282026 0.10275584 -0.08905512 0.59215686 0.59607843 0.56078431
v -0.37677163 0.10275584 -0.09344584 0.58431373 0.60000000 0.56862745
v -0.37206864 0.10275584 -0.08905512 0.58431373 0.60000000 0.56862745
v -0.39047247 0.11645675 -0.09855741 0.58823529 0.60392157 0.56862745
v -0.39978322 0.11645675 -0.08905512 0.59215686 0.60000000 0.56470588
v -0.38032946 0.11645675 -0.08905512 0.58823529 0.60000000 0.56470588
v -0.37677163 0.10805410 -0.08905512 0.58823529 0.60000000 0.56862745
v -0.39047247 0.12578565 -0.08905512 0.58823529 0.60000000 0.56862745
v -0.39047247 -0.15755904 -0.07841241 0.60000000 0.60784314 0.57254902
v -0.39354929 -0.15755904 -0.07535434 0.60000000 0.60784314 0.56862745
v -0.39047247 -0.16055608 -0.07535434 0.60000000 0.60784314 0.56862745
v -0.38475731 -0.15755904 -0.07535434 0.59607843 0.60784314 0.57647059
v -0.39047247 -0.14385825 -0.08726448 0.59215686 0.60784314 0.57647059
v -0.40290034 -0.14385825 -0.07535434 0.59607843 0.60392157 0.57254902
v -0.37677163 -0.15478206 -0.07535434 0.59215686 0.60784314 0.58039216
v -0.37677163 -0.14385825 -0.08357769 0.58431373 0.60392157 0.57647059
v -0.36385334 -0.14385825 -0.07535434 0.58431373 0.60392157 0.58431373
v -0.40417325 -0.13015747 -0.07645553 0.59607843 0.60000000 0.56470588
v -0.40525508 -0.13015747 -0.07535434 0.59607843 0.60000000 0.56470588
v -0.40417325 -0.13171482 -0.07535434 0.59607843 0.60000000 0.56470588
v -0.39047247 -0.13015747 -0.08768511 0.59607843 0.61176471 0.57254902
v -0.37677163 -0.13015747 -0.08438873 0.58431373 0.60392157 0.58039216
v -0.36307085 -0.13803858 -0.07535434 0.58431373 0.60784314 0.58823529
v -0.36307085 -0.13015747 -0.07681865 0.58431373 0.60784314 0.58823529
v -0.36056006 -0.13015747 -0.07535434 0.58431373 0.60784314 0.58823529
v -0.40417325 -0.11645669 -0.08141547 0.59607843 0.60000000 0.56470588
v -0.41015407 -0.11645669 -0.07535434 0.59215686 0.59607843 0.56470588
v -0.39047247 -0.11645669 -0.08804339 0.59607843 0.61176471 0.57254902
v -0.37677163 -0.11645669 -0.08515269 0.58431373 0.60392157 0.58039216
v -0.36307085 -0.11645669 -0.07885098 0.58039216 0.60784314 0.58823529
v -0.35744524 -0.11645669 -0.07535434 0.58823529 0.61176471 0.59215686
v -0.40417325 -0.10275590 -0.07797241 0.59215686 0.60000000 0.56470588
v -0.40673468 -0.10275590 -0.07535434 0.59215686 0.60000000 0.56470588
v -0.39047247 -0.10275590 -0.08796549 0.58823529 0.60784314 0.57647059
v -0.37677163 -0.10275590 -0.08496135 0.58431373 0.60392157 0.58039216
v -0.36307085 -0.10275590 -0.07980269 0.58431373 0.60784314 0.58431373
v -0.35627776 -0.10275590 -0.07535434 0.58823529 0.61568627 0.59215686
v -0.40417325 -0.10015410 -0.07535434 0.59215686 0.60000000 0.56862745
v -0.39047247 -0.08905512 -0.08226007 0.59215686 0.60784314 0.57647059
v -0.39739513 -0.08905512 -0.07535434 0.59607843 0.60392157 0.56862745
v -0.38134056 -0.08905512 -0.07535434 0.59215686 0.60784314 0.58039216
v -0.37677163 -0.09142661 -0.07535434 0.58823529 0.60784314 0.58039216
v -0.36307085 -0.09720600 -0.07535434 0.58431373 0.60784314 0.58431373
v -0.10275590 -0.08905512 -0.08302426 0.53725490 0.44313725 0.44705882
v -0.11049962 -0.08905512 -0.07535434 0.47058824 0.44705882 0.43137255
v -0.10275590 -0.09894848 -0.07535434 0.39215686 0.32549020 0.32941176
v -0.08905512 -0.10140461 -0.07535434 0.76078431 0.60392157 0.56862745
v -0.08905512 -0.08905512 -0.08319294 0.81960784 0.61960784 0.58431373
v -0.07535434 -0.09158945 -0.07535434 0.56470588 0.30196078 0.27058824
v -0.07535434 -0.08905512 -0.07701886 0.57647059 0.29803922 0.26274510
v -0.06909722 -0.08905512 -0.07535434 0.56470588 0.24705882 0.21568627
v -0.39047247 -0.08221960 -0.07535434 0.59607843 0.60784314 0.57254902
v -0.10275590 -0.07535434 -0.08558846 0.59607843 0.49803922 0.47843137
v -0.11310244 -0.07535434 -0.07535434 0.55686275 0.49803922 0.45098039
v -0.08905512 -0.07535434 -0.08475173 0.73333333 0.53333333 0.49411765
v -0.07535434 -0.07535434 -0.07779092 0.60000000 0.28235294 0.24313725
v -0.06660026 -0.07535434 -0.07535434 0.62352941 0.21176471 0.18431373
v -0.10275590 -0.06165355 -0.08747035 0.72549020 0.61568627 0.57254902
v -0.11488831 -0.06165355 -0.07535434 0.56862745 0.50588235 0.45098039
v -0.08905512 -0.06165355 -0.08620155 0.66274510 0.43921569 0.40784314
v -0.07535434 -0.06165355 -0.08140367 0.60000000 0.25490196 0.21568627
v -0.06165355 -0.07108933 -0.07535434 0.64313725 0.18823529 0.15686275
v -0.06165355 -0.06165355 -0.07847524 0.63921569 0.17254902 0.14509804
v -0.04795271 -0.06680894 -0.07535434 0.66274510 0.14117647 0.10588235
v -0.04795271 -0.06165355 -0.07695681 0.66666667 0.13333333 0.10196078
v -0.04031837 -0.06165355 -0.07535434 0.67058824 0.11764706 0.08627451
v -0.11645669 -0.04795271 -0.08378875 0.52156863 0.52549020 0.49411765
v -0.12478298 -0.04795271 -0.07535434 0.54117647 0.52941176 0.49019608
v -0.11645669 -0.05795413 -0.07535434 0.56862745 0.51372549 0.45882353
v -0.08905512 -0.04795271 -0.08744067 0.62745098 0.34117647 0.33333333
v -0.07535434 -0.04795271 -0.08518684 0.60000000 0.21176471 0.18431373
v -0.06165355 -0.04795271 -0.08329046 0.62745098 0.15294118 0.12549020
v -0.04795271 -0.04795271 -0.08168930 0.66666667 0.11764706 0.09411765
v -0.03425193 -0.05846828 -0.07535434 0.66666667 0.10980392 0.08235294
v -0.03425193 -0.04795271 -0.07927293 0.66666667 0.09803922 0.07843137
v -0.02066779 -0.04795271 -0.07535434 0.65882353 0.09411765 0.07058824
v -0.11645669 -0.03425193 -0.08612764 0.52549020 0.52941176 0.49411765
v -0.12714875 -0.03425193 -0.07535434 0.55294118 0.52941176 0.48235294
v -0.08905512 -0.03425193 -0.08781570 0.60392157 0.30196078 0.29803922
v -0.07535434 -0.03425193 -0.08603525 0.60000000 0.19607843 0.17254902
v -0.06165355 -0.03425193 -0.08443439 0.62745098 0.14509804 0.11764706
v -0.04795271 -0.03425193 -0.08283436 0.66274510 0.10980392 0.09019608
v -0.03425193 -0.03425193 -0.08050603 0.66666667 0.09411765 0.07450980
v -0.02055115 -0.04762441 -0.07535434 0.65490196 0.09411765 0.07058824
v -0.02055115 -0.03425193 -0.07699180 0.65098039 0.09019608 0.06666667
v -0.01255500 -0.03425193 -0.07535434 0.64705882 0.08627451 0.06666667
v -0.11645669 -0.02055115 -0.08597285 0.57254902 0.52549020 0.45882353
v -0.12699723 -0.02055115 -0.07535434 0.59607843 0.53333333 0.46274510
v -0.08905512 -0.02055115 -0.08750027 0.58823529 0.31372549 0.29803922
v -0.07535434 -0.02055115 -0.08482426 0.60392157 0.20000000 0.17647059
v -0.06165355 -0.02055115 -0.08312970 0.63529412 0.14509804 0.11764706
v -0.04795271 -0.02055115 -0.08181292 0.66274510 0.10980392 0.08627451
v -0.03425193 -0.02055115 -0.07957035 0.66274510 0.09411765 0.07450980
v -0.02055115 -0.02055115 -0.07574618 0.65098039 0.08627451 0.06666667
v -0.01859891 -0.02055115 -0.07535434 0.65098039 0.08627451 0.06666667
v -0.11645669 -0.00685036 -0.08660823 0.58039216 0.52549020 0.45490196
v -0.12764341 -0.00685036 -0.07535434 0.60392157 0.53725490 0.46274510
v -0.08905512 -0.00685036 -0.08726668 0.60784314 0.31764706 0.30196078
v -0.07535434 -0.00685036 -0.08441871 0.60784314 0.19607843 0.17254902
v -0.06165355 -0.00685036 -0.08265460 0.63921569 0.14117647 0.11764706
v -0.04795271 -0.00685036 -0.08133924 0.66274510 0.10980392 0.08627451
v -0.03425193 -0.00685036 -0.07905656 0.66666667 0.09411765 0.07058824
v -0.02124399 -0.00685036 -0.07535434 0.65490196 0.08627451 0.06666667
v -0.02055115 -0.01226103 -0.07535434 0.65098039 0.08627451 0.06666667
v -0.11645669 0.00685036 -0.08745658 0.54117647 0.53333333 0.48627451
v -0.12850451 0.00685036 -0.07535434 0.58039216 0.53725490 0.47450980
v -0.08905512 0.00685036 -0.08718395 0.67843137 0.32941176 0.32156863
v -0.07535434 0.00685036 -0.08468312 0.61568627 0.18431373 0.16078431
v -0.06165355 0.00685036 -0.08269358 0.63921569 0.13333333 0.10980392
v -0.04795271 0.00685036 -0.08094776 0.67058824 0.10588235 0.08235294
v -0.03425193 0.00685036 -0.07843709 0.67058824 0.09411765 0.07058824
v -0.02359378 0.00685036 -0.07535434 0.66274510 0.09019608 0.06666667
v -0.11645669 0.02055115 -0.08718586 0.54509804 0.53725490 0.48627451
v -0.12822944 0.02055115 -0.07535434 0.58823529 0.54509804 0.47843137
v -0.10275590 0.02055115 -0.08822435 0.70196078 0.55294118 0.48627451
v -0.08905512 0.02055115 -0.08660597 0.74117647 0.38431373 0.36470588
v -0.07535434 0.02055115 -0.08338034 0.61960784 0.18431373 0.16078431
v -0.06165355 0.02055115 -0.08090472 0.64705882 0.13333333 0.10980392
v -0.04795271 0.02055115 -0.07891047 0.67450980 0.10980392 0.08235294
v -0.03425193 0.02055115 -0.07620907 0.67450980 0.09803922 0.07058824
v -0.03117782 0.02055115 -0.07535434 0.67450980 0.09411765 0.07058824
v -0.11645669 0.03425193 -0.08473176 0.60784314 0.52941176 0.44705882
v -0.12574744 0.03425193 -0.07535434 0.63137255 0.54509804 0.45882353
v -0.10275590 0.03425193 -0.08560354 0.59215686 0.46666667 0.40784314
v -0.08905512 0.03425193 -0.08509797 0.79607843 0.49411765 0.44313725
v -0.07535434 0.03425193 -0.07960898 0.61960784 0.20000000 0.17647059
v -0.06165355 0.03425193 -0.07632661 0.65490196 0.13725490 0.12156863
v -0.05238265 0.03425193 -0.07535434 0.67058824 0.12156863 0.09411765
v -0.04795271 0.03285402 -0.07535434 0.67843137 0.11764706 0.08627451
v -0.03425193 0.02367455 -0.07535434 0.67450980 0.09803922 0.07058824
v -0.40417325 0.04795271 -0.08239686 0.58823529 0.59215686 0.55686275
v -0.41105485 0.04795271 -0.07535434 0.58823529 0.59215686 0.55686275
v -0.40417325 0.04099822 -0.07535434 0.58823529 0.59215686 0.55686275
v -0.39047247 0.03484178 -0.07535434 0.59215686 0.60000000 0.56078431
v -0.39047247 0.04795271 -0.08831227 0.58823529 0.60000000 0.56470588
v -0.37677163 0.03820461 -0.07535434 0.58431373 0.60000000 0.57647059
v -0.37677163 0.04795271 -0.08512813 0.58431373 0.60000000 0.57254902
v -0.36307085 0.04551655 -0.07535434 0.58039216 0.60000000 0.58039216
v -0.36307085 0.04795271 -0.07783449 0.58039216 0.60000000 0.58039216
v -0.35895878 0.04795271 -0.07535434 0.58431373 0.60392157 0.58039216
v -0.11645669 0.04795271 -0.07602555 0.62745098 0.52941176 0.43921569
v -0.11711121 0.04795271 -0.07535434 0.62745098 0.53333333 0.44313725
v -0.10275590 0.04795271 -0.08328497 0.55686275 0.44705882 0.38431373
v -0.08905512 0.04795271 -0.08335602 0.87843137 0.64705882 0.56862745
v -0.07579279 0.04795271 -0.07535434 0.62352941 0.21568627 0.19215686
v -0.07535434 0.04663807 -0.07535434 0.62352941 0.21176471 0.18823529
v -0.06165355 0.03701061 -0.07535434 0.65490196 0.13725490 0.12156863
v -0.40417325 0.06165349 -0.08777910 0.58823529 0.59607843 0.56078431
v -0.41654465 0.06165349 -0.07535434 0.59215686 0.59215686 0.55686275
v -0.37677163 0.06165349 -0.08847219 0.58431373 0.60000000 0.57254902
v -0.36307085 0.06165349 -0.08655542 0.58039216 0.60000000 0.57254902
v -0.34937006 0.05103207 -0.07535434 0.59215686 0.61176471 0.58431373
v -0.34937006 0.06165349 -0.08411843 0.58039216 0.60784314 0.58431373
v -0.33566928 0.05784035 -0.07535434 0.59607843 0.61960784 0.58823529
v -0.33566928 0.06165349 -0.07878399 0.58823529 0.61568627 0.59215686
v -0.33040452 0.06165349 -0.07535434 0.59215686 0.61960784 0.59215686
v -0.11645669 0.04878718 -0.07535434 0.62745098 0.53333333 0.43921569
v -0.10275590 0.06165349 -0.08099425 0.56470588 0.45098039 0.38431373
v -0.10919625 0.06165349 -0.07535434 0.58431373 0.50588235 0.42352941
v -0.08905512 0.06165349 -0.08034360 0.91372549 0.73333333 0.63529412
v -0.07827497 0.06165349 -0.07535434 0.63137255 0.23921569 0.21568627
v -0.40417325 0.07535428 -0.08816946 0.58823529 0.59607843 0.56078431
v -0.41690275 0.07535428 -0.07535434 0.59215686 0.59215686 0.56078431
v -0.36307085 0.07535428 -0.08802271 0.58039216 0.60000000 0.57254902
v -0.34937006 0.07535428 -0.08638120 0.58039216 0.60784314 0.58431373
v -0.33566928 0.07535428 -0.08398366 0.58431373 0.61568627 0.59215686
v -0.32196850 0.07113248 -0.07535434 0.58039216 0.61568627 0.59215686
v -0.32196850 0.07535428 -0.07797313 0.58039216 0.61568627 0.59215686
v -0.31838346 0.07535428 -0.07535434 0.58039216 0.61568627 0.59215686
v -0.10275590 0.07187372 -0.07535434 0.58823529 0.46666667 0.38823529
v -0.08905512 0.07321006 -0.07535434 0.87843137 0.70196078 0.58823529
v -0.40417325 0.08905506 -0.08815736 0.59215686 0.59607843 0.56078431
v -0.41688535 0.08905506 -0.07535434 0.58823529 0.59215686 0.56078431
v -0.36307085 0.08905506 -0.08810782 0.58039216 0.60000000 0.57647059
v -0.34937006 0.08905506 -0.08635646 0.58431373 0.61176471 0.58431373
v -0.33566928 0.08905506 -0.08417159 0.59215686 0.61960784 0.58823529
v -0.32196850 0.08905506 -0.07895702 0.58431373 0.61960784 0.59607843
v -0.31643337 0.08905506 -0.07535434 0.58039216 0.61568627 0.59607843
v -0.40417325 0.10275584 -0.08772308 0.59215686 0.59607843 0.56078431
v -0.41647053 0.10275584 -0.07535434 0.59215686 0.59215686 0.56078431
v -0.36307085 0.10275584 -0.08758593 0.58039216 0.60000000 0.57254902
v -0.34937006 0.10275584 -0.08546525 0.58431373 0.60784314 0.58039216
v -0.33566928 0.10275584 -0.08245933 0.59215686 0.61568627 0.58431373
v -0.32348955 0.10275584 -0.07535434 0.58431373 0.61568627 0.58823529
v -0.32196850 0.09903210 -0.07535434 0.58431373 0.61568627 0.59215686
v -0.40417325 0.11645675 -0.08246803 0.59215686 0.59607843 0.56078431
v -0.41112974 0.11645675 -0.07535434 0.59607843 0.59607843 0.55686275
v -0.37677163 0.11645675 -0.08840090 0.58823529 0.60000000 0.56078431
v -0.36307085 0.11645675 -0.08627075 0.58431373 0.59607843 0.56078431
v -0.34937006 0.11645675 -0.08281815 0.58431373 0.60392157 0.57254902
v -0.33595467 0.11645675 -0.07535434 0.58823529 0.61176471 0.57647059
v -0.33566928 0.11614686 -0.07535434 0.58823529 0.61568627 0.58039216
v -0.40417325 0.12381047 -0.07535434 0.59607843 0.59607843 0.56078431
v -0.39047247 0.13015747 -0.08866477 0.59215686 0.60392157 0.56862745
v -0.40380648 0.13015747 -0.07535434 0.60000000 0.60000000 0.56078431
v -0.37677163 0.13015747 -0.08669800 0.58823529 0.59607843 0.56078431
v -0.36307085 0.13015747 -0.08040190 0.58431373 0.59607843 0.55686275
v -0.35523999 0.13015747 -0.07535434 0.58823529 0.60000000 0.56470588
v -0.34937006 0.12653297 -0.07535434 0.58823529 0.60392157 0.56862745
v -0.39047247 0.14385831 -0.07874399 0.60000000 0.60392157 0.56078431
v -0.39373943 0.14385831 -0.07535434 0.60392157 0.60392157 0.55686275
v -0.38611937 0.14385831 -0.07535434 0.59607843 0.60000000 0.55686275
v -0.37677163 0.14217937 -0.07535434 0.58823529 0.59607843 0.56078431
v -0.36307085 0.13534796 -0.07535434 0.58431373 0.59607843 0.56078431
v -0.39047247 0.14719665 -0.07535434 0.60392157 0.60392157 0.55686275
v -0.39047247 -0.17125988 -0.06814557 0.60784314 0.61176471 0.56470588
v -0.39899251 -0.17125988 -0.06165355 0.60392157 0.60784314 0.56470588
v -0.39047247 -0.17776471 -0.06165355 0.60784314 0.61568627 0.56470588
v -0.37677163 -0.17609435 -0.06165355 0.59215686 0.61176471 0.57254902
v -0.37677163 -0.17125988 -0.06644303 0.59607843 0.60784314 0.57647059
v -0.36436468 -0.17125988 -0.06165355 0.58823529 0.61176471 0.58431373
v -0.40417325 -0.15755904 -0.07412589 0.60000000 0.60392157 0.56862745
v -0.41660336 -0.15755904 -0.06165355 0.59607843 0.59607843 0.56470588
v -0.40417325 -0.17053592 -0.06165355 0.60000000 0.60392157 0.56078431
v -0.37677163 -0.15755904 -0.07473153 0.59215686 0.60784314 0.58039216
v -0.36307085 -0.17103988 -0.06165355 0.58823529 0.61176471 0.58431373
v -0.36307085 -0.15755904 -0.07284927 0.58823529 0.60784314 0.58431373
v -0.34937006 -0.16763574 -0.06165355 0.59215686 0.61568627 0.58431373
v -0.34937006 -0.15755904 -0.07026017 0.59215686 0.61568627 0.58823529
v -0.33566928 -0.16226536 -0.06165355 0.59607843 0.62352941 0.59215686
v -0.33566928 -0.15755904 -0.06584060 0.59607843 0.62352941 0.59215686
v -0.33015394 -0.15755904 -0.06165355 0.59215686 0.62352941 0.59607843
v -0.40417325 -0.14385825 -0.07497603 0.59607843 0.60392157 0.56862745
v -0.41731435 -0.14385825 -0.06165355 0.59215686 0.59607843 0.56470588
v -0.36307085 -0.14385825 -0.07520765 0.58431373 0.60392157 0.58431373
v -0.34937006 -0.14385825 -0.07375753 0.58823529 0.61568627 0.59215686
v -0.33566928 -0.14385825 -0.07158315 0.59607843 0.62352941 0.60000000
v -0.32196850 -0.14846462 -0.06165355 0.58431373 0.62352941 0.60392157
v -0.32196850 -0.14385825 -0.06501102 0.58823529 0.62745098 0.60784314
v -0.31789440 -0.14385825 -0.06165355 0.58431373 0.62745098 0.60392157
v -0.41742334 -0.13015747 -0.06165355 0.59215686 0.59607843 0.56470588
v -0.34937006 -0.13015747 -0.07412583 0.59607843 0.61960784 0.59215686
v -0.33566928 -0.13015747 -0.07228148 0.60392157 0.62745098 0.59215686
v -0.32196850 -0.13015747 -0.06902152 0.59215686 0.63137255 0.60784314
v -0.31076658 -0.13015747 -0.06165355 0.58431373 0.63137255 0.61176471
v -0.41748792 -0.11645669 -0.06165355 0.59215686 0.59215686 0.56470588
v -0.34937006 -0.11645669 -0.07424450 0.59607843 0.61960784 0.59215686
v -0.33566928 -0.11645669 -0.07232606 0.60784314 0.62745098 0.59215686
v -0.32196850 -0.11645669 -0.06989855 0.59215686 0.63137255 0.60784314
v -0.30826771 -0.11990201 -0.06165355 0.58823529 0.63137255 0.61568627
v -0.30826771 -0.11645669 -0.06273860 0.58823529 0.63137255 0.61568627
v -0.30689204 -0.11645669 -0.06165355 0.58823529 0.63137255 0.61176471
v -0.10275590 -0.11645669 -0.07191366 0.41568627 0.37647059 0.34901961
v -0.11456710 -0.11645669 -0.06165355 0.57647059 0.52941176 0.47450980
v -0.10275590 -0.12884843 -0.06165355 0.46274510 0.42745098 0.38823529
v -0.08905512 -0.12687117 -0.06165355 0.26666667 0.24313725 0.23137255
v -0.08905512 -0.11645669 -0.06978595 0.27450980 0.24705882 0.23529412
v -0.07535434 -0.11953074 -0.06165355 0.82352941 0.67058824 0.61568627
v -0.07535434 -0.11645669 -0.06411618 0.79215686 0.62352941 0.56470588
v -0.06846899 -0.11645669 -0.06165355 0.67450980 0.41960784 0.37647059
v -0.41749293 -0.10275590 -0.06165355 0.59215686 0.59215686 0.56470588
v -0.34937006 -0.10275590 -0.07389337 0.59607843 0.61960784 0.59215686
v -0.33566928 -0.10275590 -0.07126027 0.60392157 0.62745098 0.60000000
v -0.32196850 -0.10275590 -0.06844407 0.59215686 0.63137255 0.60784314
v -0.30947661 -0.10275590 -0.06165355 0.58039216 0.62352941 0.60392157
v -0.30826771 -0.10994625 -0.06165355 0.58431373 0.62745098 0.60784314
v -0.11645669 -0.10275590 -0.07406139 0.50980392 0.50980392 0.47843137
v -0.12881035 -0.10275590 -0.06165355 0.55294118 0.54509804 0.50980392
v -0.11645669 -0.11579430 -0.06165355 0.59215686 0.54117647 0.48627451
v -0.10275590 -0.10275590 -0.07487631 0.35686275 0.29803922 0.29803922
v -0.08905512 -0.10275590 -0.07501137 0.73333333 0.58039216 0.54901961
v -0.07535434 -0.10275590 -0.07260305 0.59215686 0.36078431 0.32549020
v -0.06165355 -0.11456692 -0.06165355 0.60392157 0.28235294 0.24313725
v -0.06165355 -0.10275590 -0.07076007 0.60392157 0.22745098 0.20000000
v -0.04795271 -0.11241347 -0.06165355 0.64313725 0.18823529 0.15294118
v -0.04795271 -0.10275590 -0.06915861 0.66274510 0.16862745 0.13333333
v -0.03425193 -0.10904092 -0.06165355 0.67058824 0.14509804 0.11372549
v -0.03425193 -0.10275590 -0.06665045 0.67843137 0.14117647 0.10588235
v -0.02055115 -0.10433525 -0.06165355 0.67450980 0.12549020 0.09803922
v -0.02055115 -0.10275590 -0.06300890 0.67450980 0.12549020 0.09803922
v -0.01418817 -0.10275590 -0.06165355 0.67058824 0.12156863 0.09019608
v -0.40417325 -0.08905512 -0.07450855 0.59215686 0.60000000 0.56470588
v -0.41701457 -0.08905512 -0.06165355 0.58823529 0.59215686 0.56470588
v -0.37677163 -0.08905512 -0.07445490 0.58823529 0.60784314 0.58039216
v -0.36307085 -0.08905512 -0.07272995 0.58823529 0.61176471 0.58823529
v -0.34937006 -0.08905512 -0.06961536 0.60000000 0.62352941 0.59607843
v -0.33566928 -0.08905512 -0.06540656 0.60392157 0.62745098 0.60000000
v -0.32786065 -0.08905512 -0.06165355 0.59215686 0.62745098 0.60392157
v -0.32196850 -0.09212154 -0.06165355 0.58823529 0.62745098 0.60392157
v -0.11645669 -0.08905512 -0.07483846 0.50588235 0.50980392 0.48235294
v -0.12959820 -0.08905512 -0.06165355 0.55294118 0.54509804 0.50980392
v -0.06165355 -0.08905512 -0.07452458 0.61568627 0.20000000 0.16862745
v -0.04795271 -0.08905512 -0.07338011 0.67058824 0.14901961 0.11764706
v -0.03425193 -0.08905512 -0.07139617 0.67843137 0.12549020 0.09411765
v -0.02055115 -0.08905512 -0.06849563 0.67450980 0.11764706 0.09019608
v -0.00685036 -0.09969145 -0.06165355 0.66274510 0.11372549 0.08235294
v -0.00685036 -0.08905512 -0.06644255 0.66274510 0.10588235 0.07843137
v 0.00685036 -0.09658933 -0.06165355 0.65098039 0.10588235 0.07058824
v 0.00685036 -0.08905512 -0.06538254 0.64705882 0.10196078 0.07058824
v 0.02055115 -0.09028804 -0.06165355 0.63921569 0.09803922 0.06274510
v 0.02055115 -0.08905512 -0.06233954 0.63529412 0.09803922 0.06274510
v 0.02254152 -0.08905512 -0.06165355 0.63529412 0.09803922 0.06274510
v -0.40417325 -0.07602692 -0.06165355 0.59607843 0.60000000 0.56470588
v -0.39047247 -0.07535434 -0.06763005 0.60000000 0.60784314 0.56862745
v -0.39736196 -0.07535434 -0.06165355 0.59607843 0.60392157 0.56470588
v -0.37887627 -0.07535434 -0.06165355 0.58823529 0.60784314 0.58039216
v -0.37677163 -0.07562041 -0.06165355 0.58823529 0.60784314 0.58431373
v -0.36307085 -0.07711679 -0.06165355 0.58431373 0.61176471 0.59215686
v -0.34937006 -0.08036059 -0.06165355 0.59607843 0.61960784 0.59607843
v -0.33566928 -0.08519375 -0.06165355 0.60000000 0.62745098 0.60000000
v -0.11645669 -0.07535434 -0.07486963 0.57647059 0.52156863 0.46666667
v -0.12960339 -0.07535434 -0.06165355 0.59215686 0.55294118 0.50196078
v -0.06165355 -0.07535434 -0.07477552 0.63921569 0.19215686 0.16078431
v -0.04795271 -0.07535434 -0.07414007 0.66666667 0.14509804 0.10980392
v -0.03425193 -0.07535434 -0.07247460 0.67058824 0.12156863 0.09019608
v -0.02055115 -0.07535434 -0.06940550 0.67058824 0.10980392 0.08627451
v -0.00685036 -0.07535434 -0.06737441 0.65882353 0.10196078 0.07843137
v 0.00685036 -0.07535434 -0.06674331 0.63529412 0.10196078 0.06666667
v 0.02055115 -0.07535434 -0.06395882 0.62745098 0.09803922 0.06274510
v 0.02686548 -0.07535434 -0.06165355 0.63137255 0.10196078 0.06666667
v -0.39047247 -0.06936920 -0.06165355 0.59607843 0.60784314 0.56470588
v -0.11645669 -0.06165355 -0.07509494 0.57254902 0.51764706 0.45882353
v -0.12969637 -0.06165355 -0.06165355 0.58823529 0.54509804 0.49019608
v -0.03425193 -0.06165355 -0.07471079 0.66666667 0.11372549 0.08235294
v -0.02055115 -0.06165355 -0.07223117 0.66274510 0.10196078 0.07843137
v -0.00685036 -0.06165355 -0.07057440 0.65490196 0.09411765 0.07058824
v 0.00685036 -0.06165355 -0.07018715 0.63137255 0.09411765 0.06274510
v 0.02055115 -0.06165355 -0.06820238 0.62352941 0.09803922 0.06274510
v 0.03425193 -0.06682688 -0.06165355 0.63529412 0.10196078 0.06666667
v 0.03425193 -0.06165355 -0.06346154 0.63529412 0.09803922 0.06666667
v 0.04373556 -0.06165355 -0.06165355 0.63921569 0.10196078 0.07058824
v -0.12981993 -0.04795271 -0.06165355 0.55686275 0.53333333 0.48627451
v -0.02055115 -0.04795271 -0.07533550 0.65882353 0.09411765 0.07058824
v -0.00685036 -0.04795271 -0.07400066 0.64313725 0.09019608 0.06666667
v 0.00685036 -0.04795271 -0.07328761 0.63137255 0.08627451 0.05882353
v 0.02055115 -0.04795271 -0.07173026 0.63137255 0.09019608 0.05882353
v 0.03425193 -0.04795271 -0.06916636 0.63529412 0.09411765 0.06274510
v 0.04795271 -0.06002927 -0.06165355 0.64313725 0.10196078 0.07058824
v 0.04795271 -0.04795271 -0.06691605 0.64313725 0.09803922 0.06666667
v 0.06165349 -0.05812365 -0.06165355 0.65098039 0.10980392 0.07058824
v 0.06165349 -0.04795271 -0.06523484 0.64705882 0.10980392 0.06666667
v 0.07372797 -0.04795271 -0.06165355 0.65490196 0.11372549 0.07058824
v -0.12982643 -0.03425193 -0.06165355 0.55686275 0.52941176 0.48235294
v -0.00685036 -0.03425193 -0.07476586 0.63921569 0.08235294 0.06274510
v 0.00685036 -0.03425193 -0.07416737 0.62745098 0.08235294 0.05490196
v 0.02055115 -0.03425193 -0.07288551 0.62745098 0.08235294 0.05882353
v 0.03425193 -0.03425193 -0.07072067 0.62745098 0.09019608 0.05882353
v 0.04795271 -0.03425193 -0.06907946 0.63529412 0.09411765 0.06274510
v 0.06165349 -0.03425193 -0.06782794 0.63921569 0.10588235 0.06666667
v 0.07535428 -0.04582465 -0.06165355 0.65098039 0.10980392 0.07058824
v 0.07535428 -0.03425193 -0.06451201 0.64705882 0.10980392 0.07058824
v 0.08199292 -0.03425193 -0.06165355 0.65490196 0.11372549 0.07450980
v -0.12978941 -0.02055115 -0.06165355 0.58431373 0.53333333 0.47058824
v -0.00685036 -0.02055115 -0.07418346 0.63921569 0.08235294 0.06274510
v 0.00685036 -0.02055115 -0.07403266 0.61960784 0.08235294 0.05490196
v 0.02055115 -0.02055115 -0.07290781 0.61568627 0.08235294 0.05490196
v 0.03425193 -0.02055115 -0.07054836 0.62352941 0.08627451 0.05882353
v 0.04795271 -0.02055115 -0.06900764 0.62745098 0.09019608 0.06274510
v 0.06165349 -0.02055115 -0.06861395 0.62745098 0.10588235 0.06666667
v 0.07535428 -0.02055115 -0.06548518 0.63921569 0.11372549 0.07058824
v 0.08315551 -0.02055115 -0.06165355 0.64705882 0.11372549 0.07058824
v -0.12983584 -0.00685036 -0.06165355 0.59215686 0.53725490 0.46666667
v -0.02055115 -0.00685036 -0.07524669 0.65490196 0.08627451 0.06666667
v -0.00685036 -0.00685036 -0.07393014 0.63921569 0.08235294 0.06274510
v 0.00685036 -0.00685036 -0.07371712 0.61960784 0.07843137 0.05490196
v 0.02055115 -0.00685036 -0.07255459 0.61568627 0.08235294 0.05098039
v 0.03425193 -0.00685036 -0.07016081 0.62352941 0.08235294 0.05882353
v 0.04795271 -0.00685036 -0.06862545 0.62745098 0.08627451 0.06274510
v 0.06165349 -0.00685036 -0.06820935 0.62352941 0.10196078 0.06274510
v 0.07535428 -0.00685036 -0.06524146 0.63137255 0.10588235 0.06666667
v 0.08324909 -0.00685036 -0.06165355 0.64313725 0.10588235 0.06666667
v -0.12992173 0.00685036 -0.06165355 0.58039216 0.53725490 0.47450980
v -0.02055115 0.00685036 -0.07493269 0.65882353 0.08627451 0.06274510
v -0.00685036 0.00685036 -0.07372314 0.64313725 0.07843137 0.05882353
v 0.00685036 0.00685036 -0.07306623 0.62745098 0.07843137 0.05098039
v 0.02055115 0.00685036 -0.07161820 0.61568627 0.07450980 0.05098039
v 0.03425193 0.00685036 -0.06927919 0.61960784 0.07843137 0.05098039
v 0.04795271 0.00685036 -0.06759346 0.62352941 0.08627451 0.05490196
v 0.06165349 0.00685036 -0.06644744 0.62352941 0.09019608 0.05490196
v 0.07535428 0.00685036 -0.06356823 0.63529412 0.09411765 0.05882353
v 0.08139503 0.00685036 -0.06165355 0.63921569 0.09803922 0.06274510
v -0.12991601 0.02055115 -0.06165355 0.58823529 0.54117647 0.47450980
v -0.02055115 0.02055115 -0.07403523 0.66274510 0.08627451 0.06274510
v -0.00685036 0.02055115 -0.07278281 0.65098039 0.08235294 0.05882353
v 0.00685036 0.02055115 -0.07200432 0.63137255 0.07843137 0.05098039
v 0.02055115 0.02055115 -0.07043964 0.61960784 0.07450980 0.04705882
v 0.03425193 0.02055115 -0.06809926 0.62352941 0.07843137 0.05098039
v 0.04795271 0.02055115 -0.06620973 0.62352941 0.08235294 0.05490196
v 0.06165349 0.02055115 -0.06346637 0.61960784 0.08627451 0.05490196
v 0.06819099 0.02055115 -0.06165355 0.61960784 0.08627451 0.05490196
v 0.07535428 0.01335233 -0.06165355 0.62352941 0.08627451 0.05882353
v -0.40417325 0.03425193 -0.07278121 0.59215686 0.59215686 0.55686275
v -0.41525996 0.03425193 -0.06165355 0.58431373 0.58823529 0.55686275
v -0.40417325 0.02317053 -0.06165355 0.59215686 0.59607843 0.56078431
v -0.39047247 0.02193469 -0.06165355 0.59215686 0.60000000 0.56470588
v -0.39047247 0.03425193 -0.07428676 0.59215686 0.60000000 0.56078431
v -0.37677163 0.02563763 -0.06165355 0.58823529 0.60000000 0.57647059
v -0.37677163 0.03425193 -0.07031733 0.58823529 0.60000000 0.57647059
v -0.36307085 0.03001511 -0.06165355 0.58039216 0.60000000 0.58039216
v -0.36307085 0.03425193 -0.06590682 0.58039216 0.60000000 0.58431373
v -0.35321546 0.03425193 -0.06165355 0.58823529 0.60784314 0.58039216
v -0.12978691 0.03425193 -0.06165355 0.61960784 0.54509804 0.46274510
v -0.04795271 0.03425193 -0.07518351 0.67843137 0.11764706 0.08627451
v -0.03425193 0.03425193 -0.07410640 0.67843137 0.10196078 0.07058824
v -0.02055115 0.03425193 -0.07216495 0.67058824 0.09019608 0.06666667
v -0.00685036 0.03425193 -0.07075024 0.65882353 0.08235294 0.05882353
v 0.00685036 0.03425193 -0.07018077 0.63529412 0.08235294 0.05098039
v 0.02055115 0.03425193 -0.06831503 0.61568627 0.07843137 0.04705882
v 0.03425193 0.03425193 -0.06520015 0.62745098 0.07843137 0.05098039
v 0.04795271 0.03425193 -0.06299502 0.62745098 0.08235294 0.05490196
v 0.05423486 0.03425193 -0.06165355 0.62352941 0.08627451 0.05490196
v 0.06165349 0.02772725 -0.06165355 0.62352941 0.09019608 0.05490196
v -0.41744170 0.04795271 -0.06165355 0.58431373 0.58823529 0.55686275
v -0.34937006 0.03486323 -0.06165355 0.59215686 0.60784314 0.58039216
v -0.34937006 0.04795271 -0.07373458 0.59215686 0.61176471 0.58039216
v -0.33566928 0.03710759 -0.06165355 0.60000000 0.61568627 0.58039216
v -0.33566928 0.04795271 -0.07146209 0.60392157 0.61960784 0.58431373
v -0.32196850 0.03920537 -0.06165355 0.58431373 0.61960784 0.60000000
v -0.32196850 0.04795271 -0.06973338 0.58823529 0.61960784 0.60000000
v -0.30826771 0.04389393 -0.06165355 0.58039216 0.61960784 0.60392157
v -0.30826771 0.04795271 -0.06571829 0.58039216 0.61960784 0.60392157
v -0.30183703 0.04795271 -0.06165355 0.58431373 0.61960784 0.59607843
v -0.12970781 0.04795271 -0.06165355 0.62745098 0.55294118 0.46666667
v -0.07535434 0.04795271 -0.07521355 0.62352941 0.21176471 0.18823529
v -0.06165355 0.04795271 -0.07405663 0.65490196 0.14117647 0.12549020
v -0.04795271 0.04795271 -0.07349372 0.67450980 0.11764706 0.09019608
v -0.03425193 0.04795271 -0.07212633 0.67843137 0.10588235 0.07450980
v -0.02055115 0.04795271 -0.06972373 0.67450980 0.09411765 0.07058824
v -0.00685036 0.04795271 -0.06804365 0.66666667 0.08627451 0.06274510
v 0.00685036 0.04795271 -0.06720322 0.63921569 0.08235294 0.05490196
v 0.02055115 0.04795271 -0.06529003 0.62352941 0.07843137 0.05098039
v 0.03425193 0.04795271 -0.06188530 0.62745098 0.07843137 0.05098039
v 0.03520322 0.04795271 -0.06165355 0.62745098 0.07843137 0.05098039
v 0.04795271 0.03835648 -0.06165355 0.62352941 0.08235294 0.05490196
v -0.41759354 0.06165349 -0.06165355 0.59215686 0.59215686 0.55686275
v -0.32196850 0.06165349 -0.07406139 0.58431373 0.61960784 0.59607843
v -0.30826771 0.06165349 -0.07237929 0.57647059 0.61176471 0.59607843
v -0.29456693 0.05000883 -0.06165355 0.59215686 0.61568627 0.57647059
v -0.29456693 0.06165349 -0.07166964 0.58823529 0.61176471 0.57647059
v -0.28148890 0.06165349 -0.06165355 0.59607843 0.60392157 0.54901961
v -0.11645669 0.06165349 -0.07499605 0.59215686 0.54509804 0.47058824
v -0.12967902 0.06165349 -0.06165355 0.60784314 0.55686275 0.48627451
v -0.07535434 0.06165349 -0.07481790 0.61568627 0.20392157 0.18431373
v -0.06165355 0.06165349 -0.07345533 0.63921569 0.13725490 0.11764706
v -0.04795271 0.06165349 -0.07251275 0.67058824 0.11764706 0.09019608
v -0.03425193 0.06165349 -0.07056564 0.68235294 0.10588235 0.07450980
v -0.02055115 0.06165349 -0.06797606 0.67843137 0.09411765 0.07058824
v -0.00685036 0.06165349 -0.06597424 0.66666667 0.08627451 0.06274510
v 0.00685036 0.06165349 -0.06487483 0.65098039 0.08235294 0.05490196
v 0.01920885 0.06165349 -0.06165355 0.63921569 0.07843137 0.05098039
v 0.02055115 0.06043440 -0.06165355 0.63529412 0.07843137 0.05098039
v 0.03425193 0.04861367 -0.06165355 0.62745098 0.07843137 0.05098039
v -0.41761512 0.07535428 -0.06165355 0.59215686 0.59215686 0.56078431
v -0.30826771 0.07535428 -0.07397509 0.57647059 0.61176471 0.59215686
v -0.29456693 0.07535428 -0.07371664 0.58039216 0.60784314 0.57647059
v -0.28086615 0.06242961 -0.06165355 0.59215686 0.60392157 0.54901961
v -0.28086615 0.07535428 -0.07102197 0.59607843 0.60392157 0.54901961
v -0.26927757 0.07535428 -0.06165355 0.56470588 0.58823529 0.56862745
v -0.11645669 0.07535428 -0.07464099 0.61176471 0.54901961 0.46666667
v -0.12938362 0.07535428 -0.06165355 0.61568627 0.56078431 0.48627451
v -0.10275590 0.07535428 -0.07507503 0.60392157 0.46666667 0.38039216
v -0.08905512 0.07535428 -0.07506341 0.85882353 0.68235294 0.57254902
v -0.07535434 0.07535428 -0.07309991 0.61960784 0.21568627 0.19607843
v -0.06165355 0.07535428 -0.07139957 0.63529412 0.13725490 0.12156863
v -0.04795271 0.07535428 -0.06992650 0.66666667 0.12156863 0.09411765
v -0.03425193 0.07535428 -0.06775045 0.67843137 0.10980392 0.07843137
v -0.02055115 0.07535428 -0.06455690 0.67843137 0.09803922 0.07450980
v -0.00685036 0.07535428 -0.06173968 0.66274510 0.09019608 0.06666667
v -0.00628167 0.07535428 -0.06165355 0.66274510 0.09019608 0.06666667
v 0.00685036 0.07075226 -0.06165355 0.65098039 0.08235294 0.05490196
v -0.41764870 0.08905506 -0.06165355 0.58823529 0.59215686 0.56470588
v -0.30826771 0.08905506 -0.07416028 0.57647059 0.61176471 0.59215686
v -0.29456693 0.08905506 -0.07384342 0.58823529 0.61176471 0.57647059
v -0.28086615 0.08905506 -0.07140994 0.60392157 0.60000000 0.54509804
v -0.26742846 0.08905506 -0.06165355 0.56470588 0.58823529 0.57254902
v -0.11645669 0.08905506 -0.07344830 0.65882353 0.54509804 0.44313725
v -0.12817299 0.08905506 -0.06165355 0.64313725 0.56470588 0.47450980
v -0.10275590 0.08905506 -0.07370585 0.63921569 0.47843137 0.37647059
v -0.08905512 0.08905506 -0.07245976 0.70980392 0.55686275 0.47843137
v -0.07535434 0.08905506 -0.06914586 0.70588235 0.31372549 0.27843137
v -0.06165355 0.08905506 -0.06631428 0.63137255 0.14901961 0.13725490
v -0.04795271 0.08905506 -0.06440139 0.65882353 0.12549020 0.10196078
v -0.03640711 0.08905506 -0.06165355 0.66666667 0.11372549 0.08627451
v -0.03425193 0.08820534 -0.06165355 0.67058824 0.11372549 0.08627451
v -0.02055115 0.08096117 -0.06165355 0.67450980 0.10196078 0.07450980
v -0.00685036 0.07551503 -0.06165355 0.66274510 0.09019608 0.06666667
v -0.41761997 0.10275584 -0.06165355 0.59215686 0.59215686 0.56078431
v -0.32196850 0.10275584 -0.07505995 0.58431373 0.61568627 0.58823529
v -0.30826771 0.10275584 -0.07344180 0.57254902 0.60784314 0.58823529
v -0.29456693 0.10275584 -0.07337725 0.58039216 0.60392157 0.57647059
v -0.28086615 0.10275584 -0.06845117 0.60000000 0.59607843 0.54901961
v -0.27285051 0.10275584 -0.06165355 0.56862745 0.59215686 0.56862745
v -0.11645669 0.10275584 -0.06986994 0.66274510 0.54901961 0.44313725
v -0.12456435 0.10275584 -0.06165355 0.64313725 0.56470588 0.47450980
v -0.10275590 0.10275584 -0.07098824 0.65882353 0.48627451 0.37647059
v -0.08905512 0.10275584 -0.06904465 0.61960784 0.47843137 0.40784314
v -0.07535434 0.10275584 -0.06408566 0.87058824 0.60000000 0.50196078
v -0.06797266 0.10275584 -0.06165355 0.64705882 0.22352941 0.20392157
v -0.06165355 0.09894276 -0.06165355 0.62352941 0.16078431 0.14901961
v -0.04795271 0.09458709 -0.06165355 0.65098039 0.12941176 0.10588235
v -0.41753158 0.11645675 -0.06165355 0.59607843 0.59215686 0.55686275
v -0.33566928 0.11645675 -0.07529134 0.58823529 0.61176471 0.57647059
v -0.32196850 0.11645675 -0.07320178 0.57647059 0.60392157 0.57254902
v -0.30826771 0.11645675 -0.07184494 0.56862745 0.60000000 0.57254902
v -0.29456693 0.11645675 -0.06967241 0.56470588 0.59607843 0.56470588
v -0.28566986 0.11645675 -0.06165355 0.56862745 0.59607843 0.55686275
v -0.28086615 0.11046487 -0.06165355 0.57647059 0.59607843 0.55686275
v -0.11645669 0.11242288 -0.06165355 0.63529412 0.56078431 0.46274510
v -0.10275590 0.11645675 -0.06232798 0.64705882 0.50196078 0.39607843
v -0.10385638 0.11645675 -0.06165355 0.64705882 0.50588235 0.40000000
v -0.09005976 0.11645675 -0.06165355 0.61176471 0.44313725 0.36862745
v -0.08905512 0.11640674 -0.06165355 0.60784314 0.44313725 0.36862745
v -0.07535434 0.10691679 -0.06165355 0.90980392 0.71372549 0.60000000
v -0.40417325 0.13015747 -0.07471210 0.60000000 0.60000000 0.56078431
v -0.41714638 0.13015747 -0.06165355 0.59607843 0.59607843 0.55686275
v -0.34937006 0.13015747 -0.07407868 0.58823529 0.60392157 0.56470588
v -0.33566928 0.13015747 -0.07158548 0.59215686 0.61176471 0.56862745
v -0.32196850 0.13015747 -0.07009035 0.57647059 0.60000000 0.56862745
v -0.30826771 0.13015747 -0.06352270 0.56470588 0.59607843 0.56470588
v -0.30558378 0.13015747 -0.06165355 0.56470588 0.59215686 0.56470588
v -0.29456693 0.12586862 -0.06165355 0.56078431 0.59215686 0.56078431
v -0.10275590 0.11731362 -0.06165355 0.64705882 0.50196078 0.39607843
v -0.40417325 0.14385831 -0.06936800 0.60392157 0.60000000 0.55686275
v -0.41176218 0.14385831 -0.06165355 0.60000000 0.59607843 0.55686275
v -0.37677163 0.14385831 -0.07398200 0.58823529 0.59607843 0.56078431
v -0.36307085 0.14385831 -0.07097656 0.58431373 0.59607843 0.56470588
v -0.34937006 0.14385831 -0.06749028 0.59607843 0.60392157 0.56470588
v -0.33771348 0.14385831 -0.06165355 0.59607843 0.61176471 0.56470588
v -0.33566928 0.14309120 -0.06165355 0.59607843 0.61176471 0.56470588
v -0.32196850 0.13950539 -0.06165355 0.57647059 0.60000000 0.56470588
v -0.30826771 0.13203549 -0.06165355 0.56470588 0.59215686 0.56470588
v -0.40417325 0.15165424 -0.06165355 0.60392157 0.60000000 0.55686275
v -0.39047247 0.15755904 -0.06282026 0.60000000 0.60392157 0.56078431
v -0.39163461 0.15755904 -0.06165355 0.60000000 0.60392157 0.56078431
v -0.38886419 0.15755904 -0.06165355 0.60000000 0.60000000 0.56078431
v -0.37677163 0.15617228 -0.06165355 0.59215686 0.59607843 0.56078431
v -0.36307085 0.15343583 -0.06165355 0.58431373 0.59607843 0.56470588
v -0.34937006 0.14976871 -0.06165355 0.59215686 0.60392157 0.56078431
v -0.39047247 0.15876389 -0.06165355 0.60000000 0.60392157 0.56078431
v -0.39047247 -0.18496066 -0.05186921 0.60392157 0.61568627 0.57254902
v -0.39546770 -0.18496066 -0.04795271 0.60392157 0.61960784 0.57254902
v -0.39047247 -0.18888223 -0.04795271 0.60000000 0.61960784 0.58039216
v -0.37677163 -0.18798256 -0.04795271 0.59215686 0.61568627 0.58039216
v -0.37677163 -0.18496066 -0.05104506 0.59215686 0.61568627 0.58039216
v -0.36452800 -0.18496066 -0.04795271 0.58823529 0.61176471 0.58431373
v -0.40417325 -0.17125988 -0.06122941 0.60000000 0.60392157 0.56078431
v -0.41712418 -0.17125988 -0.04795271 0.59215686 0.59215686 0.55686275
v -0.40417325 -0.18442672 -0.04795271 0.60000000 0.60784314 0.56862745
v -0.36307085 -0.18483424 -0.04795271 0.58823529 0.61176471 0.58431373
v -0.36307085 -0.17125988 -0.06144756 0.58823529 0.61176471 0.58431373
v -0.34937006 -0.18187100 -0.04795271 0.58823529 0.61960784 0.58431373
v -0.34937006 -0.17125988 -0.05861157 0.59215686 0.61568627 0.58431373
v -0.33566928 -0.17861485 -0.04795271 0.58823529 0.62352941 0.58431373
v -0.33566928 -0.17125988 -0.05528408 0.59215686 0.62352941 0.58431373
v -0.32196850 -0.17147326 -0.04795271 0.57647059 0.61960784 0.58823529
v -0.32196850 -0.17125988 -0.04816771 0.57647059 0.61960784 0.58823529
v -0.32166564 -0.17125988 -0.04795271 0.57647059 0.61960784 0.58823529
v -0.41768807 -0.15755904 -0.04795271 0.58823529 0.59215686 0.55686275
v -0.32196850 -0.15755904 -0.05887723 0.58039216 0.62352941 0.59607843
v -0.30826771 -0.16578072 -0.04795271 0.56862745 0.61176471 0.58823529
v -0.30826771 -0.15755904 -0.05491573 0.57254902 0.61568627 0.59607843
v -0.29623145 -0.15755904 -0.04795271 0.56470588 0.61568627 0.58823529
v -0.41784292 -0.14385825 -0.04795271 0.58431373 0.58823529 0.55686275
v -0.30826771 -0.14385825 -0.05925512 0.58039216 0.62352941 0.60392157
v -0.29456693 -0.15680450 -0.04795271 0.56078431 0.61960784 0.58823529
v -0.29456693 -0.14385825 -0.05766684 0.57647059 0.62352941 0.59215686
v -0.28185004 -0.14385825 -0.04795271 0.55294118 0.61568627 0.58039216
v -0.11645669 -0.14385825 -0.05695349 0.46666667 0.49019608 0.47058824
v -0.12532729 -0.14385825 -0.04795271 0.43921569 0.47843137 0.45882353
v -0.11645669 -0.15390456 -0.04795271 0.40000000 0.44705882 0.43137255
v -0.10275590 -0.15687144 -0.04795271 0.49411765 0.46274510 0.42745098
v -0.10275590 -0.14385825 -0.05881947 0.49411765 0.45490196 0.41568627
v -0.08905512 -0.15560943 -0.04795271 0.45490196 0.40784314 0.36862745
v -0.08905512 -0.14385825 -0.05714679 0.41176471 0.36862745 0.33333333
v -0.07535434 -0.15247160 -0.04795271 0.33333333 0.32941176 0.32549020
v -0.07535434 -0.14385825 -0.05447447 0.40784314 0.38431373 0.36862745
v -0.06165355 -0.14882439 -0.04795271 0.80000000 0.74117647 0.67058824
v -0.06165355 -0.14385825 -0.05181777 0.75294118 0.64313725 0.58039216
v -0.04795271 -0.14475536 -0.04795271 0.61960784 0.24705882 0.21960784
v -0.04795271 -0.14385825 -0.04870033 0.61960784 0.24313725 0.21568627
v -0.04542124 -0.14385825 -0.04795271 0.63529412 0.22352941 0.20000000
v -0.41787404 -0.13015747 -0.05348152 0.58823529 0.59215686 0.56078431
v -0.42332694 -0.13015747 -0.04795271 0.58431373 0.58823529 0.55686275
v -0.41787404 -0.14012289 -0.04795271 0.58431373 0.58823529 0.55686275
v -0.30826771 -0.13015747 -0.06098104 0.58431373 0.63137255 0.61176471
v -0.29456693 -0.13015747 -0.05925202 0.58823529 0.62352941 0.59215686
v -0.28086615 -0.14218354 -0.04795271 0.55686275 0.61568627 0.57647059
v -0.28086615 -0.13015747 -0.05584925 0.59215686 0.61568627 0.56078431
v -0.27298754 -0.13015747 -0.04795271 0.56078431 0.60392157 0.57647059
v -0.11645669 -0.13015747 -0.05940628 0.58431373 0.54117647 0.49019608
v -0.12777579 -0.13015747 -0.04795271 0.55686275 0.53725490 0.49803922
v -0.10275590 -0.13015747 -0.06118566 0.46666667 0.42745098 0.38823529
v -0.08905512 -0.13015747 -0.06042761 0.29803922 0.26666667 0.25098039
v -0.07535434 -0.13015747 -0.05836511 0.72549020 0.59607843 0.55294118
v -0.06165355 -0.13015747 -0.05670249 0.63921569 0.38431373 0.33725490
v -0.04795271 -0.13015747 -0.05509037 0.62745098 0.22352941 0.18823529
v -0.03425193 -0.13929969 -0.04795271 0.65490196 0.17647059 0.15294118
v -0.03425193 -0.13015747 -0.05283040 0.65490196 0.16862745 0.14117647
v -0.02055115 -0.13317853 -0.04795271 0.65882353 0.15686275 0.12549020
v -0.02055115 -0.13015747 -0.04985905 0.65882353 0.15294118 0.12156863
v -0.01228642 -0.13015747 -0.04795271 0.65882353 0.14509804 0.10980392
v -0.41787404 -0.11645669 -0.05554503 0.58823529 0.59215686 0.56078431
v -0.42533174 -0.11645669 -0.04795271 0.58431373 0.58823529 0.55686275
v -0.29456693 -0.11645669 -0.05980092 0.59215686 0.62745098 0.59215686
v -0.28086615 -0.11645669 -0.05741489 0.60000000 0.61568627 0.56078431
v -0.27137679 -0.11645669 -0.04795271 0.56470588 0.60000000 0.57647059
v -0.11645669 -0.11645669 -0.06113660 0.58823529 0.54117647 0.48627451
v -0.12906241 -0.11645669 -0.04795271 0.56470588 0.54117647 0.50196078
v -0.06165355 -0.11645669 -0.06069046 0.60784314 0.29411765 0.25490196
v -0.04795271 -0.11645669 -0.05966717 0.63529412 0.20000000 0.16078431
v -0.03425193 -0.11645669 -0.05801058 0.65882353 0.15686275 0.12156863
v -0.02055115 -0.11645669 -0.05582553 0.67058824 0.13725490 0.10980392
v -0.00685036 -0.12843120 -0.04795271 0.66274510 0.13725490 0.10588235
v -0.00685036 -0.11645669 -0.05427015 0.67058824 0.12549020 0.09411765
v 0.00685036 -0.12498838 -0.04795271 0.66666667 0.12549020 0.09019608
v 0.00685036 -0.11645669 -0.05318862 0.66274510 0.11764706 0.08627451
v 0.02055115 -0.12097400 -0.04795271 0.66274510 0.11764706 0.08235294
v 0.02055115 -0.11645669 -0.05147451 0.65882353 0.11372549 0.07843137
v 0.03425193 -0.11793333 -0.04795271 0.65490196 0.10980392 0.07450980
v 0.03425193 -0.11645669 -0.04923016 0.65490196 0.10980392 0.07450980
v 0.03868908 -0.11645669 -0.04795271 0.65098039 0.10588235 0.07058824
v -0.41787404 -0.10275590 -0.05560178 0.58823529 0.59215686 0.56078431
v -0.42546612 -0.10275590 -0.04795271 0.58431373 0.58823529 0.55686275
v -0.30826771 -0.10275590 -0.06136358 0.58039216 0.62352941 0.60392157
v -0.29456693 -0.10275590 -0.05923796 0.58823529 0.62352941 0.59215686
v -0.28086615 -0.10275590 -0.05542254 0.58431373 0.61568627 0.56470588
v -0.27330893 -0.10275590 -0.04795271 0.56078431 0.60392157 0.57647059
v -0.12978834 -0.10275590 -0.04795271 0.50196078 0.50980392 0.48235294
v -0.00685036 -0.10275590 -0.06094253 0.66666667 0.11372549 0.08627451
v 0.00685036 -0.10275590 -0.06007516 0.65490196 0.10980392 0.07450980
v 0.02055115 -0.10275590 -0.05834490 0.64705882 0.10196078 0.07058824
v 0.03425193 -0.10275590 -0.05647147 0.63921569 0.09803922 0.06666667
v 0.04795271 -0.11352229 -0.04795271 0.63921569 0.10196078 0.06666667
v 0.04795271 -0.10275590 -0.05450141 0.63529412 0.09803922 0.06666667
v 0.06165349 -0.10820419 -0.04795271 0.64313725 0.10196078 0.06666667
v 0.06165349 -0.10275590 -0.05149019 0.64705882 0.10196078 0.06666667
v 0.07131690 -0.10275590 -0.04795271 0.65098039 0.10196078 0.07058824
v -0.41787404 -0.09367263 -0.04795271 0.58431373 0.58823529 0.55294118
v -0.41776264 -0.08905512 -0.04795271 0.58431373 0.58823529 0.55686275
v -0.32196850 -0.08905512 -0.06026024 0.58823529 0.62745098 0.60784314
v -0.30826771 -0.08905512 -0.05813581 0.57647059 0.61960784 0.60000000
v -0.29456693 -0.08905512 -0.05628091 0.58039216 0.62352941 0.59215686
v -0.28314382 -0.08905512 -0.04795271 0.55686275 0.61568627 0.57647059
v -0.28086615 -0.09185332 -0.04795271 0.55686275 0.61176471 0.57647059
v -0.13009918 -0.08905512 -0.04795271 0.50588235 0.51372549 0.48627451
v 0.03425193 -0.08905512 -0.05993366 0.63137255 0.09803922 0.06274510
v 0.04795271 -0.08905512 -0.05810690 0.63921569 0.10196078 0.06666667
v 0.06165349 -0.08905512 -0.05528152 0.64705882 0.10588235 0.06666667
v 0.07535428 -0.09881335 -0.04795271 0.65490196 0.10196078 0.07058824
v 0.07535428 -0.08905512 -0.05172360 0.65882353 0.10588235 0.07058824
v 0.08905506 -0.08909315 -0.04795271 0.66666667 0.10980392 0.07450980
v 0.08905506 -0.08905512 -0.04797393 0.66666667 0.10980392 0.07450980
v 0.08910364 -0.08905512 -0.04795271 0.66666667 0.10980392 0.07450980
v -0.40417325 -0.07535434 -0.06077266 0.59607843 0.60000000 0.56470588
v -0.41674018 -0.07535434 -0.04795271 0.58431373 0.59215686 0.55686275
v -0.37677163 -0.07535434 -0.06111372 0.58823529 0.60784314 0.58431373
v -0.36307085 -0.07535434 -0.05861592 0.58431373 0.60784314 0.59215686
v -0.34937006 -0.07535434 -0.05526364 0.59215686 0.61960784 0.59215686
v -0.33566928 -0.07535434 -0.05213791 0.59215686 0.62352941 0.59607843
v -0.32196850 -0.07535434 -0.05046612 0.58431373 0.62352941 0.60392157
v -0.30934423 -0.07535434 -0.04795271 0.57647059 0.61960784 0.60000000
v -0.30826771 -0.07547152 -0.04795271 0.57647059 0.61960784 0.60000000
v -0.29456693 -0.07923234 -0.04795271 0.56862745 0.61960784 0.59215686
v -0.13015747 -0.07535434 -0.05025369 0.56470588 0.54117647 0.49411765
v -0.13238752 -0.07535434 -0.04795271 0.56078431 0.53725490 0.49411765
v -0.13015747 -0.08227682 -0.04795271 0.54509804 0.53333333 0.49411765
v 0.03425193 -0.07535434 -0.06067139 0.63529412 0.10196078 0.06666667
v 0.04795271 -0.07535434 -0.05973893 0.64313725 0.10588235 0.07058824
v 0.06165349 -0.07535434 -0.05834216 0.65098039 0.11372549 0.07058824
v 0.07535428 -0.07535434 -0.05621976 0.66666667 0.11764706 0.07450980
v 0.08905506 -0.07535434 -0.05390573 0.67843137 0.11764706 0.07450980
v 0.10275584 -0.07694191 -0.04795271 0.69019608 0.12156863 0.07843137
v 0.10275584 -0.07535434 -0.04870754 0.69019608 0.12156863 0.07843137
v 0.10443258 -0.07535434 -0.04795271 0.69411765 0.12156863 0.07843137
v -0.40417325 -0.06276244 -0.04795271 0.58823529 0.60000000 0.56078431
v -0.39047247 -0.06288201 -0.04795271 0.59215686 0.60784314 0.57254902
v -0.37677163 -0.06463718 -0.04795271 0.58431373 0.60392157 0.58039216
v -0.36307085 -0.06684107 -0.04795271 0.58039216 0.60784314 0.58823529
v -0.34937006 -0.06882352 -0.04795271 0.58823529 0.61568627 0.59215686
v -0.33566928 -0.07124579 -0.04795271 0.59215686 0.62352941 0.59607843
v -0.32196850 -0.07283062 -0.04795271 0.58431373 0.62352941 0.60000000
v -0.13015747 -0.06165355 -0.05440193 0.56862745 0.54117647 0.49019608
v -0.13649863 -0.06165355 -0.04795271 0.56470588 0.53725490 0.49411765
v 0.04795271 -0.06165355 -0.06140256 0.64313725 0.10196078 0.07058824
v 0.06165349 -0.06165355 -0.06120461 0.65098039 0.11372549 0.07058824
v 0.07535428 -0.06165355 -0.05954659 0.66274510 0.11764706 0.07450980
v 0.08905506 -0.06165355 -0.05680352 0.67843137 0.11764706 0.07843137
v 0.10275584 -0.06165355 -0.05412847 0.69411765 0.12156863 0.07843137
v 0.11645675 -0.06707305 -0.04795271 0.71372549 0.12941176 0.08235294
v 0.11645675 -0.06165355 -0.05106270 0.70980392 0.12941176 0.08235294
v 0.12378806 -0.06165355 -0.04795271 0.72156863 0.12941176 0.08235294
v -0.13015747 -0.04795271 -0.05731189 0.54509804 0.52941176 0.49019608
v -0.13946193 -0.04795271 -0.04795271 0.56078431 0.53333333 0.49019608
v 0.07535428 -0.04795271 -0.06148398 0.65490196 0.11372549 0.07450980
v 0.08905506 -0.04795271 -0.05944079 0.66666667 0.11764706 0.07450980
v 0.10275584 -0.04795271 -0.05806667 0.68627451 0.12156863 0.07843137
v 0.11645675 -0.04795271 -0.05649549 0.70588235 0.12549020 0.07843137
v 0.13015747 -0.05770296 -0.04795271 0.72549020 0.12941176 0.08235294
v 0.13015747 -0.04795271 -0.05337322 0.72156863 0.12549020 0.08235294
v 0.14385831 -0.04945034 -0.04795271 0.73333333 0.12941176 0.08235294
v 0.14385831 -0.04795271 -0.04885077 0.73333333 0.12941176 0.08627451
v 0.14659584 -0.04795271 -0.04795271 0.73725490 0.13333333 0.08627451
v -0.13015747 -0.03425193 -0.05810910 0.54901961 0.52549020 0.48627451
v -0.14028066 -0.03425193 -0.04795271 0.56470588 0.53333333 0.48627451
v 0.08905506 -0.03425193 -0.06059736 0.65882353 0.11372549 0.07450980
v 0.10275584 -0.03425193 -0.05945361 0.67843137 0.11764706 0.07843137
v 0.11645675 -0.03425193 -0.05829602 0.70196078 0.12156863 0.07843137
v 0.13015747 -0.03425193 -0.05591178 0.71764706 0.12549020 0.07843137
v 0.14385831 -0.03425193 -0.05263251 0.72941176 0.12549020 0.08235294
v 0.15755904 -0.03811145 -0.04795271 0.74901961 0.13725490 0.08627451
v 0.15755904 -0.03425193 -0.04932368 0.74509804 0.12941176 0.08627451
v 0.15924954 -0.03425193 -0.04795271 0.74509804 0.12941176 0.08627451
v -0.13015747 -0.02055115 -0.05813700 0.57647059 0.53333333 0.47450980
v -0.14030248 -0.02055115 -0.04795271 0.57254902 0.54117647 0.49019608
v 0.08905506 -0.02055115 -0.06058383 0.65490196 0.11372549 0.07450980
v 0.10275584 -0.02055115 -0.05948347 0.67450980 0.11764706 0.07450980
v 0.11645675 -0.02055115 -0.05864167 0.69411765 0.12549020 0.07843137
v 0.13015747 -0.02055115 -0.05652511 0.70980392 0.12549020 0.07843137
v 0.14385831 -0.02055115 -0.05328196 0.72941176 0.12941176 0.08235294
v 0.15755904 -0.02055115 -0.04965204 0.74117647 0.13333333 0.08627451
v 0.15940559 -0.02055115 -0.04795271 0.74509804 0.13333333 0.08627451
v -0.13015747 -0.00685036 -0.05882651 0.58823529 0.53333333 0.47058824
v -0.14099437 -0.00685036 -0.04795271 0.57647059 0.54117647 0.49019608
v 0.08905506 -0.00685036 -0.06069404 0.65098039 0.10588235 0.07058824
v 0.10275584 -0.00685036 -0.05961311 0.67058824 0.11372549 0.07058824
v 0.11645675 -0.00685036 -0.05863065 0.68627451 0.11764706 0.07450980
v 0.13015747 -0.00685036 -0.05639172 0.70588235 0.12156863 0.07450980
v 0.14385831 -0.00685036 -0.05372030 0.72156863 0.12549020 0.07843137
v 0.15755904 -0.00685036 -0.04946065 0.73725490 0.12941176 0.08235294
v 0.15916562 -0.00685036 -0.04795271 0.73725490 0.12941176 0.08235294
v -0.13015747 0.00685036 -0.05984843 0.57647059 0.53725490 0.47843137
v -0.14202583 0.00685036 -0.04795271 0.58431373 0.53725490 0.47843137
v 0.08905506 0.00685036 -0.06072867 0.64705882 0.09803922 0.06274510
v 0.10275584 0.00685036 -0.05904371 0.66274510 0.10588235 0.06666667
v 0.11645675 0.00685036 -0.05601525 0.68235294 0.10980392 0.06666667
v 0.13015747 0.00685036 -0.05343866 0.69803922 0.10980392 0.07058824
v 0.14385831 0.00685036 -0.05249006 0.71372549 0.11372549 0.07058824
v 0.15708268 0.00685036 -0.04795271 0.72941176 0.11764706 0.07450980
v 0.15755904 0.00511748 -0.04795271 0.72941176 0.11764706 0.07450980
v -0.13015747 0.02055115 -0.06001627 0.58431373 0.54117647 0.47843137
v -0.14219302 0.02055115 -0.04795271 0.59215686 0.54117647 0.47843137
v 0.07535428 0.02055115 -0.06087774 0.63137255 0.09019608 0.05882353
v 0.08905506 0.02055115 -0.05919504 0.64313725 0.09803922 0.06274510
v 0.10275584 0.02055115 -0.05726385 0.66274510 0.10196078 0.06274510
v 0.11645675 0.02055115 -0.05298740 0.67843137 0.10588235 0.06666667
v 0.13015747 0.02055115 -0.05049282 0.69411765 0.10588235 0.06666667
v 0.14385831 0.02055115 -0.04928905 0.70980392 0.10980392 0.07058824
v 0.14696968 0.02055115 -0.04795271 0.70980392 0.11372549 0.07058824
v -0.41753224 0.03425193 -0.04795271 0.58039216 0.58039216 0.54901961
v -0.40417325 0.02091116 -0.04795271 0.58431373 0.59215686 0.55686275
v -0.39047247 0.02118921 -0.04795271 0.58431373 0.60000000 0.56470588
v -0.37677163 0.02264571 -0.04795271 0.58039216 0.59607843 0.56862745
v -0.36307085 0.02436936 -0.04795271 0.57647059 0.59607843 0.57254902
v -0.34937006 0.02576053 -0.04795271 0.58039216 0.60392157 0.58039216
v -0.34937006 0.03425193 -0.06033564 0.59215686 0.60784314 0.58039216
v -0.33566928 0.02696574 -0.04795271 0.58431373 0.61568627 0.58823529
v -0.33566928 0.03425193 -0.05717069 0.59607843 0.61568627 0.58431373
v -0.32196850 0.02733511 -0.04795271 0.58039216 0.61568627 0.59215686
v -0.32196850 0.03425193 -0.05564970 0.58431373 0.61568627 0.59607843
v -0.30826771 0.02845216 -0.04795271 0.57254902 0.61176471 0.59215686
v -0.30826771 0.03425193 -0.05380708 0.57647059 0.61568627 0.60000000
v -0.29456693 0.03243089 -0.04795271 0.57254902 0.61176471 0.58431373
v -0.29456693 0.03425193 -0.04979056 0.57647059 0.61176471 0.58039216
v -0.29240358 0.03425193 -0.04795271 0.57254902 0.61176471 0.57647059
v -0.13015747 0.03425193 -0.05938536 0.61568627 0.54509804 0.46666667
v -0.14154685 0.03425193 -0.04795271 0.60000000 0.55294118 0.48235294
v 0.06165349 0.03425193 -0.06107986 0.62352941 0.09019608 0.05490196
v 0.07535428 0.03425193 -0.05985183 0.63137255 0.09803922 0.05882353
v 0.08905506 0.03425193 -0.05814070 0.64705882 0.09803922 0.06274510
v 0.10275584 0.03425193 -0.05621523 0.66274510 0.10196078 0.06666667
v 0.11645675 0.03425193 -0.05153769 0.67843137 0.10980392 0.06666667
v 0.12927461 0.03425193 -0.04795271 0.69411765 0.10980392 0.06666667
v 0.13015747 0.03297091 -0.04795271 0.69411765 0.10980392 0.06666667
v 0.14385831 0.02531487 -0.04795271 0.70980392 0.10980392 0.07058824
v -0.41787404 0.04795271 -0.05195540 0.58039216 0.58431373 0.55294118
v -0.42191091 0.04795271 -0.04795271 0.58039216 0.58039216 0.54901961
v -0.41787404 0.04378611 -0.04795271 0.58039216 0.58431373 0.55294118
v -0.29456693 0.04795271 -0.06076533 0.59215686 0.61568627 0.58039216
v -0.28086615 0.03774530 -0.04795271 0.57647059 0.60392157 0.56470588
v -0.28086615 0.04795271 -0.05769539 0.59607843 0.60784314 0.55294118
v -0.27014244 0.04795271 -0.04795271 0.56470588 0.59607843 0.57254902
v -0.25346458 0.04795271 -0.04983318 0.56470588 0.58823529 0.57647059
v -0.25608999 0.04795271 -0.04795271 0.56078431 0.58431373 0.57647059
v -0.25346458 0.04608095 -0.04795271 0.56470588 0.58823529 0.57647059
v -0.24856144 0.04795271 -0.04795271 0.56862745 0.58823529 0.56862745
v -0.13015747 0.04795271 -0.05844527 0.61960784 0.55294118 0.47058824
v -0.14058346 0.04795271 -0.04795271 0.61176471 0.55686275 0.48235294
v 0.04795271 0.04795271 -0.06050813 0.62745098 0.08235294 0.05490196
v 0.06165349 0.04795271 -0.05926806 0.62352941 0.09019608 0.05490196
v 0.07535428 0.04795271 -0.05760467 0.63137255 0.09411765 0.05882353
v 0.08905506 0.04795271 -0.05589950 0.64705882 0.09411765 0.06274510
v 0.10275584 0.04795271 -0.05366641 0.66274510 0.09803922 0.06274510
v 0.11468667 0.04795271 -0.04795271 0.67058824 0.10196078 0.06666667
v 0.11645675 0.04469889 -0.04795271 0.67450980 0.10588235 0.06666667
v -0.41787404 0.06165349 -0.05807602 0.58823529 0.58823529 0.55686275
v -0.42797974 0.06165349 -0.04795271 0.58823529 0.58823529 0.55294118
v -0.28086615 0.06165349 -0.06154597 0.59215686 0.60392157 0.54901961
v -0.26716530 0.05184549 -0.04795271 0.56078431 0.59215686 0.57647059
v -0.26716530 0.06165349 -0.05703402 0.56078431 0.58823529 0.57254902
v -0.25346458 0.06165349 -0.06000286 0.55294118 0.58431373 0.57254902
v -0.23976380 0.04919094 -0.04795271 0.57647059 0.59215686 0.56470588
v -0.23976380 0.06165349 -0.05809695 0.56862745 0.58823529 0.57254902
v -0.22606301 0.05179018 -0.04795271 0.58431373 0.59215686 0.56470588
v -0.22606301 0.06165349 -0.05551529 0.57647059 0.58823529 0.57254902
v -0.21236223 0.05796635 -0.04795271 0.59215686 0.59215686 0.56862745
v -0.21236223 0.06165349 -0.05031580 0.58823529 0.59215686 0.56862745
v -0.20777559 0.06165349 -0.04795271 0.59215686 0.58823529 0.56470588
v -0.13015747 0.06165349 -0.05690664 0.60392157 0.55686275 0.49019608
v -0.13900930 0.06165349 -0.04795271 0.61176471 0.55686275 0.48627451
v 0.02055115 0.06165349 -0.06149828 0.63529412 0.07843137 0.05098039
v 0.03425193 0.06165349 -0.05990815 0.62745098 0.07450980 0.05098039
v 0.04795271 0.06165349 -0.05837440 0.62745098 0.07843137 0.05098039
v 0.06165349 0.06165349 -0.05601752 0.62745098 0.08235294 0.05490196
v 0.07535428 0.06165349 -0.05372876 0.63137255 0.08627451 0.05490196
v 0.08905506 0.06165349 -0.05184793 0.63921569 0.09019608 0.05882353
v 0.10035193 0.06165349 -0.04795271 0.64705882 0.09019608 0.05882353
v 0.10275584 0.06008250 -0.04795271 0.65098039 0.09411765 0.05882353
v -0.41787404 0.07535428 -0.05883449 0.59215686 0.59215686 0.55686275
v -0.42873237 0.07535428 -0.04795271 0.58823529 0.58823529 0.55686275
v -0.26716530 0.07535428 -0.06069595 0.55686275 0.58823529 0.57254902
v -0.25346458 0.07535428 -0.06086075 0.54901961 0.58039216 0.57254902
v -0.23976380 0.07535428 -0.05956137 0.56470588 0.58823529 0.57254902
v -0.22606301 0.07535428 -0.05730653 0.57254902 0.58823529 0.57254902
v -0.21236223 0.07535428 -0.05176729 0.58431373 0.58823529 0.56862745
v -0.20597351 0.07535428 -0.04795271 0.58823529 0.58823529 0.56862745
v -0.13015747 0.07535428 -0.05215901 0.60392157 0.56078431 0.49411765
v -0.13425618 0.07535428 -0.04795271 0.60784314 0.56078431 0.49019608
v 0.00685036 0.07535428 -0.06078446 0.65098039 0.08627451 0.05882353
v 0.02055115 0.07535428 -0.05916107 0.63921569 0.08235294 0.05490196
v 0.03425193 0.07535428 -0.05723614 0.62745098 0.07843137 0.05098039
v 0.04795271 0.07535428 -0.05511838 0.62352941 0.07843137 0.05098039
v 0.06165349 0.07535428 -0.05191785 0.62352941 0.08235294 0.05490196
v 0.07430047 0.07535428 -0.04795271 0.62745098 0.08235294 0.05490196
v 0.07535428 0.07470691 -0.04795271 0.62745098 0.08235294 0.05490196
v 0.08905506 0.06882054 -0.04795271 0.64313725 0.09411765 0.05882353
v -0.41787404 0.08905506 -0.05947495 0.58823529 0.58823529 0.56078431
v -0.42929563 0.08905506 -0.04795271 0.58823529 0.58823529 0.56078431
v -0.26716530 0.08905506 -0.06148565 0.56078431 0.58823529 0.57254902
v -0.25346458 0.08905506 -0.06070447 0.55294118 0.58431373 0.57647059
v -0.23976380 0.08905506 -0.05871761 0.57254902 0.58823529 0.56862745
v -0.22606301 0.08905506 -0.05510527 0.58039216 0.59215686 0.56862745
v -0.21492636 0.08905506 -0.04795271 0.58823529 0.59215686 0.56862745
v -0.21236223 0.08360708 -0.04795271 0.58823529 0.59215686 0.57254902
v -0.13015747 0.08202577 -0.04795271 0.61176471 0.56078431 0.49019608
v -0.12980634 0.08905506 -0.04795271 0.61960784 0.56078431 0.48627451
v -0.03425193 0.08905506 -0.06136280 0.67058824 0.11372549 0.08627451
v -0.02055115 0.08905506 -0.05892134 0.67058824 0.10196078 0.07843137
v -0.00685036 0.08905506 -0.05728143 0.66274510 0.09411765 0.07058824
v 0.00685036 0.08905506 -0.05614048 0.65098039 0.09019608 0.06274510
v 0.02055115 0.08905506 -0.05429387 0.63921569 0.08627451 0.05882353
v 0.03425193 0.08905506 -0.05216730 0.62745098 0.08235294 0.05490196
v 0.04795271 0.08905506 -0.04796362 0.61568627 0.08235294 0.05490196
v 0.04797423 0.08905506 -0.04795271 0.61568627 0.08235294 0.05490196
v 0.06165349 0.08135229 -0.04795271 0.61960784 0.08235294 0.05490196
v -0.41787404 0.10275584 -0.05893731 0.58823529 0.59215686 0.56078431
v -0.42880636 0.10275584 -0.04795271 0.58823529 0.58823529 0.55686275
v -0.26716530 0.10275584 -0.05803484 0.55686275 0.58431373 0.57254902
v -0.25346458 0.10275584 -0.05973834 0.54901961 0.58039216 0.57647059
v -0.23976380 0.10275584 -0.05614686 0.56078431 0.58431373 0.57254902
v -0.22606301 0.10275584 -0.04879141 0.56470588 0.58431373 0.57254902
v -0.22479206 0.10275584 -0.04795271 0.56470588 0.58431373 0.57254902
v -0.12917417 0.10275584 -0.04795271 0.62352941 0.56862745 0.48627451
v -0.06165355 0.10275584 -0.06068522 0.61568627 0.16470588 0.14901961
v -0.04795271 0.10275584 -0.05939001 0.64705882 0.12941176 0.10588235
v -0.03425193 0.10275584 -0.05744076 0.65882353 0.11372549 0.09019608
v -0.02055115 0.10275584 -0.05478883 0.65882353 0.10588235 0.08235294
v -0.00685036 0.10275584 -0.05270952 0.65490196 0.09803922 0.07450980
v 0.00685036 0.10275584 -0.05106223 0.64705882 0.09411765 0.06666667
v 0.01675820 0.10275584 -0.04795271 0.64313725 0.09019608 0.06274510
v 0.02055115 0.10098487 -0.04795271 0.63921569 0.09019608 0.06274510
v 0.03425193 0.09548366 -0.04795271 0.62745098 0.08627451 0.05882353
v 0.04795271 0.08906847 -0.04795271 0.61568627 0.08235294 0.05490196
v -0.41787404 0.11645675 -0.05025268 0.59215686 0.58823529 0.55294118
v -0.42015252 0.11645675 -0.04795271 0.58823529 0.58823529 0.54901961
v -0.28086615 0.11645675 -0.06092197 0.56078431 0.59215686 0.56470588
v -0.26716530 0.11645675 -0.05143720 0.54509804 0.58039216 0.57254902
v -0.25346458 0.11645675 -0.05251461 0.54117647 0.57254902 0.57647059
v -0.24458444 0.11645675 -0.04795271 0.54117647 0.57647059 0.57647059
v -0.23976380 0.11437380 -0.04795271 0.54117647 0.58039216 0.58039216
v -0.22606301 0.10390478 -0.04795271 0.56078431 0.58431373 0.57254902
v -0.11645669 0.11645675 -0.06075549 0.62745098 0.56078431 0.47058824
v -0.12870878 0.11645675 -0.04795271 0.61176471 0.57647059 0.50196078
v -0.08905512 0.11645675 -0.06164098 0.60784314 0.44313725 0.36862745
v -0.07535434 0.11645675 -0.05938298 0.87058824 0.71764706 0.59215686
v -0.06165355 0.11645675 -0.05774289 0.61176471 0.20392157 0.17254902
v -0.04795271 0.11645675 -0.05589646 0.63137255 0.12941176 0.10980392
v -0.03425193 0.11645675 -0.05352283 0.64705882 0.11372549 0.09411765
v -0.02055115 0.11645675 -0.05016375 0.64313725 0.10980392 0.08627451
v -0.01424223 0.11645675 -0.04795271 0.63921569 0.10980392 0.07843137
v -0.00685036 0.11207575 -0.04795271 0.64705882 0.10196078 0.07450980
v 0.00685036 0.10745174 -0.04795271 0.64313725 0.09411765 0.07058824
v -0.41787404 0.11904478 -0.04795271 0.59215686 0.58823529 0.55294118
v -0.41775149 0.13015747 -0.04795271 0.59215686 0.59215686 0.55294118
v -0.29456693 0.13015747 -0.06062675 0.56078431 0.59215686 0.56078431
v -0.28086615 0.13015747 -0.05807501 0.56078431 0.59215686 0.56470588
v -0.26954746 0.13015747 -0.04795271 0.54509804 0.58039216 0.57254902
v -0.26716530 0.12133896 -0.04795271 0.54509804 0.58039216 0.57254902
v -0.25346458 0.12125790 -0.04795271 0.54117647 0.57254902 0.57647059
v -0.11645669 0.13015747 -0.05841017 0.63137255 0.56470588 0.47058824
v -0.12674016 0.13015747 -0.04795271 0.61568627 0.57647059 0.49803922
v -0.10275590 0.13015747 -0.05880976 0.65098039 0.50980392 0.41176471
v -0.08905512 0.13015747 -0.05719066 0.62352941 0.45882353 0.38431373
v -0.07535434 0.13015747 -0.05407882 0.63921569 0.51764706 0.44705882
v -0.06165355 0.13015747 -0.05042845 0.88235294 0.64705882 0.50588235
v -0.05433476 0.13015747 -0.04795271 0.65490196 0.21960784 0.18039216
v -0.04795271 0.12806469 -0.04795271 0.61960784 0.13725490 0.12156863
v -0.03425193 0.12364542 -0.04795271 0.63921569 0.11372549 0.09803922
v -0.02055115 0.11895478 -0.04795271 0.63921569 0.10980392 0.08627451
v -0.41746399 0.14385831 -0.04795271 0.59215686 0.59215686 0.55294118
v -0.33566928 0.14385831 -0.06095845 0.59607843 0.61176471 0.56470588
v -0.32196850 0.14385831 -0.05756432 0.57254902 0.60000000 0.56470588
v -0.30826771 0.14385831 -0.05512506 0.56470588 0.59215686 0.56078431
v -0.29456693 0.14385831 -0.05394357 0.56470588 0.59215686 0.56078431
v -0.28696424 0.14385831 -0.04795271 0.56078431 0.59607843 0.56470588
v -0.28086615 0.14137721 -0.04795271 0.55686275 0.59607843 0.56862745
v -0.11645669 0.14227104 -0.04795271 0.63529412 0.55686275 0.45882353
v -0.10275590 0.14230013 -0.04795271 0.65882353 0.51372549 0.42352941
v -0.08905512 0.14035726 -0.04795271 0.63137255 0.47450980 0.40784314
v -0.07535434 0.13688147 -0.04795271 0.60000000 0.48235294 0.42352941
v -0.06165355 0.13277221 -0.04795271 0.89411765 0.70196078 0.56078431
v -0.40417325 0.15755904 -0.05672431 0.60000000 0.60000000 0.56078431
v -0.41274071 0.15755904 -0.04795271 0.59607843 0.59607843 0.55686275
v -0.37677163 0.15755904 -0.05876076 0.58823529 0.59607843 0.56078431
v -0.36307085 0.15755904 -0.05460793 0.58431373 0.59215686 0.56078431
v -0.34937006 0.15755904 -0.04958695 0.58431373 0.60000000 0.56470588
v -0.34671456 0.15755904 -0.04795271 0.58431373 0.60392157 0.56470588
v -0.33566928 0.15503085 -0.04795271 0.58431373 0.60784314 0.56862745
v -0.32196850 0.15306616 -0.04795271 0.57254902 0.59607843 0.56470588
v -0.30826771 0.15103436 -0.04795271 0.56470588 0.58823529 0.56078431
v -0.29456693 0.14987159 -0.04795271 0.56470588 0.59607843 0.56078431
v -0.40417325 0.16644073 -0.04795271 0.59607843 0.60000000 0.56862745
v -0.39047247 0.17003429 -0.04795271 0.59215686 0.60784314 0.57647059
v -0.37677163 0.16735661 -0.04795271 0.58823529 0.60000000 0.56470588
v -0.36307085 0.16371238 -0.04795271 0.58039216 0.59215686 0.55294118
v -0.34937006 0.15919673 -0.04795271 0.58039216 0.60000000 0.56470588
v -0.40417325 -0.18496066 -0.04640913 0.60000000 0.60784314 0.56862745
v -0.41574046 -0.18496066 -0.03425193 0.59215686 0.60000000 0.56470588
v -0.40417325 -0.19654536 -0.03425193 0.59607843 0.61176471 0.58431373
v -0.39047247 -0.19658369 -0.03425193 0.59607843 0.61960784 0.59215686
v -0.37677163 -0.19483727 -0.03425193 0.59215686 0.61568627 0.58823529
v -0.36307085 -0.19343340 -0.03425193 0.58823529 0.61568627 0.58823529
v -0.36307085 -0.18496066 -0.04766792 0.58823529 0.61176471 0.58431373
v -0.34937006 -0.19055641 -0.03425193 0.58039216 0.61960784 0.59215686
v -0.34937006 -0.18496066 -0.04172558 0.58039216 0.61960784 0.58823529
v -0.33566928 -0.18561524 -0.03425193 0.58039216 0.62352941 0.59607843
v -0.33566928 -0.18496066 -0.03503180 0.58039216 0.62352941 0.59607843
v -0.33445477 -0.18496066 -0.03425193 0.58039216 0.62352941 0.59607843
v -0.41775206 -0.17125988 -0.03425193 0.58823529 0.59215686 0.55686275
v -0.32196850 -0.18214244 -0.03425193 0.57647059 0.61960784 0.59215686
v -0.30826771 -0.17899603 -0.03425193 0.56470588 0.60784314 0.58431373
v -0.30826771 -0.17125988 -0.04280227 0.56470588 0.60784314 0.58431373
v -0.29456693 -0.17149931 -0.03425193 0.56470588 0.61568627 0.58431373
v -0.29456693 -0.17125988 -0.03449434 0.56470588 0.61568627 0.58431373
v -0.29428923 -0.17125988 -0.03425193 0.56470588 0.61568627 0.58431373
v -0.41787404 -0.15755904 -0.04540211 0.58823529 0.59215686 0.55686275
v -0.42894292 -0.15755904 -0.03425193 0.58823529 0.59215686 0.55686275
v -0.41787404 -0.16956306 -0.03425193 0.58823529 0.59215686 0.55686275
v -0.29456693 -0.15755904 -0.04743111 0.56078431 0.61960784 0.58823529
v -0.28086615 -0.16719872 -0.03425193 0.56078431 0.60784314 0.57254902
v -0.28086615 -0.15755904 -0.04351526 0.54509804 0.61176471 0.58039216
v -0.27133924 -0.15755904 -0.03425193 0.54901961 0.59607843 0.58039216
v -0.11645669 -0.15755904 -0.04513794 0.41960784 0.45882353 0.44313725
v -0.12631607 -0.15755904 -0.03425193 0.49019608 0.50588235 0.48627451
v -0.11645669 -0.16980815 -0.03425193 0.55686275 0.54509804 0.50980392
v -0.10275590 -0.17099285 -0.03425193 0.52549020 0.50196078 0.46666667
v -0.10275590 -0.15755904 -0.04732949 0.49411765 0.46274510 0.42745098
v -0.08905512 -0.16976011 -0.03425193 0.50980392 0.47450980 0.43137255
v -0.08905512 -0.15755904 -0.04619837 0.45882353 0.41568627 0.37647059
v -0.07535434 -0.16758817 -0.03425193 0.40000000 0.36862745 0.33725490
v -0.07535434 -0.15755904 -0.04392767 0.32941176 0.31764706 0.30980392
v -0.06165355 -0.16476727 -0.03425193 0.69019608 0.60000000 0.54901961
v -0.06165355 -0.15755904 -0.04126143 0.78823529 0.71764706 0.65490196
v -0.04795271 -0.16155130 -0.03425193 0.77647059 0.50196078 0.43921569
v -0.04795271 -0.15755904 -0.03822052 0.68627451 0.36470588 0.32549020
v -0.03490251 -0.15755904 -0.03425193 0.64705882 0.20784314 0.18431373
v -0.41787404 -0.14385825 -0.04755801 0.58431373 0.58823529 0.55686275
v -0.43015775 -0.14385825 -0.03425193 0.58823529 0.58823529 0.55686275
v -0.28086615 -0.14385825 -0.04765463 0.55294118 0.61568627 0.58039216
v -0.26716530 -0.14836812 -0.03425193 0.54509804 0.58823529 0.58823529
v -0.26716530 -0.14385825 -0.03837740 0.54509804 0.59215686 0.58431373
v -0.25346458 -0.14854807 -0.03425193 0.54117647 0.57254902 0.58431373
v -0.25346458 -0.14385825 -0.03878546 0.54117647 0.57254902 0.58431373
v -0.24576157 -0.14385825 -0.03425193 0.54509804 0.58039216 0.58823529
v -0.12891930 -0.14385825 -0.03425193 0.47450980 0.49019608 0.46666667
v -0.03425193 -0.15739334 -0.03425193 0.64705882 0.20392157 0.18431373
v -0.03425193 -0.14385825 -0.04580224 0.65490196 0.17647059 0.16078431
v -0.02055115 -0.15375590 -0.03425193 0.64705882 0.17647059 0.14509804
v -0.02055115 -0.14385825 -0.04290909 0.64705882 0.16862745 0.13333333
v -0.00685036 -0.15085691 -0.03425193 0.64705882 0.15294118 0.12156863
v -0.00685036 -0.14385825 -0.04067862 0.64705882 0.15294118 0.11764706
v 0.00685036 -0.14766341 -0.03425193 0.66274510 0.12941176 0.10588235
v 0.00685036 -0.14385825 -0.03784227 0.66274510 0.12941176 0.10588235
v 0.01677471 -0.14385825 -0.03425193 0.66666667 0.12156863 0.09803922
v -0.43028432 -0.13015747 -0.03425193 0.58823529 0.59215686 0.55686275
v -0.26716530 -0.13015747 -0.04337233 0.55294118 0.59215686 0.58039216
v -0.25346458 -0.13015747 -0.04419172 0.54901961 0.58039216 0.58431373
v -0.23976380 -0.13736671 -0.03425193 0.55686275 0.58823529 0.58823529
v -0.23976380 -0.13015747 -0.03836286 0.56470588 0.59215686 0.58039216
v -0.22971785 -0.13015747 -0.03425193 0.57647059 0.59607843 0.58039216
v -0.13013935 -0.13015747 -0.03425193 0.54901961 0.52941176 0.49019608
v -0.00685036 -0.13015747 -0.04709387 0.65882353 0.13725490 0.10588235
v 0.00685036 -0.13015747 -0.04505521 0.66666667 0.12549020 0.09411765
v 0.02055115 -0.14228934 -0.03425193 0.66666667 0.12156863 0.09411765
v 0.02055115 -0.13015747 -0.04237688 0.66666667 0.11764706 0.09019608
v 0.03425193 -0.13732898 -0.03425193 0.65490196 0.11764706 0.08235294
v 0.03425193 -0.13015747 -0.04051626 0.65490196 0.11764706 0.08235294
v 0.04795271 -0.13370121 -0.03425193 0.64705882 0.11372549 0.07843137
v 0.04795271 -0.13015747 -0.03776705 0.64705882 0.11372549 0.07450980
v 0.05729520 -0.13015747 -0.03425193 0.64313725 0.10980392 0.07450980
v -0.43029982 -0.11645669 -0.03425193 0.58823529 0.59215686 0.55686275
v -0.26716530 -0.11645669 -0.04479629 0.55686275 0.59607843 0.58039216
v -0.25346458 -0.11645669 -0.04540694 0.55294118 0.58431373 0.58039216
v -0.23976380 -0.11645669 -0.04266036 0.57254902 0.59215686 0.57647059
v -0.22606301 -0.12703753 -0.03425193 0.58823529 0.60000000 0.58039216
v -0.22606301 -0.11645669 -0.03898919 0.58431373 0.59607843 0.57647059
v -0.21236223 -0.11681032 -0.03425193 0.59607843 0.60392157 0.58823529
v -0.21236223 -0.11645669 -0.03445286 0.59607843 0.60000000 0.58823529
v -0.21192372 -0.11645669 -0.03425193 0.59607843 0.60392157 0.58823529
v -0.13015747 -0.11645669 -0.04346859 0.55294118 0.53333333 0.49411765
v -0.13934135 -0.11645669 -0.03425193 0.54901961 0.52941176 0.48627451
v -0.13015747 -0.13003308 -0.03425193 0.54901961 0.52941176 0.49019608
v 0.04795271 -0.11645669 -0.04626018 0.64313725 0.10588235 0.07058824
v 0.06165349 -0.12844908 -0.03425193 0.64313725 0.10588235 0.07058824
v 0.06165349 -0.11645669 -0.04367536 0.64313725 0.10196078 0.07058824
v 0.07535428 -0.12312055 -0.03425193 0.65098039 0.10980392 0.07058824
v 0.07535428 -0.11645669 -0.04024583 0.65098039 0.10588235 0.07058824
v 0.08905506 -0.11811250 -0.03425193 0.66666667 0.10980392 0.07058824
v 0.08905506 -0.11645669 -0.03587461 0.66666667 0.10980392 0.07058824
v 0.09196711 -0.11645669 -0.03425193 0.67058824 0.10980392 0.07058824
v -0.43011433 -0.10275590 -0.03425193 0.58823529 0.58823529 0.55686275
v -0.26716530 -0.10275590 -0.04454005 0.55294118 0.59215686 0.58039216
v -0.25346458 -0.10275590 -0.04598510 0.55294118 0.58039216 0.58039216
v -0.23976380 -0.10275590 -0.04396528 0.56078431 0.59215686 0.58039216
v -0.22606301 -0.10275590 -0.04206198 0.56862745 0.59215686 0.58431373
v -0.21236223 -0.10275590 -0.04003549 0.59215686 0.59607843 0.58039216
v -0.19866145 -0.10515016 -0.03425193 0.61568627 0.60392157 0.57647059
v -0.19866145 -0.10275590 -0.03544426 0.61568627 0.60392157 0.57647059
v -0.19508570 -0.10275590 -0.03425193 0.62352941 0.60784314 0.57254902
v -0.13015747 -0.10275590 -0.04661542 0.49803922 0.50980392 0.48235294
v -0.14237267 -0.10275590 -0.03425193 0.56470588 0.53725490 0.49411765
v 0.07535428 -0.10275590 -0.04697841 0.65490196 0.10196078 0.07058824
v 0.08905506 -0.10275590 -0.04387647 0.66666667 0.10980392 0.07450980
v 0.10275584 -0.11043358 -0.03425193 0.68235294 0.11372549 0.07450980
v 0.10275584 -0.10275590 -0.03993279 0.68235294 0.11764706 0.07450980
v 0.11233896 -0.10275590 -0.03425193 0.69411765 0.11372549 0.07450980
v -0.41787404 -0.08905512 -0.04618537 0.58431373 0.58823529 0.55294118
v -0.42899123 -0.08905512 -0.03425193 0.58431373 0.58823529 0.55686275
v -0.28086615 -0.08905512 -0.04721576 0.55686275 0.61176471 0.58039216
v -0.26716530 -0.08905512 -0.03547597 0.55686275 0.59215686 0.58039216
v -0.25346458 -0.08905512 -0.04306424 0.55294118 0.58431373 0.58039216
v -0.23976380 -0.08905512 -0.04088539 0.56078431 0.59215686 0.58039216
v -0.22606301 -0.08905512 -0.03938323 0.56862745 0.59215686 0.58431373
v -0.21236223 -0.08905512 -0.03743589 0.59215686 0.59607843 0.58039216
v -0.19970149 -0.08905512 -0.03425193 0.61176471 0.60000000 0.57254902
v -0.19866145 -0.09189022 -0.03425193 0.61176471 0.60000000 0.57254902
v -0.13015747 -0.08905512 -0.04774803 0.50588235 0.51372549 0.48627451
v -0.14295542 -0.08905512 -0.03425193 0.56862745 0.54117647 0.49803922
v 0.10275584 -0.08905512 -0.04506880 0.68235294 0.11372549 0.07450980
v 0.11645675 -0.09847069 -0.03425193 0.70196078 0.11764706 0.07450980
v 0.11645675 -0.08905512 -0.03996956 0.70588235 0.12156863 0.07843137
v 0.13015747 -0.08951730 -0.03425193 0.72156863 0.12156863 0.07843137
v 0.13015747 -0.08905512 -0.03459626 0.72156863 0.12156863 0.07843137
v 0.13104820 -0.08905512 -0.03425193 0.72156863 0.12156863 0.07843137
v -0.41787404 -0.07722706 -0.03425193 0.58431373 0.58823529 0.55686275
v -0.41764674 -0.07535434 -0.03425193 0.58431373 0.58823529 0.55686275
v -0.30826771 -0.07535434 -0.04782134 0.57647059 0.61960784 0.60000000
v -0.29456693 -0.07535434 -0.04445243 0.56078431 0.61568627 0.58823529
v -0.28086615 -0.07535434 -0.03844672 0.55686275 0.61176471 0.58039216
v -0.27666235 -0.07535434 -0.03425193 0.56862745 0.60784314 0.57647059
v -0.26716530 -0.08781183 -0.03425193 0.55686275 0.59215686 0.58039216
v -0.25346458 -0.08003676 -0.03425193 0.56078431 0.58823529 0.57647059
v -0.23976380 -0.08151603 -0.03425193 0.57254902 0.59215686 0.57647059
v -0.22606301 -0.08238667 -0.03425193 0.57647059 0.59607843 0.58039216
v -0.21236223 -0.08461428 -0.03425193 0.59607843 0.60000000 0.58039216
v -0.14303738 -0.07535434 -0.03425193 0.56470588 0.54117647 0.49803922
v 0.11645675 -0.07535434 -0.04502547 0.70980392 0.12549020 0.07843137
v 0.13015747 -0.07535434 -0.04127097 0.72549020 0.12941176 0.08235294
v 0.14385831 -0.08389413 -0.03425193 0.73725490 0.12941176 0.08235294
v 0.14385831 -0.07535434 -0.03965807 0.74117647 0.13333333 0.08627451
v 0.15723491 -0.07535434 -0.03425193 0.75686275 0.14117647 0.09019608
v -0.40417325 -0.06166714 -0.03425193 0.58823529 0.60000000 0.56078431
v -0.39047247 -0.06186146 -0.03425193 0.59215686 0.60784314 0.57254902
v -0.37677163 -0.06252748 -0.03425193 0.58431373 0.60392157 0.57647059
v -0.36307085 -0.06333387 -0.03425193 0.58039216 0.60392157 0.58431373
v -0.34937006 -0.06456339 -0.03425193 0.58431373 0.61568627 0.58823529
v -0.33566928 -0.06567132 -0.03425193 0.58823529 0.62352941 0.59215686
v -0.32196850 -0.06541103 -0.03425193 0.58431373 0.62352941 0.60000000
v -0.30826771 -0.06536734 -0.03425193 0.57647059 0.61960784 0.60000000
v -0.29456693 -0.06638879 -0.03425193 0.57254902 0.61960784 0.58823529
v -0.28086615 -0.07114017 -0.03425193 0.57254902 0.61568627 0.57647059
v -0.14310890 -0.06165355 -0.03425193 0.56470588 0.54117647 0.49411765
v 0.13015747 -0.06165355 -0.04634464 0.72549020 0.12941176 0.08235294
v 0.14385831 -0.06165355 -0.04445392 0.74117647 0.13333333 0.08627451
v 0.15755904 -0.07514846 -0.03425193 0.75686275 0.14117647 0.09019608
v 0.15755904 -0.06165355 -0.04143900 0.75686275 0.14117647 0.09019608
v 0.16457355 -0.06165355 -0.03425193 0.76470588 0.14509804 0.09411765
v 0.19866145 -0.06165355 -0.03820378 0.78823529 0.16078431 0.10588235
v 0.19241285 -0.06165355 -0.03425193 0.78823529 0.16078431 0.10196078
v 0.19866145 -0.06758147 -0.03425193 0.79215686 0.16470588 0.10588235
v 0.20384037 -0.06165355 -0.03425193 0.79215686 0.16862745 0.10980392
v -0.14315248 -0.04795271 -0.03425193 0.55686275 0.52941176 0.49019608
v 0.15755904 -0.04795271 -0.04661590 0.74901961 0.13725490 0.09019608
v 0.16801262 -0.04795271 -0.03425193 0.76078431 0.14117647 0.09019608
v 0.18496060 -0.04795271 -0.03863466 0.78039216 0.15294118 0.09803922
v 0.17995560 -0.04795271 -0.03425193 0.77647059 0.14509804 0.09411765
v 0.18496060 -0.05474126 -0.03425193 0.78039216 0.14901961 0.09803922
v 0.19866145 -0.04795271 -0.04238635 0.78431373 0.16078431 0.10588235
v 0.21236217 -0.05090570 -0.03425193 0.78823529 0.17647059 0.12156863
v 0.21236217 -0.04795271 -0.03632653 0.78431373 0.17647059 0.12156863
v 0.21452010 -0.04795271 -0.03425193 0.78431373 0.18039216 0.12941176
v -0.14315522 -0.03425193 -0.03425193 0.56078431 0.53333333 0.49019608
v 0.16870332 -0.03425193 -0.03425193 0.75686275 0.13725490 0.09019608
v 0.18496060 -0.03425193 -0.04224229 0.77647059 0.14901961 0.09803922
v 0.17633808 -0.03425193 -0.03425193 0.76862745 0.13725490 0.09019608
v 0.19866145 -0.03425193 -0.04344565 0.78039216 0.15686275 0.10196078
v 0.21236217 -0.03425193 -0.04045433 0.78431373 0.17254902 0.11764706
v 0.21982634 -0.03425193 -0.03425193 0.79215686 0.21176471 0.15294118
v -0.14317077 -0.02055115 -0.03425193 0.56862745 0.54117647 0.49411765
v 0.16827917 -0.02055115 -0.03425193 0.75294118 0.14117647 0.09019608
v 0.18496060 -0.02055115 -0.04368806 0.76862745 0.14117647 0.09411765
v 0.17539573 -0.02055115 -0.03425193 0.76470588 0.14117647 0.09019608
v 0.19866145 -0.02055115 -0.04435271 0.77647059 0.14901961 0.09803922
v 0.21236217 -0.02055115 -0.04276431 0.78431373 0.16470588 0.11372549
v 0.22294438 -0.02055115 -0.03425193 0.82352941 0.27450980 0.20392157
v -0.14330155 -0.00685036 -0.03425193 0.57647059 0.54509804 0.49411765
v 0.16833401 -0.00685036 -0.03425193 0.74901961 0.13333333 0.08627451
v 0.18496060 -0.00685036 -0.04448521 0.76470588 0.13725490 0.09019608
v 0.17471361 -0.00685036 -0.03425193 0.75686275 0.13725490 0.08627451
v 0.19866145 -0.00685036 -0.04511976 0.77254902 0.14509804 0.09411765
v 0.21236217 -0.00685036 -0.04376626 0.77647059 0.16078431 0.11372549
v 0.22402000 -0.00685036 -0.03425193 0.84705882 0.33333333 0.24705882
v -0.14350402 0.00685036 -0.03425193 0.58039216 0.53725490 0.48235294
v 0.15755904 0.00685036 -0.04788834 0.72941176 0.11764706 0.07450980
v 0.16841602 0.00685036 -0.03425193 0.74117647 0.12156863 0.07843137
v 0.18496060 0.00685036 -0.04455650 0.75686275 0.12941176 0.08627451
v 0.17462730 0.00685036 -0.03425193 0.74901961 0.12156863 0.07843137
v 0.19866145 0.00685036 -0.04520673 0.76470588 0.13725490 0.09019608
v 0.21236217 0.00685036 -0.04322207 0.76470588 0.15686275 0.10980392
v 0.22254181 0.00685036 -0.03425193 0.86666667 0.37647059 0.27450980
v -0.14361006 0.02055115 -0.03425193 0.58823529 0.54117647 0.48235294
v 0.15755904 0.02055115 -0.04639399 0.72549020 0.11764706 0.07450980
v 0.16780174 0.02055115 -0.03425193 0.73725490 0.11764706 0.07450980
v 0.18496060 0.02055115 -0.04382175 0.75294118 0.12549020 0.08235294
v 0.17538679 0.02055115 -0.03425193 0.74509804 0.12156863 0.07843137
v 0.19866145 0.02055115 -0.04430962 0.76078431 0.13725490 0.09019608
v 0.21236217 0.02055115 -0.04147780 0.75686275 0.16078431 0.11372549
v 0.22021759 0.02055115 -0.03425193 0.85098039 0.34117647 0.25098039
v -0.41787404 0.03425193 -0.03967249 0.57647059 0.58039216 0.54901961
v -0.42311609 0.03425193 -0.03425193 0.57647059 0.58039216 0.54901961
v -0.41787404 0.02913958 -0.03425193 0.58039216 0.58039216 0.54901961
v -0.40417325 0.02064967 -0.03425193 0.58431373 0.59215686 0.55686275
v -0.39047247 0.02093178 -0.03425193 0.58431373 0.60000000 0.56862745
v -0.37677163 0.02176118 -0.03425193 0.58039216 0.59607843 0.56862745
v -0.36307085 0.02272666 -0.03425193 0.57647059 0.59607843 0.56862745
v -0.34937006 0.02341396 -0.03425193 0.57647059 0.60392157 0.58039216
v -0.33566928 0.02415717 -0.03425193 0.58039216 0.61176471 0.58823529
v -0.32196850 0.02460021 -0.03425193 0.58039216 0.61568627 0.59215686
v -0.30826771 0.02459669 -0.03425193 0.57647059 0.61176471 0.58823529
v -0.29456693 0.02428108 -0.03425193 0.56470588 0.61176471 0.58431373
v -0.28086615 0.02646464 -0.03425193 0.56470588 0.60784314 0.56862745
v -0.28086615 0.03425193 -0.04268080 0.56078431 0.60392157 0.57254902
v -0.26936495 0.03425193 -0.03425193 0.56862745 0.59607843 0.57254902
v -0.25346458 0.03425193 -0.03823167 0.56862745 0.58823529 0.57254902
v -0.26194978 0.03425193 -0.03425193 0.56078431 0.58823529 0.57647059
v -0.25346458 0.03029162 -0.03425193 0.56470588 0.58823529 0.57254902
v -0.23976380 0.03148717 -0.03425193 0.57647059 0.59215686 0.56078431
v -0.23976380 0.03425193 -0.03703278 0.58039216 0.59215686 0.56078431
v -0.22606301 0.03122431 -0.03425193 0.58823529 0.59215686 0.56078431
v -0.22606301 0.03425193 -0.03730309 0.58823529 0.59215686 0.55686275
v -0.21236223 0.02923489 -0.03425193 0.59607843 0.59607843 0.56470588
v -0.21236223 0.03425193 -0.03933465 0.60000000 0.59607843 0.56470588
v -0.19866145 0.02850020 -0.03425193 0.60392157 0.59215686 0.56078431
v -0.19866145 0.03425193 -0.04005939 0.60784314 0.59607843 0.56078431
v -0.18496066 0.02922171 -0.03425193 0.62352941 0.60392157 0.55686275
v -0.18496066 0.03425193 -0.03933078 0.61960784 0.60392157 0.55686275
v -0.17125988 0.02942860 -0.03425193 0.61568627 0.59607843 0.54509804
v -0.17125988 0.03425193 -0.03908598 0.61176471 0.59215686 0.54509804
v -0.15755904 0.03062379 -0.03425193 0.60392157 0.56862745 0.50588235
v -0.15755904 0.03425193 -0.03761590 0.60784314 0.56862745 0.50980392
v -0.15169793 0.03425193 -0.03425193 0.60392157 0.56078431 0.49803922
v -0.14367610 0.03425193 -0.03425193 0.60000000 0.55294118 0.48627451
v 0.13015747 0.03425193 -0.04781824 0.69411765 0.10980392 0.06666667
v 0.14385831 0.03425193 -0.04698038 0.70980392 0.11372549 0.07058824
v 0.15755904 0.03425193 -0.04557329 0.72549020 0.11764706 0.07450980
v 0.16752315 0.03425193 -0.03425193 0.73725490 0.12549020 0.07843137
v 0.18496060 0.03425193 -0.04134011 0.74901961 0.12941176 0.08235294
v 0.17785215 0.03425193 -0.03425193 0.74509804 0.12941176 0.08235294
v 0.19866145 0.03425193 -0.04299045 0.75686275 0.13725490 0.09019608
v 0.21235335 0.03425193 -0.03425193 0.75294118 0.16862745 0.12156863
v 0.21236217 0.03423798 -0.03425193 0.75294118 0.16862745 0.12156863
v -0.42999029 0.04795271 -0.03425193 0.58039216 0.58431373 0.55294118
v -0.26716530 0.03457260 -0.03425193 0.56470588 0.59607843 0.57647059
v -0.26716530 0.04795271 -0.04713374 0.56470588 0.59215686 0.57647059
v -0.23976380 0.04795271 -0.04728997 0.57647059 0.59215686 0.56470588
v -0.22606301 0.04795271 -0.04635680 0.58823529 0.59215686 0.56078431
v -0.21236223 0.04795271 -0.04581022 0.60000000 0.59607843 0.56862745
v -0.19866145 0.04795271 -0.04488921 0.60784314 0.59607843 0.56470588
v -0.18496066 0.04795271 -0.04398930 0.62352941 0.60392157 0.55686275
v -0.17125988 0.04795271 -0.04360950 0.61568627 0.59215686 0.54117647
v -0.15755904 0.04795271 -0.04256845 0.61568627 0.57254902 0.50588235
v -0.14521652 0.04795271 -0.03425193 0.61176471 0.56078431 0.48627451
v -0.14377743 0.04795271 -0.03425193 0.61176471 0.56078431 0.48627451
v 0.11645675 0.04795271 -0.04736632 0.67450980 0.10588235 0.06666667
v 0.13015747 0.04795271 -0.04510415 0.69019608 0.10588235 0.06666667
v 0.14385831 0.04795271 -0.04448730 0.70588235 0.10980392 0.07058824
v 0.15755904 0.04795271 -0.04306048 0.72156863 0.11372549 0.07450980
v 0.16579688 0.04795271 -0.03425193 0.72941176 0.12156863 0.07450980
v 0.18496060 0.04795271 -0.03568941 0.74509804 0.12941176 0.08235294
v 0.18355513 0.04795271 -0.03425193 0.74509804 0.12941176 0.08235294
v 0.19866145 0.04795271 -0.03824323 0.74901961 0.13725490 0.09411765
v 0.20378089 0.04795271 -0.03425193 0.74901961 0.14509804 0.09803922
v -0.43045202 0.06165349 -0.03425193 0.58823529 0.58823529 0.55686275
v -0.19866145 0.06165349 -0.04686296 0.60392157 0.59215686 0.56078431
v -0.18496066 0.06165349 -0.04566664 0.60784314 0.60000000 0.55686275
v -0.17125988 0.06165349 -0.04478890 0.60392157 0.58823529 0.54509804
v -0.15755904 0.06165349 -0.04295623 0.62352941 0.57254902 0.50196078
v -0.14486647 0.06165349 -0.03425193 0.62352941 0.56078431 0.48235294
v -0.14377338 0.06165349 -0.03425193 0.61960784 0.56078431 0.48235294
v 0.10275584 0.06165349 -0.04746377 0.65098039 0.09411765 0.05882353
v 0.11645675 0.06165349 -0.04404587 0.67058824 0.09803922 0.06274510
v 0.13015747 0.06165349 -0.04113191 0.68627451 0.10588235 0.06666667
v 0.14385831 0.06165349 -0.03977317 0.70196078 0.11372549 0.07058824
v 0.15755904 0.06165349 -0.03453803 0.71372549 0.10980392 0.07058824
v 0.15784550 0.06165349 -0.03425193 0.71372549 0.10980392 0.07058824
v 0.18496060 0.05029070 -0.03425193 0.74117647 0.12941176 0.08235294
v 0.19866145 0.05446690 -0.03425193 0.74117647 0.13725490 0.09411765
v -0.43048981 0.07535428 -0.03425193 0.58823529 0.59215686 0.55686275
v -0.19866145 0.07535428 -0.04695463 0.59607843 0.59215686 0.56078431
v -0.18496066 0.07535428 -0.04572588 0.60784314 0.59607843 0.55686275
v -0.17125988 0.07535428 -0.04473972 0.60392157 0.58823529 0.54509804
v -0.15755904 0.07535428 -0.04198515 0.62745098 0.57647059 0.50196078
v -0.14696109 0.07535428 -0.03425193 0.63137255 0.56470588 0.48235294
v -0.14349824 0.07535428 -0.03425193 0.62352941 0.56470588 0.48235294
v 0.07535428 0.07535428 -0.04774088 0.62745098 0.08235294 0.05490196
v 0.08905506 0.07535428 -0.04563868 0.63921569 0.09019608 0.05882353
v 0.10275584 0.07535428 -0.04300928 0.65098039 0.09803922 0.06274510
v 0.11645675 0.07535428 -0.03824699 0.67058824 0.09803922 0.06274510
v 0.12708080 0.07535428 -0.03425193 0.67843137 0.09803922 0.06274510
v 0.13015747 0.07370454 -0.03425193 0.68627451 0.10196078 0.06666667
v 0.14385831 0.06946957 -0.03425193 0.70196078 0.11372549 0.07058824
v 0.15755904 0.06199330 -0.03425193 0.71372549 0.10980392 0.07058824
v -0.43068713 0.08905506 -0.03425193 0.58823529 0.58823529 0.56078431
v -0.21236223 0.08905506 -0.04749316 0.58823529 0.59215686 0.57254902
v -0.19866145 0.08905506 -0.04586351 0.59607843 0.59215686 0.56862745
v -0.18496066 0.08905506 -0.04448175 0.61568627 0.60000000 0.55294118
v -0.17125988 0.08905506 -0.04333383 0.61568627 0.59215686 0.53725490
v -0.15755904 0.08905506 -0.03925312 0.63137255 0.58039216 0.50588235
v -0.15113372 0.08905506 -0.03425193 0.63921569 0.58039216 0.49803922
v -0.13015747 0.08905506 -0.04718244 0.61960784 0.56078431 0.48627451
v -0.14276928 0.08905506 -0.03425193 0.63137255 0.56862745 0.48627451
v 0.06165349 0.08905506 -0.04438394 0.61960784 0.08627451 0.05882353
v 0.07535428 0.08905506 -0.04184729 0.62352941 0.09019608 0.05882353
v 0.08905506 0.08905506 -0.03965938 0.63529412 0.09411765 0.06274510
v 0.10275584 0.08905506 -0.03457719 0.65098039 0.09803922 0.06274510
v 0.10321885 0.08905506 -0.03425193 0.65098039 0.09803922 0.06274510
v 0.11645675 0.08015710 -0.03425193 0.66666667 0.09803922 0.06274510
v -0.43061227 0.10275584 -0.03425193 0.58823529 0.58823529 0.56078431
v -0.21236223 0.10275584 -0.04635859 0.58039216 0.58823529 0.57254902
v -0.19866145 0.10275584 -0.04461789 0.58823529 0.58823529 0.56862745
v -0.18496066 0.10275584 -0.04288793 0.61176471 0.59607843 0.55294118
v -0.17125988 0.10275584 -0.04112518 0.61960784 0.59215686 0.53725490
v -0.16039753 0.10275584 -0.03425193 0.63137255 0.58823529 0.51372549
v -0.15755904 0.09847307 -0.03425193 0.63137255 0.58431373 0.50980392
v -0.13015747 0.10275584 -0.04600024 0.61960784 0.56862745 0.49019608
v -0.14181292 0.10275584 -0.03425193 0.63921569 0.57254902 0.48627451
v 0.02055115 0.10275584 -0.04708290 0.63921569 0.09019608 0.06274510
v 0.03425193 0.10275584 -0.04418701 0.62352941 0.08627451 0.05882353
v 0.04795271 0.10275584 -0.04174125 0.61176471 0.08235294 0.05490196
v 0.06165349 0.10275584 -0.03840899 0.61568627 0.08627451 0.05882353
v 0.07285911 0.10275584 -0.03425193 0.62352941 0.09019608 0.06274510
v 0.07535428 0.10156626 -0.03425193 0.62745098 0.09019608 0.06274510
v 0.08905506 0.09658045 -0.03425193 0.63921569 0.09411765 0.06274510
v 0.10275584 0.08941871 -0.03425193 0.65098039 0.09803922 0.06274510
v -0.42988014 0.11645675 -0.03425193 0.59215686 0.59215686 0.55686275
v -0.23976380 0.11645675 -0.04747242 0.54117647 0.57647059 0.58039216
v -0.22606301 0.11645675 -0.04578620 0.54509804 0.58039216 0.58039216
v -0.21236223 0.11645675 -0.04427052 0.56470588 0.58431373 0.58039216
v -0.19866145 0.11645675 -0.04264683 0.58039216 0.58823529 0.57254902
v -0.18496066 0.11645675 -0.04017729 0.58431373 0.58823529 0.56470588
v -0.17125988 0.11645675 -0.03675914 0.60000000 0.59215686 0.54509804
v -0.16822320 0.11645675 -0.03425193 0.60784314 0.59215686 0.53725490
v -0.13015747 0.11645675 -0.04520887 0.61568627 0.57647059 0.50196078
v -0.14107972 0.11645675 -0.03425193 0.63137255 0.57647059 0.49411765
v -0.00685036 0.11645675 -0.04593366 0.64313725 0.10196078 0.07450980
v 0.00685036 0.11645675 -0.04327285 0.64313725 0.09411765 0.07058824
v 0.02055115 0.11645675 -0.04043758 0.63529412 0.08627451 0.06666667
v 0.03425193 0.11645675 -0.03691638 0.61960784 0.08627451 0.05882353
v 0.04182190 0.11645675 -0.03425193 0.60784314 0.08235294 0.05882353
v 0.04795271 0.11420006 -0.03425193 0.60784314 0.08235294 0.05490196
v 0.06165349 0.10878724 -0.03425193 0.61568627 0.08627451 0.05882353
v -0.41787404 0.13015747 -0.04557455 0.59215686 0.59215686 0.55294118
v -0.42889303 0.13015747 -0.03425193 0.59215686 0.59215686 0.55686275
v -0.26716530 0.13015747 -0.04517132 0.54509804 0.58039216 0.57254902
v -0.25346458 0.13015747 -0.04599464 0.54117647 0.56862745 0.57254902
v -0.23976380 0.13015747 -0.04371285 0.53725490 0.57647059 0.58039216
v -0.22606301 0.13015747 -0.04105997 0.54117647 0.57647059 0.58039216
v -0.21236223 0.13015747 -0.03743953 0.55686275 0.58039216 0.58431373
v -0.20569354 0.13015747 -0.03425193 0.56470588 0.58431373 0.58431373
v -0.19866145 0.12786084 -0.03425193 0.57254902 0.58431373 0.58039216
v -0.18496066 0.12367302 -0.03425193 0.57254902 0.58823529 0.57254902
v -0.17125988 0.11916572 -0.03425193 0.59607843 0.59215686 0.54901961
v -0.13015747 0.13015747 -0.04191941 0.61960784 0.58039216 0.49803922
v -0.13772738 0.13015747 -0.03425193 0.62745098 0.58039216 0.49803922
v -0.04795271 0.13015747 -0.04625267 0.61960784 0.14117647 0.12549020
v -0.03425193 0.13015747 -0.04271543 0.63137255 0.11764706 0.10196078
v -0.02055115 0.13015747 -0.03926963 0.62352941 0.11372549 0.09019608
v -0.00685036 0.13015747 -0.03516042 0.62745098 0.10588235 0.08235294
v -0.00442427 0.13015747 -0.03425193 0.62745098 0.10196078 0.08235294
v 0.00685036 0.12695563 -0.03425193 0.63529412 0.09411765 0.07450980
v 0.02055115 0.12325996 -0.03425193 0.63529412 0.09019608 0.07058824
v 0.03425193 0.11921090 -0.03425193 0.61960784 0.08627451 0.06274510
v -0.41787404 0.14357686 -0.03425193 0.58823529 0.59215686 0.55294118
v -0.41786206 0.14385831 -0.03425193 0.58823529 0.59215686 0.55294118
v -0.28086615 0.14385831 -0.04566300 0.55686275 0.59607843 0.56862745
v -0.26970142 0.14385831 -0.03425193 0.55686275 0.58823529 0.57647059
v -0.26716530 0.14067256 -0.03425193 0.55294118 0.58431373 0.57647059
v -0.25346458 0.14294207 -0.03425193 0.54509804 0.57254902 0.57647059
v -0.23976380 0.14052069 -0.03425193 0.54117647 0.57254902 0.57647059
v -0.22606301 0.13730705 -0.03425193 0.54509804 0.57647059 0.58039216
v -0.21236223 0.13334179 -0.03425193 0.55686275 0.58039216 0.58431373
v -0.13015747 0.13997936 -0.03425193 0.62352941 0.57647059 0.49411765
v -0.11645669 0.14385831 -0.04624593 0.63529412 0.55686275 0.46274510
v -0.12805629 0.14385831 -0.03425193 0.62352941 0.57254902 0.49019608
v -0.10275590 0.14385831 -0.04616171 0.65882353 0.51372549 0.42352941
v -0.08905512 0.14385831 -0.04399019 0.62745098 0.48235294 0.41568627
v -0.07535434 0.14385831 -0.04061258 0.58823529 0.47450980 0.41960784
v -0.06165355 0.14385831 -0.03638208 0.64705882 0.54901961 0.48235294
v -0.05692351 0.14385831 -0.03425193 0.73333333 0.60784314 0.52156863
v -0.04795271 0.14120197 -0.03425193 0.84313725 0.50196078 0.39215686
v -0.03425193 0.13793194 -0.03425193 0.62352941 0.12549020 0.10980392
v -0.02055115 0.13501680 -0.03425193 0.62352941 0.11372549 0.09411765
v -0.00685036 0.13104701 -0.03425193 0.62745098 0.10588235 0.08235294
v -0.41721126 0.15755904 -0.03425193 0.59215686 0.59215686 0.55686275
v -0.33566928 0.15755904 -0.04091549 0.57647059 0.60784314 0.57254902
v -0.32196850 0.15755904 -0.03700066 0.57254902 0.59607843 0.56078431
v -0.31397623 0.15755904 -0.03425193 0.56862745 0.58823529 0.55686275
v -0.30826771 0.15713274 -0.03425193 0.56470588 0.58823529 0.55686275
v -0.29456693 0.15688157 -0.03425193 0.56078431 0.59215686 0.56078431
v -0.28086615 0.15458071 -0.03425193 0.56078431 0.59607843 0.56862745
v -0.11645669 0.15512156 -0.03425193 0.62352941 0.56078431 0.47058824
v -0.10275590 0.15469599 -0.03425193 0.64705882 0.52549020 0.43529412
v -0.08905512 0.15277016 -0.03425193 0.63921569 0.49803922 0.42352941
v -0.07535434 0.15001357 -0.03425193 0.58823529 0.47843137 0.42745098
v -0.06165355 0.14594781 -0.03425193 0.61568627 0.52941176 0.47450980
v -0.40417325 0.17071760 -0.03425193 0.59607843 0.60392157 0.57254902
v -0.39047247 0.17125988 -0.03637964 0.59215686 0.60784314 0.58039216
v -0.39284617 0.17125988 -0.03425193 0.59215686 0.60784314 0.58431373
v -0.38695329 0.17125988 -0.03425193 0.59215686 0.60392157 0.57647059
v -0.37677163 0.17023218 -0.03425193 0.58823529 0.60000000 0.56470588
v -0.36307085 0.16790581 -0.03425193 0.58039216 0.58823529 0.55294118
v -0.34937006 0.16559267 -0.03425193 0.57647059 0.60000000 0.56470588
v -0.33566928 0.16225135 -0.03425193 0.57647059 0.60000000 0.56862745
v -0.32196850 0.15999174 -0.03425193 0.57254902 0.59607843 0.56078431
v -0.39047247 0.17336869 -0.03425193 0.59215686 0.60784314 0.58431373
v -0.41724128 -0.18496066 -0.02055115 0.59607843 0.60000000 0.56862745
v -0.40417325 -0.19803929 -0.02055115 0.60000000 0.61176471 0.58039216
v -0.39047247 -0.19772243 -0.02055115 0.60000000 0.61568627 0.58823529
v -0.37677163 -0.19669056 -0.02055115 0.59607843 0.61568627 0.59215686
v -0.36307085 -0.19548470 -0.02055115 0.59215686 0.61568627 0.59607843
v -0.34937006 -0.19353282 -0.02055115 0.58823529 0.61960784 0.59607843
v -0.33566928 -0.19134569 -0.02055115 0.58431373 0.62352941 0.59607843
v -0.32196850 -0.18899596 -0.02055115 0.57647059 0.61960784 0.59607843
v -0.32196850 -0.18496066 -0.02671933 0.57647059 0.61960784 0.59215686
v -0.31147105 -0.18496066 -0.02055115 0.57254902 0.61176471 0.59607843
v -0.41787404 -0.17125988 -0.03125548 0.58823529 0.59215686 0.55686275
v -0.42709842 -0.17125988 -0.02055115 0.59215686 0.59607843 0.56470588
v -0.41787404 -0.18048996 -0.02055115 0.59215686 0.59607843 0.56862745
v -0.30826771 -0.18442500 -0.02055115 0.57254902 0.61568627 0.59215686
v -0.29456693 -0.18114752 -0.02055115 0.58039216 0.61176471 0.57647059
v -0.28086615 -0.17802572 -0.02055115 0.59607843 0.60392157 0.55686275
v -0.28086615 -0.17125988 -0.02778608 0.58039216 0.60784314 0.56470588
v -0.27374250 -0.17125988 -0.02055115 0.57254902 0.60000000 0.57254902
v -0.11645669 -0.17125988 -0.03213745 0.56470588 0.54901961 0.51372549
v -0.12545198 -0.17125988 -0.02055115 0.60392157 0.57254902 0.53725490
v -0.11645669 -0.18052346 -0.02055115 0.59215686 0.56470588 0.52549020
v -0.10275590 -0.18034840 -0.02055115 0.56470588 0.54117647 0.49411765
v -0.10275590 -0.17125988 -0.03357953 0.52549020 0.50588235 0.46666667
v -0.08905512 -0.17820084 -0.02055115 0.54901961 0.52549020 0.47450980
v -0.08905512 -0.17125988 -0.03084433 0.52156863 0.49019608 0.44313725
v -0.07535434 -0.17642361 -0.02055115 0.50588235 0.46274510 0.41568627
v -0.07535434 -0.17125988 -0.02779746 0.46274510 0.41960784 0.37647059
v -0.06165355 -0.17239201 -0.02055115 0.53725490 0.45098039 0.41568627
v -0.06165355 -0.17125988 -0.02217287 0.54901961 0.45882353 0.42745098
v -0.05775851 -0.17125988 -0.02055115 0.58431373 0.48235294 0.44313725
v -0.43020824 -0.15755904 -0.02055115 0.59215686 0.59607843 0.56470588
v -0.26716530 -0.16807795 -0.02055115 0.54901961 0.58431373 0.58039216
v -0.26716530 -0.15755904 -0.03105402 0.54509804 0.58823529 0.58431373
v -0.25346458 -0.16521996 -0.02055115 0.53725490 0.57254902 0.58039216
v -0.25346458 -0.15755904 -0.02819717 0.53725490 0.57254902 0.58431373
v -0.23976380 -0.15867686 -0.02055115 0.54901961 0.58039216 0.58823529
v -0.23976380 -0.15755904 -0.02167243 0.54901961 0.58039216 0.58823529
v -0.23717099 -0.15755904 -0.02055115 0.55294118 0.58039216 0.58823529
v -0.13015747 -0.15755904 -0.02686143 0.52549020 0.52156863 0.49019608
v -0.13639939 -0.15755904 -0.02055115 0.53725490 0.52549020 0.48627451
v -0.13015747 -0.16433781 -0.02055115 0.56078431 0.54117647 0.50588235
v -0.04795271 -0.16943675 -0.02055115 0.78039216 0.63137255 0.57254902
v -0.03425193 -0.16643310 -0.02055115 0.67058824 0.29411765 0.25098039
v -0.03425193 -0.15755904 -0.03401017 0.64313725 0.20392157 0.18431373
v -0.02055115 -0.16350454 -0.02055115 0.63921569 0.18823529 0.16470588
v -0.02055115 -0.15755904 -0.02904415 0.64705882 0.18039216 0.15294118
v -0.00685036 -0.16028243 -0.02055115 0.65490196 0.15686275 0.13333333
v -0.00685036 -0.15755904 -0.02432561 0.65490196 0.15294118 0.12941176
v 0.00225657 -0.15755904 -0.02055115 0.65490196 0.14117647 0.11764706
v -0.43070120 -0.14385825 -0.02055115 0.59215686 0.59215686 0.56078431
v -0.23976380 -0.14385825 -0.03267378 0.55294118 0.58431373 0.58823529
v -0.22606301 -0.15491074 -0.02055115 0.56470588 0.58823529 0.58823529
v -0.22606301 -0.14385825 -0.03022891 0.56470588 0.58823529 0.58823529
v -0.21236223 -0.15223843 -0.02055115 0.58431373 0.59607843 0.59607843
v -0.21236223 -0.14385825 -0.02772319 0.58823529 0.59607843 0.59215686
v -0.19866145 -0.14820296 -0.02055115 0.60000000 0.60392157 0.59215686
v -0.19866145 -0.14385825 -0.02432877 0.60000000 0.60392157 0.58823529
v -0.19010228 -0.14385825 -0.02055115 0.62352941 0.61568627 0.58039216
v -0.13015747 -0.14385825 -0.03207707 0.49411765 0.50196078 0.47058824
v -0.14126229 -0.14385825 -0.02055115 0.56862745 0.54901961 0.50196078
v 0.00685036 -0.15648544 -0.02055115 0.65490196 0.13725490 0.10980392
v 0.02055115 -0.15264803 -0.02055115 0.65490196 0.12549020 0.09803922
v 0.02055115 -0.14385825 -0.03264737 0.66274510 0.12156863 0.09411765
v 0.03425193 -0.14813083 -0.02055115 0.65098039 0.11764706 0.09019608
v 0.03425193 -0.14385825 -0.02581084 0.65490196 0.12156863 0.08627451
v 0.04671013 -0.14385825 -0.02055115 0.64313725 0.10980392 0.08235294
v -0.43079656 -0.13015747 -0.02055115 0.59215686 0.59215686 0.56078431
v -0.22606301 -0.13015747 -0.03367025 0.58431373 0.59607843 0.58039216
v -0.21236223 -0.13015747 -0.03189695 0.59607843 0.60000000 0.58823529
v -0.19866145 -0.13015747 -0.03007656 0.61176471 0.60784314 0.58823529
v -0.18496066 -0.14167279 -0.02055115 0.62352941 0.61568627 0.58039216
v -0.18496066 -0.13015747 -0.02820534 0.62352941 0.61568627 0.58039216
v -0.17125988 -0.14042825 -0.02055115 0.58823529 0.58823529 0.55294118
v -0.17125988 -0.13015747 -0.02727354 0.58431373 0.58039216 0.54901961
v -0.16162872 -0.13015747 -0.02055115 0.59215686 0.58431373 0.54509804
v -0.13015747 -0.13015747 -0.03422642 0.54901961 0.52941176 0.49019608
v -0.14271677 -0.13015747 -0.02055115 0.56470588 0.55294118 0.50588235
v 0.04795271 -0.14347363 -0.02055115 0.64313725 0.10980392 0.08235294
v 0.06165349 -0.13811117 -0.02055115 0.63921569 0.10980392 0.07450980
v 0.06165349 -0.13015747 -0.03219122 0.64313725 0.10588235 0.07058824
v 0.07535428 -0.13410395 -0.02055115 0.63137255 0.10196078 0.06666667
v 0.07535428 -0.13015747 -0.02561730 0.63921569 0.10588235 0.07058824
v 0.08400381 -0.13015747 -0.02055115 0.65098039 0.10588235 0.07058824
v -0.43079329 -0.11645669 -0.02055115 0.59215686 0.59215686 0.56078431
v -0.19866145 -0.11645669 -0.03233653 0.61568627 0.61176471 0.58431373
v -0.18496066 -0.11645669 -0.03109914 0.62352941 0.61568627 0.58039216
v -0.17125988 -0.11645669 -0.03048325 0.58823529 0.58431373 0.55294118
v -0.15755904 -0.12597024 -0.02055115 0.58823529 0.58039216 0.54117647
v -0.15755904 -0.11645669 -0.02705300 0.58431373 0.57254902 0.53333333
v -0.14916509 -0.11645669 -0.02055115 0.57647059 0.56862745 0.52156863
v -0.14346254 -0.11645669 -0.02055115 0.56862745 0.55686275 0.50980392
v 0.08905506 -0.12762630 -0.02055115 0.66274510 0.10980392 0.07058824
v 0.10275584 -0.12119114 -0.02055115 0.68627451 0.11372549 0.07450980
v 0.10275584 -0.11645669 -0.02681333 0.68627451 0.11372549 0.07450980
v 0.11151010 -0.11645669 -0.02055115 0.69411765 0.11764706 0.07450980
v -0.43071663 -0.10275590 -0.02055115 0.59215686 0.59215686 0.56078431
v -0.18496066 -0.10275590 -0.03300929 0.62352941 0.61960784 0.58431373
v -0.17125988 -0.10275590 -0.03249389 0.58823529 0.58823529 0.55686275
v -0.15755904 -0.10275590 -0.03014272 0.58431373 0.56862745 0.52549020
v -0.14466995 -0.10275590 -0.02055115 0.57254902 0.55294118 0.50588235
v -0.14380378 -0.10275590 -0.02055115 0.57254902 0.55294118 0.50588235
v 0.11645675 -0.11385107 -0.02055115 0.70196078 0.12156863 0.07450980
v 0.11645675 -0.10275590 -0.03133571 0.70196078 0.11372549 0.07450980
v 0.13015747 -0.10909992 -0.02055115 0.71764706 0.12549020 0.07450980
v 0.13015747 -0.10275590 -0.02617192 0.71764706 0.12156863 0.07843137
v 0.14385831 -0.10394555 -0.02055115 0.73725490 0.12549020 0.08235294
v 0.14385831 -0.10275590 -0.02159381 0.73725490 0.12549020 0.08235294
v 0.14573979 -0.10275590 -0.02055115 0.73725490 0.12549020 0.08235294
v -0.43006787 -0.08905512 -0.02055115 0.59215686 0.59215686 0.56078431
v -0.19866145 -0.08905512 -0.03411174 0.61176471 0.60000000 0.57254902
v -0.18496066 -0.08905512 -0.03278649 0.61960784 0.61568627 0.58431373
v -0.17125988 -0.08905512 -0.03253627 0.59215686 0.59215686 0.56078431
v -0.15755904 -0.08905512 -0.03115582 0.58823529 0.56862745 0.52941176
v -0.14385825 -0.09618336 -0.02055115 0.57254902 0.54901961 0.50588235
v -0.14385825 -0.08905512 -0.02219820 0.57254902 0.54901961 0.50588235
v 0.14385831 -0.08905512 -0.03010809 0.73725490 0.12549020 0.08235294
v 0.15755904 -0.09638959 -0.02055115 0.75294118 0.12941176 0.08627451
v 0.15755904 -0.08905512 -0.02598721 0.75294118 0.13333333 0.08627451
v 0.16237938 -0.08905512 -0.02055115 0.76078431 0.13725490 0.09019608
v 0.19866145 -0.08905512 -0.02751589 0.78039216 0.15686275 0.10588235
v 0.18911588 -0.08905512 -0.02055115 0.78039216 0.15294118 0.09803922
v 0.19866145 -0.10120136 -0.02055115 0.77254902 0.16078431 0.10980392
v 0.21236217 -0.09271568 -0.02055115 0.86274510 0.35686275 0.25490196
v 0.21236217 -0.08905512 -0.02354860 0.83529412 0.29803922 0.21568627
v 0.21562982 -0.08905512 -0.02055115 0.87450980 0.41960784 0.30196078
v -0.41787404 -0.07535434 -0.02893871 0.58431373 0.59215686 0.56078431
v -0.42487222 -0.07535434 -0.02055115 0.58823529 0.59215686 0.56470588
v -0.26716530 -0.07535434 -0.02636641 0.56470588 0.59607843 0.57647059
v -0.25346458 -0.07535434 -0.02812338 0.56078431 0.58823529 0.57647059
v -0.23976380 -0.07535434 -0.02852303 0.58039216 0.59607843 0.57254902
v -0.22606301 -0.07535434 -0.02913326 0.58823529 0.59607843 0.57254902
v -0.21236223 -0.07535434 -0.02936405 0.59607843 0.60000000 0.58431373
v -0.19866145 -0.07535434 -0.02900654 0.60784314 0.60392157 0.57647059
v -0.18496066 -0.07535434 -0.02847701 0.62745098 0.61568627 0.58039216
v -0.17125988 -0.07535434 -0.02931690 0.61176471 0.60392157 0.56470588
v -0.15755904 -0.07535434 -0.02935070 0.59215686 0.57647059 0.53333333
v -0.14385825 -0.07535434 -0.02081496 0.57647059 0.55686275 0.51372549
v 0.15755904 -0.07535434 -0.03413099 0.75686275 0.14117647 0.09019608
v 0.16600335 -0.07535434 -0.02055115 0.76862745 0.14509804 0.09411765
v 0.18496060 -0.07535434 -0.02909005 0.78431373 0.15686275 0.09803922
v 0.17651701 -0.07535434 -0.02055115 0.77647059 0.14901961 0.09411765
v 0.18496060 -0.08603173 -0.02055115 0.78039216 0.15294118 0.09803922
v 0.19866145 -0.07535434 -0.03212506 0.78823529 0.16470588 0.10588235
v 0.21236217 -0.07535434 -0.02751344 0.78431373 0.19607843 0.13725490
v 0.22503293 -0.07535434 -0.02055115 0.69803922 0.38039216 0.30588235
v -0.41787404 -0.06839222 -0.02055115 0.58823529 0.59215686 0.56470588
v -0.40417325 -0.06165355 -0.03400183 0.58823529 0.60000000 0.56078431
v -0.41341114 -0.06165355 -0.02055115 0.58823529 0.59607843 0.56470588
v -0.39047247 -0.06165355 -0.03132218 0.59215686 0.60784314 0.57254902
v -0.37677163 -0.06165355 -0.02353096 0.58823529 0.60784314 0.58039216
v -0.37006587 -0.06165355 -0.02055115 0.58431373 0.60784314 0.58823529
v -0.36307085 -0.06201857 -0.02055115 0.58431373 0.60784314 0.58823529
v -0.34937006 -0.06258535 -0.02055115 0.59215686 0.61568627 0.58823529
v -0.33566928 -0.06295395 -0.02055115 0.59607843 0.62352941 0.59215686
v -0.32196850 -0.06254262 -0.02055115 0.58823529 0.62352941 0.60000000
v -0.30826771 -0.06261694 -0.02055115 0.58431373 0.62745098 0.60392157
v -0.29456693 -0.06294674 -0.02055115 0.59215686 0.62745098 0.59215686
v -0.28086615 -0.06456810 -0.02055115 0.60784314 0.61960784 0.56078431
v -0.26716530 -0.06956136 -0.02055115 0.56862745 0.60000000 0.57647059
v -0.25346458 -0.06769317 -0.02055115 0.56470588 0.59215686 0.57647059
v -0.23976380 -0.06732535 -0.02055115 0.58823529 0.60000000 0.57254902
v -0.22606301 -0.06675011 -0.02055115 0.59215686 0.60000000 0.57647059
v -0.21236223 -0.06513596 -0.02055115 0.59215686 0.60000000 0.58431373
v -0.19866145 -0.06335616 -0.02055115 0.60000000 0.60000000 0.58039216
v -0.18496066 -0.06282657 -0.02055115 0.62352941 0.61176471 0.57254902
v -0.17125988 -0.06165355 -0.02431208 0.61568627 0.60784314 0.56470588
v -0.18209529 -0.06165355 -0.02055115 0.62352941 0.61176471 0.57254902
v -0.15755904 -0.06165355 -0.02532870 0.59215686 0.57647059 0.53333333
v -0.14417404 -0.06165355 -0.02055115 0.57254902 0.55686275 0.50980392
v -0.14385825 -0.06719583 -0.02055115 0.57647059 0.56078431 0.51372549
v -0.14385349 -0.06165355 -0.02055115 0.57254902 0.55686275 0.50980392
v 0.16820955 -0.06165355 -0.02055115 0.76862745 0.14901961 0.09411765
v 0.18496060 -0.06165355 -0.03321463 0.78431373 0.15686275 0.10196078
v 0.17311430 -0.06165355 -0.02055115 0.77254902 0.15294118 0.09411765
v 0.21236217 -0.06165355 -0.03052038 0.78823529 0.18431373 0.12941176
v 0.22606301 -0.07387388 -0.02055115 0.68235294 0.39607843 0.32549020
v 0.22606301 -0.06165355 -0.02606380 0.74117647 0.35294118 0.27450980
v 0.23242152 -0.06165355 -0.02055115 0.63529412 0.47843137 0.41568627
v -0.40417325 -0.05233085 -0.02055115 0.59215686 0.60000000 0.56078431
v -0.39047247 -0.05557555 -0.02055115 0.59607843 0.60784314 0.56862745
v -0.37677163 -0.06012768 -0.02055115 0.58823529 0.60784314 0.58039216
v -0.17125988 -0.05784422 -0.02055115 0.61568627 0.60392157 0.56470588
v -0.15755904 -0.05474705 -0.02055115 0.58823529 0.57254902 0.52549020
v -0.14559364 -0.04795271 -0.02055115 0.56470588 0.54509804 0.49803922
v -0.14385825 -0.04795271 -0.02157509 0.56470588 0.54117647 0.49411765
v -0.14385825 -0.05970967 -0.02055115 0.57254902 0.55294118 0.50588235
v 0.16987383 -0.04795271 -0.02055115 0.77254902 0.14901961 0.09411765
v 0.17224967 -0.04795271 -0.02055115 0.77254902 0.14901961 0.09411765
v 0.22606301 -0.04795271 -0.02935332 0.88627451 0.50980392 0.38431373
v 0.23839402 -0.04795271 -0.02055115 0.61568627 0.48627451 0.42352941
v -0.14385825 -0.04092997 -0.02055115 0.56078431 0.53725490 0.49019608
v -0.14382970 -0.03425193 -0.02055115 0.56470588 0.54117647 0.49411765
v 0.17125988 -0.03567857 -0.02055115 0.76862745 0.14509804 0.09411765
v 0.17125988 -0.03425193 -0.02150029 0.76862745 0.14509804 0.09411765
v 0.22606301 -0.03425193 -0.03139031 0.89803922 0.49411765 0.36862745
v 0.23976374 -0.04544389 -0.02055115 0.61568627 0.48627451 0.42352941
v 0.23976374 -0.03425193 -0.02673608 0.61568627 0.48235294 0.41960784
v 0.24705338 -0.03425193 -0.02055115 0.61176471 0.48627451 0.41960784
v -0.14374077 -0.02055115 -0.02055115 0.57254902 0.54901961 0.49803922
v 0.17125988 -0.02055115 -0.02732718 0.76078431 0.14509804 0.09019608
v 0.22606301 -0.02055115 -0.03267467 0.85490196 0.38431373 0.28627451
v 0.23976374 -0.02055115 -0.03002894 0.60000000 0.46666667 0.40392157
v 0.24978459 -0.02055115 -0.02055115 0.60784314 0.48235294 0.41568627
v -0.14383566 -0.00685036 -0.02055115 0.58039216 0.54901961 0.49803922
v 0.17125988 -0.00685036 -0.02937627 0.75686275 0.13725490 0.08627451
v 0.22606301 -0.00685036 -0.03320044 0.85098039 0.39215686 0.29411765
v 0.23976374 -0.00685036 -0.03056508 0.60000000 0.47058824 0.40784314
v 0.25033033 -0.00685036 -0.02055115 0.60784314 0.48627451 0.41960784
v -0.14385825 0.00685036 -0.02837348 0.58039216 0.54117647 0.48627451
v -0.15170687 0.00685036 -0.02055115 0.58823529 0.55294118 0.49411765
v -0.14385825 -0.00606799 -0.02055115 0.58039216 0.54901961 0.49411765
v 0.17125988 0.00685036 -0.02968979 0.74901961 0.12549020 0.07843137
v 0.22606301 0.00685036 -0.03258032 0.88627451 0.51764706 0.39607843
v 0.23976374 0.00685036 -0.02853024 0.60784314 0.48235294 0.42352941
v 0.24888575 0.00685036 -0.02055115 0.60784314 0.49019608 0.42745098
v -0.40417325 0.02055115 -0.02185303 0.58823529 0.59607843 0.56078431
v -0.40481263 0.02055115 -0.02055115 0.59215686 0.59607843 0.56078431
v -0.40417325 0.01990736 -0.02055115 0.59215686 0.59607843 0.56078431
v -0.40321085 0.02055115 -0.02055115 0.59215686 0.59607843 0.56078431
v -0.15755904 0.02055115 -0.02795339 0.59607843 0.56470588 0.50588235
v -0.16627687 0.02055115 -0.02055115 0.60784314 0.58039216 0.52941176
v -0.15755904 0.01257706 -0.02055115 0.59215686 0.56078431 0.50588235
v -0.14385825 0.02055115 -0.03136790 0.58823529 0.54509804 0.48235294
v 0.17125988 0.02055115 -0.02932775 0.74117647 0.12156863 0.07843137
v 0.22606301 0.02055115 -0.03186136 0.83529412 0.51764706 0.40392157
v 0.23976374 0.02055115 -0.02445620 0.60392157 0.48627451 0.43137255
v 0.24430203 0.02055115 -0.02055115 0.60000000 0.49019608 0.43529412
v -0.42706919 0.03425193 -0.02055115 0.58039216 0.58431373 0.55686275
v -0.41787404 0.02509791 -0.02055115 0.58431373 0.58823529 0.55686275
v -0.39047247 0.02084953 -0.02055115 0.59215686 0.60000000 0.56470588
v -0.37677163 0.02152991 -0.02055115 0.58431373 0.60000000 0.57254902
v -0.36307085 0.02243108 -0.02055115 0.58039216 0.60000000 0.57647059
v -0.34937006 0.02280879 -0.02055115 0.58823529 0.60784314 0.58039216
v -0.33566928 0.02306724 -0.02055115 0.59215686 0.61568627 0.58823529
v -0.32196850 0.02318901 -0.02055115 0.58823529 0.61960784 0.59607843
v -0.30826771 0.02290779 -0.02055115 0.58039216 0.61960784 0.59607843
v -0.29456693 0.02197057 -0.02055115 0.58823529 0.61568627 0.57647059
v -0.28086615 0.02218223 -0.02055115 0.59607843 0.60784314 0.55294118
v -0.26716530 0.02357292 -0.02055115 0.56862745 0.59607843 0.57254902
v -0.26716530 0.03425193 -0.03334558 0.56470588 0.59607843 0.57647059
v -0.25346458 0.02447534 -0.02055115 0.56078431 0.58823529 0.57647059
v -0.23976380 0.02506667 -0.02055115 0.58039216 0.59215686 0.56470588
v -0.22606301 0.02518427 -0.02055115 0.59215686 0.59215686 0.56470588
v -0.21236223 0.02444273 -0.02055115 0.59607843 0.59607843 0.56862745
v -0.19866145 0.02396184 -0.02055115 0.59607843 0.59215686 0.56470588
v -0.18496066 0.02363247 -0.02055115 0.62352941 0.60392157 0.55686275
v -0.17125988 0.02272624 -0.02055115 0.61568627 0.59607843 0.54509804
v -0.14385825 0.03425193 -0.03250045 0.60000000 0.55294118 0.48627451
v 0.17125988 0.03425193 -0.02641964 0.74117647 0.12549020 0.07843137
v 0.21236217 0.03425193 -0.03424788 0.75294118 0.16862745 0.12156863
v 0.22606301 0.03425193 -0.02977657 0.67450980 0.41960784 0.34901961
v 0.23849988 0.03425193 -0.02055115 0.59215686 0.48627451 0.43137255
v 0.23976374 0.02968323 -0.02055115 0.59215686 0.48235294 0.42745098
v -0.43048531 0.04795271 -0.02055115 0.58431373 0.58431373 0.55686275
v -0.14385825 0.04795271 -0.03373224 0.61176471 0.56078431 0.48627451
v 0.17125988 0.04499340 -0.02055115 0.73333333 0.12156863 0.07843137
v 0.17035007 0.04795271 -0.02055115 0.73333333 0.12156863 0.07843137
v 0.17206764 0.04795271 -0.02055115 0.73333333 0.12156863 0.07843137
v 0.21236217 0.04795271 -0.03142774 0.77254902 0.22352941 0.16078431
v 0.22606301 0.04795271 -0.02720076 0.63529412 0.48627451 0.42352941
v 0.23506987 0.04795271 -0.02055115 0.58431373 0.48627451 0.43921569
v -0.43063197 0.06165349 -0.02055115 0.59215686 0.59215686 0.56078431
v -0.14385825 0.06165349 -0.03395915 0.61960784 0.56078431 0.48235294
v 0.16582346 0.06165349 -0.02055115 0.72941176 0.11764706 0.07450980
v 0.18496060 0.06165349 -0.03128928 0.73725490 0.12549020 0.08235294
v 0.17489147 0.06165349 -0.02055115 0.73725490 0.12549020 0.07843137
v 0.19866145 0.06165349 -0.03240383 0.72941176 0.14117647 0.09803922
v 0.21236217 0.06165349 -0.02917725 0.87843137 0.50980392 0.37647059
v 0.22401762 0.06165349 -0.02055115 0.60784314 0.48627451 0.42352941
v 0.22606301 0.05849195 -0.02055115 0.60000000 0.48627451 0.42745098
v -0.43066168 0.07535428 -0.02055115 0.59607843 0.59215686 0.56078431
v -0.14385825 0.07535428 -0.03332919 0.62745098 0.56470588 0.48235294
v 0.13015747 0.07535428 -0.03313899 0.68235294 0.09803922 0.06666667
v 0.14385831 0.07535428 -0.02915245 0.69803922 0.10588235 0.06666667
v 0.15739310 0.07535428 -0.02055115 0.71764706 0.11372549 0.07450980
v 0.15755904 0.07523441 -0.02055115 0.71764706 0.11372549 0.07450980
v 0.18496060 0.07535428 -0.02482754 0.73333333 0.12941176 0.08627451
v 0.18074226 0.07535428 -0.02055115 0.73725490 0.12941176 0.08235294
v 0.19866145 0.07535428 -0.02848524 0.73333333 0.17647059 0.12156863
v 0.21236217 0.07535428 -0.02389723 0.70196078 0.47058824 0.38431373
v 0.21597028 0.07535428 -0.02055115 0.62745098 0.48235294 0.41176471
v -0.43072671 0.08905506 -0.02055115 0.59215686 0.59215686 0.56470588
v -0.14385825 0.08905506 -0.03138244 0.63529412 0.57254902 0.49019608
v 0.11645675 0.08905506 -0.02663320 0.67058824 0.10196078 0.06666667
v 0.13015747 0.08905506 -0.02181679 0.68627451 0.10588235 0.06666667
v 0.13525653 0.08905506 -0.02055115 0.69019608 0.10588235 0.07058824
v 0.14385831 0.08672982 -0.02055115 0.70588235 0.11372549 0.07058824
v 0.18496060 0.08016831 -0.02055115 0.73333333 0.13725490 0.09019608
v 0.19866145 0.08685327 -0.02055115 0.84313725 0.36862745 0.25882353
v 0.21236217 0.07924527 -0.02055115 0.64705882 0.46274510 0.38823529
v -0.43070206 0.10275584 -0.02055115 0.59215686 0.59215686 0.56078431
v -0.15755904 0.10275584 -0.03328031 0.63529412 0.58431373 0.50980392
v -0.14385825 0.10275584 -0.02665114 0.63921569 0.58039216 0.49411765
v 0.07535428 0.10275584 -0.03313267 0.62745098 0.09019608 0.06274510
v 0.08905506 0.10275584 -0.02853841 0.63921569 0.09411765 0.06274510
v 0.10275584 0.10275584 -0.02337581 0.65490196 0.09803922 0.06666667
v 0.10716724 0.10275584 -0.02055115 0.65882353 0.09803922 0.06666667
v 0.11645675 0.09634751 -0.02055115 0.65882353 0.09803922 0.06666667
v 0.13015747 0.09047437 -0.02055115 0.68235294 0.10588235 0.06666667
v -0.43047109 0.11645675 -0.02055115 0.59215686 0.59215686 0.56078431
v -0.15755904 0.11645675 -0.03058618 0.63137255 0.58823529 0.51372549
v -0.14385825 0.11645675 -0.02067286 0.63137255 0.58039216 0.49803922
v 0.04795271 0.11645675 -0.03197545 0.60784314 0.08235294 0.05490196
v 0.06165349 0.11645675 -0.02789629 0.61176471 0.08235294 0.05882353
v 0.07535428 0.11645675 -0.02318615 0.62352941 0.08627451 0.05882353
v 0.08203125 0.11645675 -0.02055115 0.62745098 0.09019608 0.06274510
v 0.08905506 0.11333281 -0.02055115 0.63529412 0.09019608 0.06274510
v 0.10275584 0.10619515 -0.02055115 0.65490196 0.09803922 0.06666667
v -0.42999631 0.13015747 -0.02055115 0.59607843 0.59215686 0.56078431
v -0.19866145 0.13015747 -0.03241843 0.56862745 0.58431373 0.58039216
v -0.18496066 0.13015747 -0.02993006 0.57254902 0.58823529 0.57254902
v -0.17125988 0.13015747 -0.02704567 0.58823529 0.58823529 0.55686275
v -0.16354382 0.13015747 -0.02055115 0.60392157 0.58823529 0.54117647
v -0.15755904 0.12703609 -0.02055115 0.61568627 0.58823529 0.52156863
v -0.14385825 0.11658734 -0.02055115 0.63137255 0.58039216 0.49803922
v -0.14273876 0.13015747 -0.02055115 0.62352941 0.58039216 0.50196078
v 0.00685036 0.13015747 -0.02988344 0.63137255 0.09411765 0.07843137
v 0.02055115 0.13015747 -0.02563894 0.62352941 0.09019608 0.07058824
v 0.03425193 0.13015747 -0.02069920 0.61568627 0.08235294 0.06666667
v 0.03458083 0.13015747 -0.02055115 0.61568627 0.08235294 0.06666667
v 0.04795271 0.12600762 -0.02055115 0.60392157 0.07843137 0.05882353
v 0.06165349 0.12284696 -0.02055115 0.60784314 0.08235294 0.05882353
v 0.07535428 0.11889356 -0.02055115 0.61960784 0.08627451 0.05882353
v -0.41787404 0.14385831 -0.03379047 0.58823529 0.59215686 0.55294118
v -0.42759448 0.14385831 -0.02055115 0.59215686 0.59215686 0.56078431
v -0.26716530 0.14385831 -0.03223205 0.55294118 0.58431373 0.57647059
v -0.25346458 0.14385831 -0.03265399 0.54509804 0.57254902 0.57647059
v -0.23976380 0.14385831 -0.02913231 0.54509804 0.57254902 0.57647059
v -0.22606301 0.14385831 -0.02505898 0.54901961 0.57647059 0.58039216
v -0.21431935 0.14385831 -0.02055115 0.55686275 0.58039216 0.58431373
v -0.21236223 0.14350843 -0.02055115 0.55686275 0.58431373 0.58431373
v -0.19866145 0.14088809 -0.02055115 0.56470588 0.58431373 0.58431373
v -0.18496066 0.13912427 -0.02055115 0.57647059 0.58823529 0.57647059
v -0.17125988 0.13652420 -0.02055115 0.58823529 0.58823529 0.55686275
v -0.13015747 0.14385831 -0.03243196 0.62352941 0.57647059 0.49411765
v -0.14057845 0.14385831 -0.02055115 0.61176471 0.58039216 0.50980392
v -0.04795271 0.14385831 -0.02956820 0.88627451 0.67450980 0.53725490
v -0.03425193 0.14385831 -0.02412724 0.62745098 0.17647059 0.14509804
v -0.02585590 0.14385831 -0.02055115 0.60784314 0.13725490 0.11372549
v -0.02055115 0.14237964 -0.02055115 0.61568627 0.12156863 0.10588235
v -0.00685036 0.13910222 -0.02055115 0.62352941 0.10588235 0.09019608
v 0.00685036 0.13657677 -0.02055115 0.61960784 0.09803922 0.07843137
v 0.02055115 0.13426328 -0.02055115 0.61960784 0.09019608 0.07058824
v 0.03425193 0.13029480 -0.02055115 0.61568627 0.08235294 0.06666667
v -0.41787404 0.15365100 -0.02055115 0.59215686 0.59215686 0.56078431
v -0.41760117 0.15755904 -0.02055115 0.59215686 0.59607843 0.56470588
v -0.30826771 0.15755904 -0.03219730 0.56470588 0.58823529 0.55686275
v -0.29456693 0.15755904 -0.03044200 0.56078431 0.59215686 0.56078431
v -0.28256506 0.15755904 -0.02055115 0.57254902 0.59215686 0.55686275
v -0.28086615 0.15740430 -0.02055115 0.57254902 0.59215686 0.56078431
v -0.26716530 0.15490818 -0.02055115 0.55686275 0.58431373 0.57254902
v -0.25346458 0.15416169 -0.02055115 0.54901961 0.58039216 0.57647059
v -0.23976380 0.15130222 -0.02055115 0.54901961 0.57254902 0.57647059
v -0.22606301 0.14808679 -0.02055115 0.55294118 0.57254902 0.57647059
v -0.13015747 0.15496433 -0.02055115 0.61568627 0.57254902 0.49411765
v -0.11645669 0.15755904 -0.02704930 0.62352941 0.56470588 0.47450980
v -0.12212992 0.15755904 -0.02055115 0.61960784 0.57254902 0.49019608
v -0.10275590 0.15755904 -0.02456582 0.64705882 0.53333333 0.43529412
v -0.08945876 0.15755904 -0.02055115 0.65098039 0.51372549 0.41568627
v -0.08905512 0.15752316 -0.02055115 0.65098039 0.50980392 0.41568627
v -0.07535434 0.15584433 -0.02055115 0.62745098 0.48627451 0.40784314
v -0.06165355 0.15293205 -0.02055115 0.59607843 0.48235294 0.42745098
v -0.04795271 0.14986610 -0.02055115 0.70196078 0.59215686 0.51372549
v -0.03425193 0.14664841 -0.02055115 0.70196078 0.27843137 0.21176471
v -0.40417325 0.17125988 -0.02891201 0.59607843 0.60392157 0.57254902
v -0.41187745 0.17125988 -0.02055115 0.59607843 0.60000000 0.56862745
v -0.37677163 0.17125988 -0.02695942 0.59215686 0.60000000 0.56862745
v -0.36997497 0.17125988 -0.02055115 0.58823529 0.59607843 0.56470588
v -0.36307085 0.17010820 -0.02055115 0.58431373 0.59607843 0.56078431
v -0.34937006 0.16792238 -0.02055115 0.58039216 0.59607843 0.56470588
v -0.33566928 0.16505051 -0.02055115 0.58039216 0.60000000 0.56862745
v -0.32196850 0.16430259 -0.02055115 0.57254902 0.59607843 0.56862745
v -0.30826771 0.16388309 -0.02055115 0.56862745 0.59215686 0.56470588
v -0.29456693 0.16406488 -0.02055115 0.56470588 0.59215686 0.56078431
v -0.11645669 0.16244102 -0.02055115 0.61568627 0.56862745 0.48235294
v -0.10275590 0.16053152 -0.02055115 0.63921569 0.54117647 0.43529412
v -0.40417325 0.17917871 -0.02055115 0.59607843 0.60392157 0.57647059
v -0.39047247 0.18209147 -0.02055115 0.59607843 0.60784314 0.57647059
v -0.37677163 0.17551744 -0.02055115 0.59215686 0.60000000 0.56862745
v -0.41764027 -0.18496066 -0.00685036 0.59215686 0.60000000 0.56862745
v -0.40417325 -0.19839793 -0.00685036 0.59607843 0.60784314 0.58039216
v -0.39047247 -0.19829184 -0.00685036 0.59607843 0.61568627 0.58823529
v -0.37677163 -0.19783753 -0.00685036 0.59607843 0.61568627 0.59215686
v -0.36307085 -0.19703084 -0.00685036 0.59215686 0.61568627 0.59607843
v -0.34937006 -0.19515890 -0.00685036 0.58431373 0.61568627 0.59607843
v -0.33566928 -0.19381338 -0.00685036 0.58431373 0.61960784 0.59607843
v -0.32196850 -0.19292253 -0.00685036 0.57647059 0.61568627 0.59607843
v -0.30826771 -0.19136220 -0.00685036 0.57254902 0.61568627 0.59607843
v -0.30826771 -0.18496066 -0.01881915 0.57254902 0.61568627 0.59215686
v -0.29752028 -0.18496066 -0.00685036 0.57647059 0.61176471 0.58039216
v -0.11645669 -0.18496066 -0.00980616 0.60000000 0.57254902 0.52941176
v -0.11904311 -0.18496066 -0.00685036 0.61176471 0.58039216 0.54117647
v -0.11645669 -0.18739682 -0.00685036 0.60392157 0.57647059 0.53333333
v -0.10846895 -0.18496066 -0.00685036 0.56470588 0.54509804 0.49803922
v -0.42958090 -0.17125988 -0.00685036 0.59215686 0.59607843 0.56470588
v -0.41787404 -0.18378544 -0.00685036 0.59215686 0.59607843 0.56862745
v -0.29456693 -0.18442404 -0.00685036 0.57647059 0.61176471 0.57647059
v -0.28086615 -0.18228740 -0.00685036 0.59215686 0.60784314 0.55294118
v -0.26716530 -0.17787147 -0.00685036 0.55294118 0.58431373 0.57647059
v -0.26716530 -0.17125988 -0.01386750 0.55294118 0.58823529 0.58039216
v -0.25346458 -0.17145669 -0.00685036 0.53725490 0.57254902 0.57647059
v -0.25346458 -0.17125988 -0.00705624 0.53725490 0.57254902 0.57647059
v -0.25308919 -0.17125988 -0.00685036 0.53725490 0.57254902 0.57647059
v -0.13015747 -0.17125988 -0.01735228 0.58039216 0.55686275 0.52156863
v -0.14025480 -0.17125988 -0.00685036 0.53725490 0.52549020 0.49411765
v -0.13015747 -0.18156356 -0.00685036 0.61960784 0.58823529 0.54901961
v -0.10275590 -0.18427652 -0.00685036 0.57647059 0.54901961 0.49803922
v -0.08905512 -0.18291247 -0.00685036 0.56470588 0.53333333 0.48235294
v -0.07535434 -0.18083370 -0.00685036 0.54117647 0.49411765 0.44313725
v -0.06165355 -0.17792678 -0.00685036 0.50588235 0.43921569 0.40392157
v -0.04795271 -0.17523253 -0.00685036 0.48235294 0.38823529 0.35294118
v -0.04795271 -0.17125988 -0.01549703 0.69803922 0.56862745 0.51372549
v -0.03425193 -0.17273819 -0.00685036 0.71764706 0.44705882 0.38431373
v -0.03425193 -0.17125988 -0.00950766 0.75686275 0.45882353 0.38823529
v -0.02866447 -0.17125988 -0.00685036 0.70588235 0.35294118 0.30196078
v -0.43076912 -0.15755904 -0.00685036 0.59215686 0.59607843 0.56470588
v -0.23976380 -0.16940373 -0.00685036 0.55294118 0.57647059 0.58039216
v -0.22606301 -0.16745824 -0.00685036 0.57254902 0.58431373 0.58039216
v -0.22606301 -0.15755904 -0.01831168 0.56862745 0.58431373 0.58823529
v -0.21236223 -0.16554081 -0.00685036 0.57647059 0.59215686 0.59215686
v -0.21236223 -0.15755904 -0.01618314 0.58039216 0.59607843 0.59607843
v -0.19866145 -0.16367829 -0.00685036 0.58823529 0.59607843 0.59215686
v -0.19866145 -0.15755904 -0.01372313 0.59215686 0.60000000 0.59607843
v -0.18496066 -0.16040373 -0.00685036 0.61176471 0.60784314 0.57647059
v -0.18496066 -0.15755904 -0.00979549 0.61568627 0.61176471 0.58039216
v -0.17834330 -0.15755904 -0.00685036 0.59215686 0.59607843 0.56862745
v -0.14277279 -0.15755904 -0.00685036 0.55294118 0.53725490 0.49411765
v -0.02055115 -0.17009348 -0.00685036 0.64313725 0.23921569 0.21176471
v -0.00685036 -0.16766661 -0.00685036 0.63137255 0.16862745 0.14509804
v 0.00685036 -0.16476160 -0.00685036 0.63921569 0.14117647 0.11372549
v 0.00685036 -0.15755904 -0.01902735 0.65490196 0.13725490 0.10980392
v 0.02055115 -0.16145587 -0.00685036 0.64313725 0.12941176 0.10196078
v 0.02055115 -0.15755904 -0.01273733 0.64705882 0.12941176 0.09803922
v 0.02986795 -0.15755904 -0.00685036 0.64313725 0.12549020 0.09411765
v -0.43102258 -0.14385825 -0.00685036 0.59215686 0.59215686 0.56078431
v -0.18496066 -0.14385825 -0.01954865 0.61960784 0.61176471 0.58039216
v -0.17125988 -0.15626454 -0.00685036 0.58823529 0.58823529 0.55686275
v -0.17125988 -0.14385825 -0.01915455 0.58823529 0.58823529 0.55686275
v -0.15755904 -0.15126026 -0.00685036 0.59215686 0.58039216 0.53333333
v -0.15755904 -0.14385825 -0.01427722 0.59215686 0.58039216 0.53725490
v -0.14809287 -0.14385825 -0.00685036 0.58431373 0.56862745 0.51764706
v -0.14354861 -0.14385825 -0.00685036 0.58039216 0.56078431 0.50980392
v 0.03425193 -0.15618587 -0.00685036 0.63921569 0.11764706 0.09019608
v 0.04795271 -0.15233135 -0.00685036 0.63137255 0.10980392 0.08235294
v 0.04795271 -0.14385825 -0.02009702 0.64313725 0.10980392 0.08235294
v 0.06165349 -0.14850730 -0.00685036 0.63529412 0.10980392 0.07450980
v 0.06165349 -0.14385825 -0.01299292 0.63529412 0.10980392 0.07450980
v 0.07015365 -0.14385825 -0.00685036 0.63137255 0.10588235 0.07058824
v -0.43102917 -0.13015747 -0.00685036 0.59215686 0.59215686 0.56078431
v -0.15755904 -0.13015747 -0.01894468 0.58823529 0.58039216 0.54117647
v -0.14385825 -0.13447917 -0.00685036 0.58039216 0.56470588 0.51372549
v -0.14385825 -0.13015747 -0.00962496 0.58039216 0.56470588 0.51764706
v 0.07535428 -0.14155018 -0.00685036 0.63137255 0.10196078 0.07058824
v 0.08905506 -0.13737988 -0.00685036 0.63921569 0.10196078 0.07058824
v 0.08905506 -0.13015747 -0.01778501 0.65882353 0.10588235 0.07058824
v 0.10275584 -0.13167417 -0.00685036 0.66666667 0.10980392 0.07058824
v 0.10275584 -0.13015747 -0.00872558 0.67450980 0.10980392 0.07058824
v 0.10499001 -0.13015747 -0.00685036 0.67450980 0.10980392 0.07058824
v -0.43101439 -0.11645669 -0.00685036 0.59215686 0.59215686 0.56078431
v -0.14385825 -0.11645669 -0.01656306 0.57647059 0.56470588 0.51764706
v 0.11645675 -0.12369335 -0.00685036 0.69019608 0.11372549 0.07450980
v 0.11645675 -0.11645669 -0.01717138 0.69411765 0.11764706 0.07450980
v 0.13015747 -0.11931276 -0.00685036 0.70980392 0.12156863 0.07450980
v 0.13015747 -0.11645669 -0.01072830 0.70980392 0.12156863 0.07450980
v 0.14254296 -0.11645669 -0.00685036 0.73333333 0.12549020 0.07843137
v 0.19866145 -0.11645669 -0.01327103 0.80000000 0.25098039 0.17254902
v 0.19173050 -0.11645669 -0.00685036 0.76078431 0.16078431 0.10588235
v 0.19866145 -0.12397015 -0.00685036 0.84705882 0.40392157 0.28627451
v 0.21236217 -0.11668319 -0.00685036 0.59607843 0.44313725 0.39215686
v 0.21236217 -0.11645669 -0.00707459 0.59607843 0.44313725 0.38823529
v 0.21260226 -0.11645669 -0.00685036 0.59607843 0.44705882 0.39607843
v -0.43098626 -0.10275590 -0.00685036 0.59215686 0.59215686 0.56078431
v -0.14385825 -0.10275590 -0.01999658 0.57254902 0.55294118 0.50588235
v 0.14385831 -0.11621743 -0.00685036 0.73725490 0.12549020 0.07843137
v 0.15755904 -0.10814351 -0.00685036 0.74901961 0.13333333 0.08627451
v 0.15755904 -0.10275590 -0.01421273 0.75686275 0.13333333 0.08627451
v 0.16471219 -0.10275590 -0.00685036 0.75686275 0.13725490 0.08627451
v 0.19866145 -0.10275590 -0.01968175 0.76862745 0.16470588 0.10980392
v 0.18591070 -0.10275590 -0.00685036 0.77254902 0.14901961 0.09803922
v 0.21236217 -0.10275590 -0.01526350 0.80784314 0.38431373 0.28235294
v 0.22606301 -0.10646629 -0.00685036 0.55686275 0.47843137 0.43921569
v 0.22606301 -0.10275590 -0.01037091 0.57254902 0.47843137 0.43529412
v 0.22972715 -0.10275590 -0.00685036 0.55686275 0.48235294 0.44313725
v -0.43068090 -0.08905512 -0.00685036 0.59215686 0.59215686 0.56078431
v 0.17125988 -0.09584117 -0.00685036 0.76862745 0.13725490 0.09019608
v 0.17125988 -0.08905512 -0.01136607 0.77254902 0.14509804 0.09019608
v 0.18496060 -0.10098362 -0.00685036 0.77254902 0.14901961 0.09803922
v 0.18496060 -0.08905512 -0.01623768 0.78039216 0.15294118 0.09803922
v 0.22606301 -0.08905512 -0.01623696 0.61960784 0.47843137 0.41568627
v 0.23598194 -0.08905512 -0.00685036 0.57254902 0.48235294 0.43529412
v -0.42874232 -0.07535434 -0.00685036 0.58823529 0.59215686 0.56078431
v 0.17125988 -0.07535434 -0.01835930 0.76862745 0.14509804 0.09411765
v 0.22606301 -0.07535434 -0.02017874 0.67058824 0.40392157 0.33333333
v 0.23762345 -0.07535434 -0.00685036 0.58431373 0.48235294 0.42745098
v -0.41787404 -0.06433117 -0.00685036 0.58823529 0.59215686 0.56470588
v -0.41559842 -0.06165355 -0.00685036 0.58823529 0.59215686 0.56470588
v -0.36307085 -0.06165355 -0.01445514 0.58823529 0.60784314 0.59215686
v -0.34937006 -0.06165355 -0.00881732 0.59215686 0.61568627 0.58823529
v -0.33566928 -0.06165355 -0.00804710 0.59607843 0.62352941 0.58823529
v -0.32196850 -0.06165355 -0.01353902 0.59215686 0.62745098 0.60392157
v -0.30826771 -0.06165355 -0.01327592 0.58823529 0.63137255 0.60784314
v -0.29456693 -0.06165355 -0.01106507 0.60392157 0.62745098 0.58823529
v -0.29088527 -0.06165355 -0.00685036 0.60000000 0.62745098 0.57647059
v -0.28086615 -0.06520891 -0.00685036 0.60784314 0.61960784 0.56078431
v -0.26716530 -0.06285882 -0.00685036 0.56862745 0.60000000 0.57647059
v -0.25346458 -0.06202620 -0.00685036 0.56078431 0.58823529 0.57647059
v -0.23976380 -0.06165355 -0.01106858 0.58823529 0.60000000 0.56862745
v -0.25031877 -0.06165355 -0.00685036 0.56862745 0.59215686 0.57254902
v -0.22606301 -0.06165355 -0.01357454 0.59607843 0.60000000 0.57254902
v -0.21236223 -0.06165355 -0.01633370 0.58823529 0.60000000 0.58431373
v -0.19866145 -0.06165355 -0.01894122 0.60000000 0.60000000 0.58039216
v -0.18496066 -0.06165355 -0.01965129 0.62352941 0.61176471 0.57254902
v -0.14385825 -0.06165355 -0.02047092 0.57254902 0.55686275 0.50980392
v 0.17125988 -0.06165355 -0.01959693 0.77254902 0.14901961 0.09411765
v 0.23968422 -0.06165355 -0.00685036 0.59215686 0.47843137 0.41960784
v 0.25346458 -0.06165355 -0.01291436 0.61176471 0.49411765 0.43137255
v 0.24017382 -0.06165355 -0.00685036 0.59215686 0.47843137 0.41960784
v 0.25346458 -0.06972098 -0.00685036 0.59607843 0.49803922 0.44313725
v 0.26716530 -0.06267971 -0.00685036 0.60784314 0.49411765 0.44313725
v 0.26716530 -0.06165355 -0.00770193 0.60784314 0.49411765 0.44313725
v 0.26837599 -0.06165355 -0.00685036 0.60784314 0.49411765 0.44313725
v -0.40417325 -0.05033129 -0.00685036 0.59215686 0.60000000 0.56078431
v -0.39047247 -0.05337536 -0.00685036 0.59215686 0.60392157 0.56862745
v -0.37677163 -0.05686814 -0.00685036 0.58823529 0.60392157 0.57647059
v -0.36307085 -0.05975151 -0.00685036 0.58431373 0.60784314 0.58823529
v -0.34937006 -0.06109023 -0.00685036 0.59215686 0.61568627 0.58823529
v -0.33566928 -0.06125987 -0.00685036 0.59607843 0.62352941 0.58823529
v -0.32196850 -0.05901545 -0.00685036 0.58823529 0.62352941 0.59607843
v -0.30826771 -0.05847859 -0.00685036 0.58431373 0.62352941 0.60000000
v -0.29456693 -0.05868620 -0.00685036 0.59607843 0.62745098 0.58823529
v -0.23976380 -0.05823684 -0.00685036 0.58431373 0.59607843 0.56862745
v -0.22606301 -0.05650336 -0.00685036 0.58823529 0.59607843 0.56862745
v -0.21236223 -0.05518264 -0.00685036 0.58823529 0.59607843 0.57647059
v -0.19866145 -0.05392361 -0.00685036 0.59215686 0.59607843 0.57254902
v -0.18496066 -0.05308104 -0.00685036 0.61960784 0.60392157 0.56078431
v -0.17125988 -0.04879510 -0.00685036 0.61176471 0.60392157 0.56078431
v -0.15755904 -0.04795271 -0.01596212 0.58431373 0.56470588 0.52156863
v -0.16960561 -0.04795271 -0.00685036 0.61176471 0.60000000 0.55294118
v 0.17125988 -0.04795271 -0.01992917 0.77254902 0.14901961 0.09411765
v 0.23976374 -0.06143355 -0.00685036 0.59215686 0.47843137 0.41568627
v 0.23976374 -0.04795271 -0.01898432 0.61176471 0.48235294 0.41960784
v 0.25346458 -0.04795271 -0.01749754 0.61960784 0.49411765 0.42745098
v 0.26716530 -0.04795271 -0.01448220 0.63529412 0.49803922 0.43529412
v 0.28086615 -0.05396128 -0.00685036 0.60000000 0.48235294 0.44313725
v 0.28086615 -0.04795271 -0.01159590 0.60784314 0.48627451 0.44313725
v 0.28867686 -0.04795271 -0.00685036 0.59607843 0.49019608 0.44705882
v -0.15755904 -0.03711259 -0.00685036 0.58039216 0.56470588 0.51764706
v -0.14385825 -0.03425193 -0.02004915 0.56470588 0.54117647 0.49411765
v -0.15582919 -0.03425193 -0.00685036 0.58039216 0.56078431 0.51372549
v 0.25346458 -0.03425193 -0.01886791 0.61960784 0.49019608 0.42352941
v 0.26716530 -0.03425193 -0.01523185 0.63921569 0.49803922 0.43137255
v 0.28086615 -0.03425193 -0.01446867 0.61176471 0.48627451 0.43921569
v 0.29456687 -0.03891253 -0.00685036 0.59607843 0.49411765 0.45098039
v 0.29456687 -0.03425193 -0.00920075 0.59215686 0.49019608 0.44705882
v 0.29808724 -0.03425193 -0.00685036 0.58823529 0.49019608 0.45098039
v -0.14385825 -0.02055115 -0.01782215 0.57647059 0.54901961 0.50196078
v -0.15185833 -0.02055115 -0.00685036 0.58431373 0.56470588 0.51372549
v 0.25346458 -0.02055115 -0.01865625 0.61568627 0.48627451 0.41960784
v 0.26716530 -0.02055115 -0.01531845 0.62352941 0.49411765 0.43529412
v 0.28086615 -0.02055115 -0.01548040 0.60392157 0.48235294 0.43921569
v 0.29456687 -0.02055115 -0.01230359 0.58823529 0.49019608 0.44705882
v 0.30403590 -0.02055115 -0.00685036 0.57647059 0.48627451 0.44313725
v -0.14385825 -0.00685036 -0.02007133 0.58039216 0.55294118 0.49803922
v -0.15333515 -0.00685036 -0.00685036 0.58823529 0.56470588 0.51372549
v 0.25346458 -0.00685036 -0.01902026 0.61176471 0.48627451 0.41960784
v 0.26716530 -0.00685036 -0.01640964 0.61960784 0.49411765 0.43137255
v 0.28086615 -0.00685036 -0.01601857 0.59607843 0.48235294 0.43921569
v 0.29456687 -0.00685036 -0.01313961 0.58431373 0.48627451 0.44705882
v 0.30600548 -0.00685036 -0.00685036 0.57254902 0.48235294 0.44313725
v -0.15755904 0.00685036 -0.00986719 0.59607843 0.56862745 0.50980392
v -0.16001302 0.00685036 -0.00685036 0.59607843 0.57254902 0.51764706
v -0.15755904 0.00382769 -0.00685036 0.59607843 0.56862745 0.51372549
v 0.25346458 0.00685036 -0.01959342 0.61568627 0.49019608 0.42352941
v 0.26716530 0.00685036 -0.01779568 0.62745098 0.49019608 0.42745098
v 0.28086615 0.00685036 -0.01622927 0.59215686 0.47450980 0.43529412
v 0.29456687 0.00685036 -0.01264441 0.57647059 0.48235294 0.44705882
v 0.30390620 0.00685036 -0.00685036 0.56470588 0.48235294 0.44705882
v -0.40417325 0.02055115 -0.01305366 0.59215686 0.59607843 0.56078431
v -0.17125988 0.02055115 -0.01501799 0.61176471 0.59607843 0.54509804
v -0.18182814 0.02055115 -0.00685036 0.61568627 0.60000000 0.55686275
v -0.17125988 0.01403171 -0.00685036 0.59607843 0.58823529 0.54901961
v 0.25346458 0.02055115 -0.01946783 0.60784314 0.49411765 0.43137255
v 0.26716530 0.02055115 -0.01768929 0.61568627 0.48627451 0.42745098
v 0.28086615 0.02055115 -0.01596570 0.58039216 0.47450980 0.43921569
v 0.29456687 0.02055115 -0.01138180 0.56470588 0.47843137 0.45098039
v 0.30137849 0.02055115 -0.00685036 0.56078431 0.47843137 0.44705882
v -0.42861736 0.03425193 -0.00685036 0.58039216 0.58431373 0.55294118
v -0.41787404 0.02353519 -0.00685036 0.58431373 0.58431373 0.55294118
v -0.40417325 0.02056122 -0.00685036 0.58823529 0.59607843 0.56078431
v -0.39047247 0.02092135 -0.00685036 0.59215686 0.60000000 0.56470588
v -0.37677163 0.02153188 -0.00685036 0.58431373 0.60000000 0.57254902
v -0.36307085 0.02248096 -0.00685036 0.58039216 0.60000000 0.57647059
v -0.34937006 0.02284962 -0.00685036 0.58823529 0.60784314 0.58039216
v -0.33566928 0.02303195 -0.00685036 0.59215686 0.61568627 0.58823529
v -0.32196850 0.02287185 -0.00685036 0.58431373 0.61960784 0.59215686
v -0.30826771 0.02229923 -0.00685036 0.58039216 0.61960784 0.59607843
v -0.29456693 0.02156144 -0.00685036 0.58823529 0.61568627 0.57647059
v -0.28086615 0.02224833 -0.00685036 0.59607843 0.61176471 0.55294118
v -0.26716530 0.02240783 -0.00685036 0.56862745 0.59607843 0.57254902
v -0.25346458 0.02329344 -0.00685036 0.55686275 0.58823529 0.57254902
v -0.23976380 0.02337164 -0.00685036 0.58039216 0.59215686 0.55686275
v -0.22606301 0.02324766 -0.00685036 0.58823529 0.59215686 0.56078431
v -0.21236223 0.02261639 -0.00685036 0.59215686 0.59215686 0.56470588
v -0.19866145 0.02202046 -0.00685036 0.59215686 0.59215686 0.56470588
v -0.18496066 0.02119493 -0.00685036 0.61568627 0.60000000 0.55294118
v 0.23976374 0.03425193 -0.01903057 0.58823529 0.48627451 0.43137255
v 0.25346458 0.03425193 -0.01836550 0.60000000 0.49019608 0.43529412
v 0.26716530 0.03425193 -0.01645851 0.59215686 0.48627451 0.43921569
v 0.28086615 0.03425193 -0.01520967 0.56862745 0.47450980 0.44705882
v 0.29456687 0.03425193 -0.00948828 0.55686275 0.47450980 0.44705882
v 0.29818511 0.03425193 -0.00685036 0.55294118 0.47450980 0.44705882
v -0.43081516 0.04795271 -0.00685036 0.58431373 0.58431373 0.55686275
v 0.17125988 0.04795271 -0.02032977 0.73333333 0.12156863 0.07843137
v 0.23976374 0.04795271 -0.01367462 0.58039216 0.49019608 0.43921569
v 0.25346458 0.04795271 -0.01603663 0.59215686 0.49411765 0.43921569
v 0.26716530 0.04795271 -0.01034296 0.58431373 0.48627451 0.44313725
v 0.28086615 0.04795271 -0.00924504 0.56078431 0.47450980 0.44705882
v 0.28480804 0.04795271 -0.00685036 0.55686275 0.47450980 0.45098039
v 0.29456687 0.03853929 -0.00685036 0.54901961 0.47450980 0.44705882
v -0.43083450 0.06165349 -0.00685036 0.59215686 0.59215686 0.56078431
v 0.17125988 0.06165349 -0.01932013 0.73333333 0.12156863 0.07843137
v 0.22606301 0.06165349 -0.01974827 0.59215686 0.48235294 0.42745098
v 0.23976374 0.06165349 -0.01040083 0.57254902 0.49019608 0.44313725
v 0.25080144 0.06165349 -0.00685036 0.58431373 0.49803922 0.44705882
v 0.25346458 0.06117123 -0.00685036 0.58823529 0.49803922 0.44705882
v 0.26716530 0.05184078 -0.00685036 0.58431373 0.49019608 0.44705882
v 0.28086615 0.05073845 -0.00685036 0.56078431 0.47450980 0.44705882
v -0.43083048 0.07535428 -0.00685036 0.59215686 0.59215686 0.56078431
v 0.15755904 0.07535428 -0.02037913 0.71764706 0.11372549 0.07450980
v 0.17125988 0.07535428 -0.01749307 0.72941176 0.12549020 0.07843137
v 0.22606301 0.07535428 -0.01624334 0.57254902 0.48627451 0.43921569
v 0.23779440 0.07535428 -0.00685036 0.55686275 0.49019608 0.45490196
v 0.23976374 0.06803751 -0.00685036 0.56470588 0.49019608 0.44705882
v -0.43085882 0.08905506 -0.00685036 0.58823529 0.59215686 0.56470588
v 0.14385831 0.08905506 -0.01874739 0.70196078 0.10980392 0.07058824
v 0.15755904 0.08905506 -0.01016355 0.70980392 0.11372549 0.07843137
v 0.17125988 0.08905506 -0.01224256 0.71372549 0.11764706 0.08235294
v 0.18496060 0.08443183 -0.00685036 0.72941176 0.13333333 0.09019608
v 0.18036425 0.08905506 -0.00685036 0.71764706 0.12941176 0.09019608
v 0.19866145 0.08905506 -0.01889169 0.85490196 0.42352941 0.29803922
v 0.18698597 0.08905506 -0.00685036 0.71764706 0.14117647 0.09803922
v 0.21236217 0.08905506 -0.01449877 0.60784314 0.49019608 0.42745098
v 0.22606301 0.08905506 -0.00969350 0.54117647 0.49411765 0.46666667
v 0.22915268 0.08905506 -0.00685036 0.53725490 0.49411765 0.47058824
v -0.43086562 0.10275584 -0.00685036 0.59215686 0.59215686 0.56078431
v 0.11645675 0.10275584 -0.01453787 0.65882353 0.09803922 0.06666667
v 0.13015747 0.10275584 -0.00995362 0.67450980 0.10196078 0.07058824
v 0.14379144 0.10275584 -0.00685036 0.69411765 0.10980392 0.07450980
v 0.14385831 0.10274059 -0.00685036 0.69411765 0.10980392 0.07450980
v 0.15755904 0.09234607 -0.00685036 0.70980392 0.11372549 0.07843137
v 0.17125988 0.09559202 -0.00685036 0.70588235 0.11764706 0.08235294
v 0.19866145 0.10275584 -0.01170957 0.69019608 0.49019608 0.40784314
v 0.19352949 0.10275584 -0.00685036 0.84313725 0.49019608 0.36470588
v 0.20799017 0.10275584 -0.00685036 0.56470588 0.47843137 0.43529412
v 0.21236217 0.10004306 -0.00685036 0.55686275 0.48235294 0.44313725
v 0.22606301 0.09205866 -0.00685036 0.53725490 0.49019608 0.47058824
v -0.43079427 0.11645675 -0.00685036 0.59215686 0.59215686 0.56078431
v 0.08905506 0.11645675 -0.01698911 0.63529412 0.09019608 0.06274510
v 0.10275584 0.11645675 -0.00997382 0.64705882 0.09411765 0.06666667
v 0.10833877 0.11645675 -0.00685036 0.65098039 0.09803922 0.06666667
v 0.11645675 0.11203903 -0.00685036 0.66274510 0.10196078 0.06666667
v 0.13015747 0.10630310 -0.00685036 0.67450980 0.10588235 0.07058824
v 0.19866145 0.10804963 -0.00685036 0.60392157 0.48627451 0.43137255
v -0.43064663 0.13015747 -0.00685036 0.59215686 0.59215686 0.56078431
v -0.15755904 0.13015747 -0.01734757 0.61176471 0.58823529 0.52549020
v -0.14600050 0.13015747 -0.00685036 0.62352941 0.58431373 0.50980392
v -0.14385825 0.12870336 -0.00685036 0.62352941 0.58431373 0.50588235
v -0.14366513 0.13015747 -0.00685036 0.62352941 0.58431373 0.50588235
v 0.04795271 0.13015747 -0.01496106 0.60392157 0.07843137 0.05882353
v 0.06165349 0.13015747 -0.00978023 0.59607843 0.08235294 0.05882353
v 0.06890559 0.13015747 -0.00685036 0.59607843 0.08235294 0.05882353
v 0.07535428 0.12834591 -0.00685036 0.60392157 0.08627451 0.05882353
v 0.08905506 0.12350136 -0.00685036 0.62352941 0.08627451 0.06274510
v 0.10275584 0.11907715 -0.00685036 0.64313725 0.09411765 0.06666667
v -0.42982322 0.14385831 -0.00685036 0.59215686 0.59215686 0.56078431
v -0.21236223 0.14385831 -0.01984656 0.55686275 0.58431373 0.58823529
v -0.19866145 0.14385831 -0.01473677 0.56078431 0.58431373 0.58431373
v -0.18496066 0.14385831 -0.01062912 0.58039216 0.58823529 0.58039216
v -0.17660242 0.14385831 -0.00685036 0.58823529 0.58823529 0.56862745
v -0.17125988 0.14319885 -0.00685036 0.58823529 0.58823529 0.56078431
v -0.15755904 0.13943779 -0.00685036 0.60392157 0.58823529 0.53725490
v -0.14268172 0.14385831 -0.00685036 0.60784314 0.58431373 0.51764706
v -0.02055115 0.14385831 -0.01780009 0.61176471 0.12549020 0.10980392
v -0.00685036 0.14385831 -0.01193094 0.61568627 0.10980392 0.09803922
v 0.00685036 0.14385831 -0.00732970 0.60784314 0.10196078 0.08627451
v 0.00791323 0.14385831 -0.00685036 0.60784314 0.10196078 0.08235294
v 0.02055115 0.14105690 -0.00685036 0.60784314 0.09411765 0.07450980
v 0.03425193 0.13803482 -0.00685036 0.60784314 0.08627451 0.06666667
v 0.04795271 0.13551891 -0.00685036 0.60000000 0.07843137 0.06274510
v 0.06165349 0.13236010 -0.00685036 0.59215686 0.08235294 0.05882353
v -0.41787404 0.15755904 -0.00905502 0.59215686 0.59215686 0.56470588
v -0.42005712 0.15755904 -0.00685036 0.59215686 0.59215686 0.56470588
v -0.28086615 0.15755904 -0.01933825 0.57254902 0.59215686 0.56078431
v -0.27210712 0.15755904 -0.00685036 0.56078431 0.58823529 0.56862745
v -0.26716530 0.15661705 -0.00685036 0.55686275 0.58431373 0.56862745
v -0.25346458 0.15592241 -0.00685036 0.54901961 0.58039216 0.57647059
v -0.23976380 0.15490818 -0.00685036 0.54901961 0.57647059 0.57647059
v -0.22606301 0.15331483 -0.00685036 0.55294118 0.57647059 0.57647059
v -0.21236223 0.15178537 -0.00685036 0.55686275 0.58431373 0.58431373
v -0.19866145 0.14985323 -0.00685036 0.56078431 0.58431373 0.58823529
v -0.18496066 0.14702523 -0.00685036 0.57647059 0.58431373 0.58039216
v -0.13015747 0.15755904 -0.01661968 0.61176471 0.57647059 0.49803922
v -0.13904780 0.15755904 -0.00685036 0.60000000 0.58039216 0.51372549
v -0.08905512 0.15755904 -0.02041179 0.65098039 0.51372549 0.41568627
v -0.07535434 0.15755904 -0.01500171 0.63137255 0.49411765 0.40784314
v -0.06165355 0.15755904 -0.00704873 0.60392157 0.46274510 0.39607843
v -0.06129605 0.15755904 -0.00685036 0.60392157 0.45882353 0.39215686
v -0.04795271 0.15525031 -0.00685036 0.59607843 0.49019608 0.43921569
v -0.03425193 0.15263855 -0.00685036 0.87450980 0.70196078 0.57647059
v -0.02055115 0.15004718 -0.00685036 0.64705882 0.18823529 0.16078431
v -0.00685036 0.14715409 -0.00685036 0.60784314 0.11372549 0.10196078
v 0.00685036 0.14422917 -0.00685036 0.60784314 0.10588235 0.08627451
v -0.41787404 0.15974545 -0.00685036 0.59215686 0.59215686 0.56470588
v -0.41682389 0.17125988 -0.00685036 0.59607843 0.60000000 0.56862745
v -0.36307085 0.17125988 -0.01203388 0.58823529 0.59607843 0.56470588
v -0.35759270 0.17125988 -0.00685036 0.58431373 0.59607843 0.56470588
v -0.34937006 0.16961515 -0.00685036 0.58039216 0.59607843 0.56470588
v -0.33566928 0.16617203 -0.00685036 0.58039216 0.60000000 0.56862745
v -0.32196850 0.16604257 -0.00685036 0.57254902 0.59607843 0.56470588
v -0.30826771 0.16619754 -0.00685036 0.56862745 0.59215686 0.56078431
v -0.29456693 0.16631806 -0.00685036 0.56862745 0.59215686 0.56078431
v -0.28086615 0.16536927 -0.00685036 0.56470588 0.58823529 0.56078431
v -0.13015747 0.16656816 -0.00685036 0.59215686 0.58039216 0.51764706
v -0.11645669 0.16815293 -0.00685036 0.60392157 0.57647059 0.49803922
v -0.10275590 0.16574335 -0.00685036 0.63529412 0.55294118 0.44313725
v -0.08905512 0.16381419 -0.00685036 0.64705882 0.52549020 0.41176471
v -0.07535434 0.16151786 -0.00685036 0.63137255 0.50588235 0.41176471
v -0.06165355 0.15766788 -0.00685036 0.60392157 0.46274510 0.39607843
v -0.40417325 0.18392992 -0.00685036 0.60000000 0.60392157 0.56862745
v -0.39047247 0.18361449 -0.00685036 0.59607843 0.60392157 0.57254902
v -0.37677163 0.18027437 -0.00685036 0.59607843 0.60392157 0.56862745
v -0.36307085 0.17421913 -0.00685036 0.58823529 0.59607843 0.56078431
v -0.40417325 -0.19866145 0.00397444 0.59215686 0.60784314 0.57647059
v -0.40610492 -0.19866145 0.00685036 0.59215686 0.60392157 0.57647059
v -0.40417325 -0.20067465 0.00685036 0.59215686 0.60392157 0.58039216
v -0.39047247 -0.19890273 0.00685036 0.59215686 0.61176471 0.58823529
v -0.39047247 -0.19866145 0.00606459 0.59215686 0.61176471 0.58823529
v -0.37677163 -0.19956380 0.00685036 0.58823529 0.61176471 0.58431373
v -0.37677163 -0.19866145 0.00453055 0.58823529 0.61176471 0.58431373
v -0.37100068 -0.19866145 0.00685036 0.58823529 0.60784314 0.58431373
v -0.41787404 -0.18496066 -0.00270551 0.59215686 0.59607843 0.56862745
v -0.42556620 -0.18496066 0.00685036 0.58431373 0.59215686 0.56470588
v -0.41787404 -0.19260192 0.00685036 0.58823529 0.59607843 0.56470588
v -0.36307085 -0.19833463 0.00685036 0.58431373 0.60784314 0.58431373
v -0.34937006 -0.19620299 0.00685036 0.57647059 0.61176471 0.59215686
v -0.33566928 -0.19471151 0.00685036 0.57254902 0.61960784 0.59607843
v -0.32196850 -0.19468653 0.00685036 0.57647059 0.61568627 0.59215686
v -0.30826771 -0.19395387 0.00685036 0.57254902 0.61176471 0.58823529
v -0.29456693 -0.19019163 0.00685036 0.55686275 0.61176471 0.58431373
v -0.29456693 -0.18496066 -0.00299591 0.57254902 0.61176471 0.57647059
v -0.28086615 -0.18581313 0.00685036 0.55686275 0.61176471 0.56862745
v -0.28086615 -0.18496066 0.00581318 0.56078431 0.61176471 0.56862745
v -0.27996695 -0.18496066 0.00685036 0.55686275 0.60784314 0.56862745
v -0.13015747 -0.18496066 0.00058359 0.62745098 0.59215686 0.55686275
v -0.13615775 -0.18496066 0.00685036 0.61960784 0.58823529 0.54901961
v -0.13015747 -0.19101274 0.00685036 0.62745098 0.60000000 0.56078431
v -0.11645669 -0.19335210 0.00685036 0.59215686 0.57254902 0.53333333
v -0.10275590 -0.18924302 0.00685036 0.57647059 0.54509804 0.50196078
v -0.10275590 -0.18496066 -0.00336957 0.57647059 0.54901961 0.49803922
v -0.08905512 -0.18570715 0.00685036 0.56862745 0.53333333 0.48627451
v -0.08905512 -0.18496066 0.00460702 0.56862745 0.53333333 0.48235294
v -0.08486891 -0.18496066 0.00685036 0.56470588 0.52549020 0.47843137
v -0.43046927 -0.17125988 0.00685036 0.58823529 0.59215686 0.56470588
v -0.26716530 -0.18141586 0.00685036 0.54509804 0.58823529 0.57254902
v -0.25346458 -0.17985034 0.00685036 0.53333333 0.56862745 0.57254902
v -0.23976380 -0.17787731 0.00685036 0.55294118 0.57647059 0.56470588
v -0.23976380 -0.17125988 -0.00194752 0.55294118 0.57647059 0.57254902
v -0.22606301 -0.17481148 0.00685036 0.56862745 0.58431373 0.56862745
v -0.22606301 -0.17125988 0.00244385 0.57254902 0.58431373 0.57254902
v -0.21614546 -0.17125988 0.00685036 0.57254902 0.58823529 0.58039216
v -0.14164603 -0.17125988 0.00685036 0.56470588 0.54117647 0.50588235
v -0.07535434 -0.18399662 0.00685036 0.55294118 0.50980392 0.45882353
v -0.06165355 -0.18193847 0.00685036 0.53725490 0.47843137 0.43137255
v -0.04795271 -0.17898268 0.00685036 0.45882353 0.36470588 0.32549020
v -0.03425193 -0.17685425 0.00685036 0.39215686 0.30196078 0.27843137
v -0.02055115 -0.17548817 0.00685036 0.33725490 0.15686275 0.14901961
v -0.02055115 -0.17125988 -0.00293893 0.63921569 0.25490196 0.22352941
v -0.00685036 -0.17301095 0.00685036 0.54509804 0.17647059 0.14901961
v -0.00685036 -0.17125988 0.00389975 0.59215686 0.18823529 0.16078431
v -0.00262856 -0.17125988 0.00685036 0.58431373 0.17647059 0.14901961
v -0.43105003 -0.15755904 0.00685036 0.58823529 0.59215686 0.56078431
v -0.21236223 -0.17078501 0.00685036 0.57254902 0.58823529 0.58823529
v -0.19866145 -0.16874534 0.00685036 0.58823529 0.59607843 0.58823529
v -0.18496066 -0.16737080 0.00685036 0.60784314 0.60392157 0.57254902
v -0.17125988 -0.16626096 0.00685036 0.58431373 0.58431373 0.55294118
v -0.17125988 -0.15755904 -0.00473523 0.58823529 0.58823529 0.55686275
v -0.15866095 -0.15755904 0.00685036 0.58039216 0.56862745 0.52549020
v -0.14320511 -0.15755904 0.00685036 0.55294118 0.53333333 0.48627451
v 0.00685036 -0.16963482 0.00685036 0.61176471 0.15294118 0.12156863
v 0.02055115 -0.16670722 0.00685036 0.62352941 0.13333333 0.10196078
v 0.03425193 -0.16493648 0.00685036 0.60392157 0.12156863 0.09019608
v 0.03425193 -0.15755904 -0.00495869 0.63529412 0.12156863 0.09019608
v 0.04795271 -0.16126347 0.00685036 0.60000000 0.11372549 0.08235294
v 0.04795271 -0.15755904 0.00213158 0.61568627 0.11372549 0.08235294
v 0.05249441 -0.15755904 0.00685036 0.61176471 0.11372549 0.07843137
v -0.43115860 -0.14385825 0.00685036 0.58823529 0.59215686 0.55686275
v -0.15755904 -0.15706187 0.00685036 0.58039216 0.56862745 0.52549020
v -0.14385825 -0.14939505 0.00685036 0.58431373 0.55294118 0.50196078
v -0.14385825 -0.14385825 -0.00058544 0.58039216 0.56078431 0.50588235
v 0.06165349 -0.15447414 0.00685036 0.62352941 0.10980392 0.07843137
v 0.07535428 -0.15215904 0.00685036 0.62745098 0.10196078 0.07058824
v 0.07535428 -0.14385825 -0.00451416 0.63137255 0.10196078 0.07058824
v 0.08905506 -0.14766622 0.00685036 0.61568627 0.09803922 0.06666667
v 0.08905506 -0.14385825 0.00225449 0.61960784 0.09803922 0.06666667
v 0.09504569 -0.14385825 0.00685036 0.61960784 0.09803922 0.06274510
v -0.43115586 -0.13015747 0.00685036 0.58823529 0.59215686 0.56078431
v 0.10275584 -0.14070439 0.00685036 0.64313725 0.10196078 0.06666667
v 0.11645675 -0.13556302 0.00685036 0.67450980 0.10980392 0.07058824
v 0.11645675 -0.13015747 -0.00002843 0.68627451 0.11372549 0.07058824
v 0.13015747 -0.13182467 0.00685036 0.69803922 0.11372549 0.07450980
v 0.13015747 -0.13015747 0.00491822 0.70196078 0.11764706 0.07450980
v 0.13688040 -0.13015747 0.00685036 0.70980392 0.11764706 0.07450980
v 0.19866145 -0.13015747 -0.00157607 0.60392157 0.32156863 0.27058824
v 0.19049120 -0.13015747 0.00685036 0.79607843 0.27450980 0.19215686
v 0.19866145 -0.13875681 0.00685036 0.56862745 0.48235294 0.44313725
v 0.21236217 -0.13128823 0.00685036 0.54509804 0.48235294 0.45098039
v 0.21236217 -0.13015747 0.00570977 0.54509804 0.47843137 0.44705882
v 0.21370733 -0.13015747 0.00685036 0.54117647 0.48235294 0.45098039
v -0.43114394 -0.11645669 0.00685036 0.58823529 0.59215686 0.55686275
v 0.14385831 -0.12892383 0.00685036 0.71764706 0.12156863 0.07843137
v 0.14385831 -0.11645669 -0.00663137 0.73725490 0.12549020 0.07843137
v 0.15426648 -0.11645669 0.00685036 0.74117647 0.12941176 0.08235294
v 0.17125988 -0.11645669 -0.00231022 0.75686275 0.14117647 0.09019608
v 0.16044831 -0.11645669 0.00685036 0.74509804 0.13333333 0.08627451
v 0.17125988 -0.12798923 0.00685036 0.74901961 0.14117647 0.09411765
v 0.18496060 -0.12014467 0.00685036 0.76078431 0.15294118 0.10196078
v 0.18496060 -0.11645669 0.00340599 0.76862745 0.15294118 0.10196078
v 0.22606301 -0.12429506 0.00685036 0.52549020 0.49019608 0.47058824
v 0.22606301 -0.11645669 -0.00057507 0.53725490 0.49019608 0.46274510
v 0.23327065 -0.11645669 0.00685036 0.52549020 0.49019608 0.47450980
v -0.43111515 -0.10275590 0.00685036 0.58823529 0.58823529 0.55686275
v 0.15755904 -0.11408907 0.00685036 0.74509804 0.12941176 0.08627451
v 0.17125988 -0.10275590 -0.00543195 0.76470588 0.14117647 0.09019608
v 0.18496060 -0.10275590 -0.00624168 0.77254902 0.14901961 0.09803922
v 0.23775482 -0.10275590 0.00685036 0.54901961 0.48627451 0.45490196
v -0.43092474 -0.08905512 0.00685036 0.58431373 0.58823529 0.55686275
v 0.23976374 -0.09567428 0.00685036 0.56078431 0.48627451 0.44705882
v 0.23976374 -0.08905512 0.00089961 0.56862745 0.48627451 0.44313725
v 0.25346458 -0.10124403 0.00685036 0.56078431 0.49803922 0.46666667
v 0.25346458 -0.08905512 -0.00178879 0.58431373 0.50196078 0.45490196
v 0.26716530 -0.10174793 0.00685036 0.56078431 0.49411765 0.46666667
v 0.26716530 -0.08905512 -0.00359666 0.58823529 0.49411765 0.45098039
v 0.28086615 -0.09742171 0.00685036 0.55294118 0.48627451 0.46274510
v 0.28086615 -0.08905512 -0.00026888 0.56470588 0.48627451 0.45882353
v 0.29406643 -0.08905512 0.00685036 0.56078431 0.48627451 0.45882353
v -0.42987570 -0.07535434 0.00685036 0.58431373 0.58823529 0.55686275
v 0.23976374 -0.07535434 -0.00431311 0.58039216 0.48235294 0.42745098
v 0.25346458 -0.07535434 -0.00559944 0.59607843 0.49803922 0.44705882
v 0.26716530 -0.07535434 -0.00583988 0.59607843 0.49411765 0.44705882
v 0.28086615 -0.07535434 -0.00462550 0.57647059 0.48627451 0.45098039
v 0.29456687 -0.08883053 0.00685036 0.56078431 0.48627451 0.45882353
v 0.29456687 -0.07535434 -0.00290185 0.56862745 0.49019608 0.45490196
v 0.30826771 -0.08062577 0.00685036 0.55686275 0.48235294 0.45098039
v 0.30826771 -0.07535434 0.00270408 0.56470588 0.48627451 0.45098039
v 0.31424308 -0.07535434 0.00685036 0.56470588 0.48627451 0.45098039
v -0.41787404 -0.06240010 0.00685036 0.58039216 0.58823529 0.55686275
v -0.41655985 -0.06165355 0.00685036 0.58039216 0.58823529 0.55686275
v -0.28086615 -0.06389010 0.00685036 0.57254902 0.61568627 0.57254902
v -0.28561634 -0.06165355 0.00685036 0.57647059 0.61960784 0.57254902
v -0.26716530 -0.06165355 0.00216478 0.56470588 0.60000000 0.57647059
v -0.27076083 -0.06165355 0.00685036 0.56862745 0.60392157 0.57647059
v -0.25346458 -0.06165355 -0.00515556 0.56078431 0.58823529 0.57254902
v 0.23976374 -0.06165355 -0.00678402 0.59215686 0.47843137 0.41960784
v 0.28086615 -0.06165355 -0.00582981 0.58823529 0.48235294 0.44705882
v 0.29456687 -0.06165355 -0.00484520 0.57647059 0.49019608 0.45490196
v 0.30826771 -0.06165355 -0.00282007 0.57254902 0.49019608 0.45098039
v 0.32196844 -0.06977117 0.00685036 0.58039216 0.49803922 0.45490196
v 0.32196844 -0.06165355 0.00069624 0.58431373 0.50196078 0.45882353
v 0.33112359 -0.06165355 0.00685036 0.59607843 0.51372549 0.46274510
v -0.40417325 -0.05076677 0.00685036 0.58431373 0.59607843 0.56078431
v -0.39047247 -0.05409169 0.00685036 0.58823529 0.60392157 0.56862745
v -0.37677163 -0.05675906 0.00685036 0.58039216 0.60000000 0.57254902
v -0.36307085 -0.05845064 0.00685036 0.57647059 0.60000000 0.57647059
v -0.34937006 -0.05898613 0.00685036 0.58039216 0.60784314 0.58431373
v -0.33566928 -0.05862010 0.00685036 0.58431373 0.61568627 0.58823529
v -0.32196850 -0.05705547 0.00685036 0.58039216 0.61568627 0.58823529
v -0.30826771 -0.05606622 0.00685036 0.57647059 0.61568627 0.58823529
v -0.29456693 -0.05346000 0.00685036 0.56862745 0.61568627 0.58431373
v -0.26716530 -0.05869114 0.00685036 0.56470588 0.60000000 0.57647059
v -0.25346458 -0.05600464 0.00685036 0.56078431 0.58823529 0.56862745
v -0.23976380 -0.05444545 0.00685036 0.57254902 0.59215686 0.55686275
v -0.22606301 -0.05354160 0.00685036 0.57647059 0.59215686 0.56078431
v -0.21236223 -0.05224520 0.00685036 0.58431373 0.58823529 0.56862745
v -0.19866145 -0.05106497 0.00685036 0.59215686 0.59215686 0.56862745
v -0.18496066 -0.05003238 0.00685036 0.61176471 0.60000000 0.55686275
v -0.17125988 -0.04795271 -0.00470823 0.61176471 0.60000000 0.55686275
v -0.17988425 -0.04795271 0.00685036 0.60000000 0.59607843 0.56078431
v 0.29456687 -0.04795271 -0.00624949 0.58823529 0.49411765 0.45098039
v 0.30826771 -0.04795271 -0.00491160 0.57647059 0.49411765 0.45098039
v 0.32196844 -0.04795271 -0.00315446 0.58823529 0.50588235 0.46274510
v 0.33566940 -0.05706722 0.00685036 0.60392157 0.52549020 0.46666667
v 0.33566940 -0.04795271 0.00072670 0.60784314 0.52941176 0.47450980
v 0.34469068 -0.04795271 0.00685036 0.61176471 0.53333333 0.47450980
v -0.17125988 -0.04215872 0.00685036 0.58823529 0.58823529 0.55294118
v -0.15755904 -0.03425193 -0.00139725 0.58431373 0.56470588 0.52156863
v -0.16143668 -0.03425193 0.00685036 0.59215686 0.57254902 0.52941176
v 0.30826771 -0.03425193 -0.00583136 0.57647059 0.49019608 0.45098039
v 0.32196844 -0.03425193 -0.00454050 0.58823529 0.50588235 0.45882353
v 0.33566940 -0.03425193 -0.00214374 0.60784314 0.52941176 0.47450980
v 0.34937012 -0.04031116 0.00685036 0.60784314 0.53725490 0.47843137
v 0.34937012 -0.03425193 0.00340539 0.61176471 0.53725490 0.47450980
v 0.35369706 -0.03425193 0.00685036 0.60784314 0.53333333 0.47450980
v -0.15755904 -0.02806133 0.00685036 0.59215686 0.56862745 0.52156863
v -0.15627700 -0.02055115 0.00685036 0.59215686 0.57254902 0.52549020
v 0.30826771 -0.02055115 -0.00638181 0.57647059 0.48627451 0.44313725
v 0.32196844 -0.02055115 -0.00516784 0.58431373 0.49803922 0.45098039
v 0.33566940 -0.02055115 -0.00302631 0.60392157 0.52156863 0.46666667
v 0.34937012 -0.02055115 0.00126839 0.61176471 0.52941176 0.47058824
v 0.35688436 -0.02055115 0.00685036 0.60784314 0.52941176 0.46666667
v -0.15671754 -0.00685036 0.00685036 0.59607843 0.57254902 0.52156863
v 0.30826771 -0.00685036 -0.00660008 0.57254902 0.48235294 0.43921569
v 0.32196844 -0.00685036 -0.00536573 0.58039216 0.49411765 0.45098039
v 0.33566940 -0.00685036 -0.00333703 0.60000000 0.51372549 0.46274510
v 0.34937012 -0.00685036 0.00044608 0.60784314 0.52549020 0.46666667
v 0.35836267 -0.00685036 0.00685036 0.60392157 0.52549020 0.46274510
v -0.16435128 0.00685036 0.00685036 0.60784314 0.58039216 0.52549020
v -0.15755904 -0.00288284 0.00685036 0.60000000 0.57254902 0.52156863
v 0.30826771 0.00685036 -0.00626290 0.56470588 0.47843137 0.44313725
v 0.32196844 0.00685036 -0.00502563 0.57647059 0.49411765 0.45098039
v 0.33566940 0.00685036 -0.00299984 0.59607843 0.51372549 0.46666667
v 0.34937012 0.00685036 0.00085968 0.60000000 0.52156863 0.46666667
v 0.35776246 0.00685036 0.00685036 0.59607843 0.52156863 0.46274510
v -0.18374926 0.02055115 0.00685036 0.60784314 0.59607843 0.54901961
v -0.17125988 0.01283813 0.00685036 0.59215686 0.58823529 0.54901961
v 0.30826771 0.02055115 -0.00600666 0.55686275 0.47843137 0.44313725
v 0.32196844 0.02055115 -0.00471216 0.56862745 0.49019608 0.45098039
v 0.33566940 0.02055115 -0.00195879 0.58823529 0.50980392 0.46274510
v 0.34937012 0.02055115 0.00412732 0.59215686 0.51372549 0.46274510
v 0.35270607 0.02055115 0.00685036 0.59215686 0.51372549 0.45882353
v -0.42885154 0.03425193 0.00685036 0.57647059 0.58039216 0.54901961
v -0.41787404 0.02329838 0.00685036 0.58039216 0.58039216 0.54901961
v -0.40417325 0.02080661 0.00685036 0.58431373 0.59215686 0.55686275
v -0.39047247 0.02136397 0.00685036 0.58431373 0.59607843 0.56470588
v -0.37677163 0.02214140 0.00685036 0.58039216 0.59215686 0.56862745
v -0.36307085 0.02313870 0.00685036 0.57254902 0.59215686 0.56862745
v -0.34937006 0.02353632 0.00685036 0.57647059 0.60000000 0.58039216
v -0.33566928 0.02364296 0.00685036 0.58039216 0.61176471 0.58431373
v -0.32196850 0.02349174 0.00685036 0.58039216 0.61176471 0.58431373
v -0.30826771 0.02281374 0.00685036 0.57647059 0.61176471 0.58039216
v -0.29456693 0.02194726 0.00685036 0.56862745 0.61176471 0.57647059
v -0.28086615 0.02339083 0.00685036 0.56470588 0.60784314 0.56470588
v -0.26716530 0.02234012 0.00685036 0.56078431 0.59607843 0.57254902
v -0.25346458 0.02303743 0.00685036 0.56078431 0.58823529 0.56470588
v -0.23976380 0.02285784 0.00685036 0.56862745 0.58823529 0.54901961
v -0.22606301 0.02234143 0.00685036 0.57647059 0.58823529 0.54901961
v -0.21236223 0.02184808 0.00685036 0.58431373 0.58823529 0.56078431
v -0.19866145 0.02136666 0.00685036 0.59607843 0.58823529 0.56078431
v -0.18496066 0.02076793 0.00685036 0.60784314 0.59607843 0.54901961
v 0.30826771 0.03425193 -0.00574028 0.55294118 0.47450980 0.43921569
v 0.32196844 0.03425193 -0.00389171 0.56078431 0.48235294 0.44705882
v 0.33566940 0.03425193 0.00011635 0.58039216 0.49803922 0.45098039
v 0.34502351 0.03425193 0.00685036 0.58039216 0.50196078 0.45098039
v 0.34937012 0.02538097 0.00685036 0.58823529 0.50980392 0.45882353
v -0.43083504 0.04795271 0.00685036 0.58039216 0.58431373 0.55294118
v 0.29456687 0.04795271 -0.00594974 0.54901961 0.47450980 0.45098039
v 0.30826771 0.04795271 -0.00445515 0.54901961 0.47450980 0.43921569
v 0.32196844 0.04795271 -0.00192660 0.56078431 0.48235294 0.44705882
v 0.33428514 0.04795271 0.00685036 0.57254902 0.49411765 0.44705882
v 0.33566940 0.04560989 0.00685036 0.57254902 0.49411765 0.44705882
v -0.43095762 0.06165349 0.00685036 0.58823529 0.58823529 0.55686275
v 0.25346458 0.06165349 -0.00676244 0.58823529 0.49803922 0.44705882
v 0.26716530 0.06165349 -0.00591326 0.58431373 0.49019608 0.44705882
v 0.28086615 0.06165349 -0.00503224 0.55686275 0.47843137 0.45490196
v 0.29456687 0.06165349 -0.00346112 0.54901961 0.47843137 0.45490196
v 0.30826771 0.06165349 -0.00001818 0.54901961 0.47843137 0.44705882
v 0.31799936 0.06165349 0.00685036 0.55294118 0.48235294 0.45098039
v 0.32196844 0.05909532 0.00685036 0.55686275 0.48627451 0.45098039
v -0.43095228 0.07535428 0.00685036 0.58823529 0.58823529 0.55686275
v 0.23976374 0.07535428 0.00248140 0.54901961 0.49019608 0.45882353
v 0.25346458 0.07535428 -0.00403500 0.56862745 0.49803922 0.45882353
v 0.26716530 0.07535428 -0.00416267 0.56470588 0.49019608 0.45882353
v 0.28086615 0.07535428 -0.00228184 0.54117647 0.47843137 0.46274510
v 0.29456687 0.07535428 0.00175750 0.54117647 0.47843137 0.45490196
v 0.30081844 0.07535428 0.00685036 0.53725490 0.47450980 0.45490196
v 0.30826771 0.06969637 0.00685036 0.54117647 0.47843137 0.45490196
v -0.43106714 0.08905506 0.00685036 0.58431373 0.58823529 0.56078431
v 0.18496060 0.08905506 -0.00441355 0.72156863 0.13725490 0.09411765
v 0.23976374 0.07782078 0.00685036 0.54509804 0.49411765 0.46274510
v 0.23762560 0.08905506 0.00685036 0.52941176 0.49411765 0.47450980
v 0.25346458 0.08905506 0.00554019 0.52156863 0.48627451 0.47058824
v 0.25172079 0.08905506 0.00685036 0.52156863 0.48627451 0.47058824
v 0.26496422 0.08905506 0.00685036 0.52549020 0.48627451 0.47058824
v 0.26716530 0.08898878 0.00685036 0.52156863 0.48627451 0.47058824
v 0.28086615 0.08749962 0.00685036 0.52549020 0.47450980 0.45882353
v 0.29456687 0.08128071 0.00685036 0.53333333 0.47450980 0.45098039
v -0.43107563 0.10275584 0.00685036 0.58431373 0.58823529 0.56078431
v 0.14385831 0.10275584 -0.00684094 0.69411765 0.10980392 0.07450980
v 0.15755904 0.10275584 0.00478601 0.69803922 0.11764706 0.08235294
v 0.17125988 0.10275584 -0.00378633 0.70588235 0.12549020 0.09019608
v 0.18496060 0.10275584 0.00433290 0.72156863 0.18039216 0.12941176
v 0.21236217 0.10275584 -0.00483596 0.54901961 0.48235294 0.45098039
v 0.22606301 0.10275584 0.00007796 0.52549020 0.49411765 0.47843137
v 0.23263276 0.10275584 0.00685036 0.51764706 0.49411765 0.48627451
v 0.25346458 0.09033859 0.00685036 0.51764706 0.48627451 0.47058824
v -0.43095908 0.11645675 0.00685036 0.58823529 0.58823529 0.55686275
v 0.11645675 0.11645675 -0.00247002 0.65490196 0.10196078 0.07058824
v 0.13015747 0.11645675 0.00221086 0.66274510 0.10588235 0.07450980
v 0.14385831 0.11645675 0.00381321 0.67058824 0.10980392 0.07843137
v 0.14730227 0.11645675 0.00685036 0.67450980 0.10980392 0.07843137
v 0.15755904 0.10463977 0.00685036 0.69411765 0.11764706 0.08235294
v 0.17125988 0.11622983 0.00685036 0.69019608 0.16470588 0.12156863
v 0.18496060 0.10569662 0.00685036 0.75294118 0.23137255 0.16862745
v 0.19866145 0.11645675 0.00027388 0.55294118 0.48235294 0.44705882
v 0.19159234 0.11645675 0.00685036 0.62352941 0.49803922 0.44313725
v 0.20956028 0.11645675 0.00685036 0.53333333 0.49019608 0.47450980
v 0.21236217 0.11478865 0.00685036 0.52941176 0.49019608 0.47450980
v 0.22606301 0.10989457 0.00685036 0.51764706 0.49411765 0.48627451
v -0.43090710 0.13015747 0.00685036 0.58823529 0.58823529 0.56078431
v -0.14385825 0.13015747 0.00014460 0.62352941 0.58431373 0.50980392
v 0.07535428 0.13015747 -0.00384313 0.60392157 0.08235294 0.05882353
v 0.08905506 0.13015747 0.00470364 0.60784314 0.08627451 0.06274510
v 0.09241205 0.13015747 0.00685036 0.60784314 0.08627451 0.06274510
v 0.10275584 0.12746465 0.00685036 0.62745098 0.09411765 0.06666667
v 0.11645675 0.12282819 0.00685036 0.64705882 0.09803922 0.07058824
v 0.13015747 0.12017542 0.00685036 0.65882353 0.10588235 0.07450980
v 0.14385831 0.11922419 0.00685036 0.66666667 0.10980392 0.07843137
v 0.19866145 0.12267202 0.00685036 0.53333333 0.48235294 0.46666667
v -0.43065488 0.14385831 0.00685036 0.58823529 0.58823529 0.56078431
v -0.17125988 0.14385831 -0.00453520 0.58823529 0.58823529 0.56078431
v -0.16391456 0.14385831 0.00685036 0.60392157 0.59215686 0.54901961
v -0.15755904 0.14144301 0.00685036 0.61176471 0.59215686 0.53725490
v -0.14385825 0.13394952 0.00685036 0.62745098 0.58823529 0.50980392
v -0.14308023 0.14385831 0.00685036 0.61960784 0.58823529 0.51764706
v 0.02055115 0.14385831 -0.00018322 0.60784314 0.09411765 0.07843137
v 0.03138202 0.14385831 0.00685036 0.60000000 0.09019608 0.07058824
v 0.03425193 0.14333034 0.00685036 0.59607843 0.09019608 0.07058824
v 0.04795271 0.14074826 0.00685036 0.59215686 0.08235294 0.06274510
v 0.06165349 0.13826919 0.00685036 0.58431373 0.08235294 0.05882353
v 0.07535428 0.13547003 0.00685036 0.59607843 0.08235294 0.06274510
v 0.08905506 0.13144052 0.00685036 0.60784314 0.08627451 0.06274510
v -0.42890376 0.15755904 0.00685036 0.58823529 0.58823529 0.56078431
v -0.26716530 0.15697348 0.00685036 0.55294118 0.58823529 0.57254902
v -0.26928926 0.15755904 0.00685036 0.55686275 0.58823529 0.57254902
v -0.25346458 0.15658712 0.00685036 0.54901961 0.58039216 0.57254902
v -0.23976380 0.15581977 0.00685036 0.54509804 0.58039216 0.57254902
v -0.22606301 0.15510094 0.00685036 0.54509804 0.58039216 0.56862745
v -0.21236223 0.15404582 0.00685036 0.55686275 0.58431373 0.58039216
v -0.19866145 0.15276754 0.00685036 0.56078431 0.58431373 0.58431373
v -0.18496066 0.15178943 0.00685036 0.56862745 0.58431373 0.57254902
v -0.17125988 0.15047932 0.00685036 0.58823529 0.58823529 0.56078431
v -0.14217335 0.15755904 0.00685036 0.60784314 0.58431373 0.52156863
v -0.04795271 0.15755904 0.00059903 0.58039216 0.45098039 0.40000000
v -0.03841853 0.15755904 0.00685036 0.55686275 0.43529412 0.39215686
v -0.03425193 0.15690446 0.00685036 0.58823529 0.45490196 0.40000000
v -0.02055115 0.15519440 0.00685036 0.76862745 0.43137255 0.34509804
v -0.00685036 0.15295720 0.00685036 0.58823529 0.14901961 0.12549020
v 0.00685036 0.15056694 0.00685036 0.59607843 0.10980392 0.09411765
v 0.02055115 0.14750290 0.00685036 0.60784314 0.09803922 0.08235294
v -0.41787404 0.16867292 0.00685036 0.59215686 0.59215686 0.55686275
v -0.41751975 0.17125988 0.00685036 0.59215686 0.59607843 0.55686275
v -0.34937006 0.17125988 0.00416178 0.57647059 0.59607843 0.56470588
v -0.34765816 0.17125988 0.00685036 0.57647059 0.59607843 0.56470588
v -0.33566928 0.16712105 0.00685036 0.57254902 0.60000000 0.57254902
v -0.32196850 0.16718829 0.00685036 0.57254902 0.59215686 0.55686275
v -0.30826771 0.16696715 0.00685036 0.56862745 0.58823529 0.54901961
v -0.29456693 0.16665351 0.00685036 0.55686275 0.59215686 0.56078431
v -0.28086615 0.16772270 0.00685036 0.54901961 0.59215686 0.56862745
v -0.13015747 0.17091024 0.00685036 0.58823529 0.58431373 0.53333333
v -0.11645669 0.17052293 0.00685036 0.59215686 0.57647059 0.51372549
v -0.10275590 0.16864777 0.00685036 0.63529412 0.55686275 0.45098039
v -0.08905512 0.16669822 0.00685036 0.64705882 0.52941176 0.41568627
v -0.07535434 0.16513598 0.00685036 0.62352941 0.52156863 0.41568627
v -0.06165355 0.16292787 0.00685036 0.61176471 0.47843137 0.38823529
v -0.04795271 0.16027343 0.00685036 0.58823529 0.42745098 0.36862745
v -0.40417325 0.18464696 0.00685036 0.59607843 0.60392157 0.56470588
v -0.39047247 0.18433297 0.00685036 0.59607843 0.60784314 0.56862745
v -0.37677163 0.18214715 0.00685036 0.59215686 0.60000000 0.56078431
v -0.36307085 0.17892718 0.00685036 0.58431373 0.59215686 0.54901961
v -0.34937006 0.17249548 0.00685036 0.57647059 0.59607843 0.56470588
v -0.40701148 -0.19866145 0.02055115 0.59215686 0.60392157 0.57254902
v -0.40417325 -0.20158267 0.02055115 0.59215686 0.60392157 0.57647059
v -0.39047247 -0.19866145 0.01554137 0.58823529 0.61176471 0.58823529
v -0.39098144 -0.19866145 0.02055115 0.58823529 0.61176471 0.58431373
v -0.38759291 -0.19866145 0.02055115 0.58823529 0.60784314 0.58431373
v -0.37677163 -0.19916648 0.02055115 0.58823529 0.60784314 0.58039216
v -0.37278986 -0.19866145 0.02055115 0.58823529 0.60784314 0.58039216
v -0.42760590 -0.18496066 0.02055115 0.58431373 0.59215686 0.56862745
v -0.41787404 -0.19467342 0.02055115 0.58823529 0.59607843 0.56470588
v -0.39047247 -0.19863844 0.02055115 0.58823529 0.61176471 0.58431373
v -0.36307085 -0.19834656 0.02055115 0.58431373 0.60784314 0.58431373
v -0.34937006 -0.19618356 0.02055115 0.57647059 0.60784314 0.59215686
v -0.33566928 -0.19474185 0.02055115 0.57647059 0.61568627 0.59607843
v -0.32196850 -0.19491470 0.02055115 0.57647059 0.61568627 0.58823529
v -0.30826771 -0.19452220 0.02055115 0.57647059 0.61176471 0.58431373
v -0.29456693 -0.19108856 0.02055115 0.55686275 0.61176471 0.58039216
v -0.28086615 -0.18496066 0.01816279 0.55294118 0.61176471 0.57254902
v -0.28109622 -0.18496066 0.02055115 0.56078431 0.61176471 0.56862745
v -0.13835889 -0.18496066 0.02055115 0.61568627 0.58431373 0.54901961
v -0.13015747 -0.19325006 0.02055115 0.63137255 0.60000000 0.56470588
v -0.11645669 -0.19489282 0.02055115 0.59607843 0.58039216 0.53725490
v -0.10275590 -0.19104260 0.02055115 0.58039216 0.54901961 0.50196078
v -0.08905512 -0.18794334 0.02055115 0.57647059 0.53333333 0.48627451
v -0.07535434 -0.18630439 0.02055115 0.56078431 0.52156863 0.47058824
v -0.07535434 -0.18496066 0.01433921 0.55294118 0.51372549 0.46666667
v -0.06886679 -0.18496066 0.02055115 0.55686275 0.52156863 0.47450980
v -0.43077016 -0.17125988 0.02055115 0.58431373 0.59215686 0.56470588
v -0.28086615 -0.18488300 0.02055115 0.56078431 0.61176471 0.56862745
v -0.26716530 -0.18245995 0.02055115 0.54509804 0.58823529 0.57254902
v -0.25346458 -0.18124616 0.02055115 0.53333333 0.56862745 0.57254902
v -0.23976380 -0.17972833 0.02055115 0.55294118 0.57647059 0.56078431
v -0.22606301 -0.17782360 0.02055115 0.57254902 0.58431373 0.56078431
v -0.21236223 -0.17494076 0.02055115 0.56862745 0.58823529 0.58431373
v -0.21236223 -0.17125988 0.01049483 0.57254902 0.58823529 0.58431373
v -0.19991207 -0.17125988 0.02055115 0.58039216 0.59607843 0.59607843
v -0.14187312 -0.17125988 0.02055115 0.57647059 0.54901961 0.51372549
v -0.06165355 -0.18406600 0.02055115 0.55686275 0.49803922 0.44705882
v -0.04795271 -0.18103427 0.02055115 0.50196078 0.40000000 0.35294118
v -0.03425193 -0.17904377 0.02055115 0.40784314 0.30980392 0.27843137
v -0.02055115 -0.17782706 0.02055115 0.28235294 0.20392157 0.19215686
v -0.00685036 -0.17611247 0.02055115 0.12549020 0.05098039 0.05098039
v 0.00685036 -0.17238432 0.02055115 0.49019608 0.12549020 0.10588235
v 0.00685036 -0.17125988 0.01762474 0.56470588 0.15294118 0.12549020
v 0.00898510 -0.17125988 0.02055115 0.56078431 0.14509804 0.12156863
v -0.43115109 -0.15755904 0.02055115 0.58823529 0.59215686 0.56078431
v -0.19866145 -0.17112881 0.02055115 0.58431373 0.59607843 0.59215686
v -0.18496066 -0.16980821 0.02055115 0.61176471 0.60392157 0.56862745
v -0.17125988 -0.16862470 0.02055115 0.59607843 0.59607843 0.56078431
v -0.15755904 -0.16117734 0.02055115 0.58431373 0.57254902 0.52941176
v -0.15755904 -0.15755904 0.01057285 0.57647059 0.56470588 0.52156863
v -0.15308511 -0.15755904 0.02055115 0.58039216 0.56470588 0.51764706
v -0.14330876 -0.15755904 0.02055115 0.56470588 0.54509804 0.49803922
v 0.02055115 -0.16923881 0.02055115 0.60000000 0.13725490 0.10980392
v 0.03425193 -0.16717368 0.02055115 0.58431373 0.12156863 0.09019608
v 0.04795271 -0.16559827 0.02055115 0.57647059 0.10980392 0.07843137
v 0.06017238 -0.15755904 0.02055115 0.60784314 0.10980392 0.07843137
v -0.43124512 -0.14385825 0.02055115 0.58823529 0.59215686 0.56078431
v -0.14385825 -0.15250641 0.02055115 0.58431373 0.55686275 0.50588235
v 0.06165349 -0.15705860 0.02055115 0.61176471 0.10980392 0.07843137
v 0.07535428 -0.15494817 0.02055115 0.61176471 0.10196078 0.07058824
v 0.08905506 -0.15331459 0.02055115 0.60392157 0.09803922 0.06666667
v 0.10275584 -0.14837396 0.02055115 0.61960784 0.09803922 0.06666667
v 0.10275584 -0.14385825 0.01377481 0.63137255 0.09803922 0.06666667
v 0.10910034 -0.14385825 0.02055115 0.64313725 0.10196078 0.06666667
v 0.19866145 -0.14385825 0.01484179 0.55294118 0.48627451 0.45490196
v 0.19175208 -0.14385825 0.02055115 0.57647059 0.47843137 0.43921569
v 0.19866145 -0.14818156 0.02055115 0.54509804 0.48627451 0.45882353
v 0.20569944 -0.14385825 0.02055115 0.54509804 0.48627451 0.45882353
v -0.43125510 -0.13015747 0.02055115 0.58823529 0.59215686 0.56078431
v 0.11645675 -0.14134228 0.02055115 0.65882353 0.10588235 0.07058824
v 0.13015747 -0.13968635 0.02055115 0.68235294 0.10980392 0.07058824
v 0.14385831 -0.13610023 0.02055115 0.70196078 0.11372549 0.07843137
v 0.14385831 -0.13015747 0.00961947 0.71372549 0.11764706 0.07843137
v 0.14966440 -0.13015747 0.02055115 0.72156863 0.12156863 0.07843137
v 0.17125988 -0.13015747 0.00991505 0.74117647 0.14117647 0.09411765
v 0.16314149 -0.13015747 0.02055115 0.73725490 0.13333333 0.08627451
v 0.17125988 -0.13833684 0.02055115 0.71764706 0.14117647 0.09803922
v 0.18496060 -0.13777387 0.02055115 0.77254902 0.27450980 0.19607843
v 0.18496060 -0.13015747 0.01458919 0.74117647 0.17254902 0.12156863
v 0.21236217 -0.14137614 0.02055115 0.53725490 0.49019608 0.46666667
v 0.22606301 -0.13493997 0.02055115 0.52156863 0.49019608 0.47843137
v 0.22606301 -0.13015747 0.01547229 0.52156863 0.49019608 0.47450980
v 0.23352146 -0.13015747 0.02055115 0.51764706 0.49411765 0.48627451
v -0.43125728 -0.11645669 0.02055115 0.58823529 0.59215686 0.56078431
v 0.15755904 -0.12290663 0.02055115 0.74509804 0.13333333 0.08627451
v 0.15755904 -0.11645669 0.01234496 0.74117647 0.12941176 0.08627451
v 0.23976374 -0.12823391 0.02055115 0.51764706 0.49019608 0.48235294
v 0.23976374 -0.11645669 0.01075804 0.52941176 0.49803922 0.48235294
v 0.25346458 -0.12621576 0.02055115 0.50980392 0.48235294 0.47450980
v 0.25346458 -0.11645669 0.01086414 0.52549020 0.49411765 0.47843137
v 0.26716530 -0.12577283 0.02055115 0.51764706 0.48235294 0.46666667
v 0.26716530 -0.11645669 0.01131135 0.52941176 0.49019608 0.47450980
v 0.28086615 -0.12244511 0.02055115 0.53333333 0.47843137 0.45882353
v 0.28086615 -0.11645669 0.01459765 0.53725490 0.48235294 0.45882353
v 0.29214680 -0.11645669 0.02055115 0.54901961 0.47843137 0.45490196
v -0.43124220 -0.10275590 0.02055115 0.58431373 0.58823529 0.55686275
v 0.23976374 -0.10275590 0.00814909 0.54901961 0.49019608 0.45882353
v 0.25346458 -0.10275590 0.00710231 0.56078431 0.49803922 0.46666667
v 0.26716530 -0.10275590 0.00721627 0.56078431 0.49411765 0.46666667
v 0.28086615 -0.10275590 0.00896591 0.54901961 0.48627451 0.46274510
v 0.29456687 -0.11542803 0.02055115 0.54901961 0.47843137 0.45098039
v 0.29456687 -0.10275590 0.01121593 0.55294118 0.48235294 0.45882353
v 0.30826771 -0.11016309 0.02055115 0.54901961 0.47843137 0.44313725
v 0.30826771 -0.10275590 0.01372838 0.54901961 0.47843137 0.45098039
v 0.31935251 -0.10275590 0.02055115 0.56862745 0.49019608 0.45098039
v -0.43108711 -0.08905512 0.02055115 0.58431373 0.58823529 0.55686275
v 0.29456687 -0.08905512 0.00694096 0.55686275 0.48627451 0.45882353
v 0.30826771 -0.08905512 0.00884312 0.55686275 0.48235294 0.45098039
v 0.32196844 -0.10126323 0.02055115 0.57647059 0.49803922 0.45490196
v 0.32196844 -0.08905512 0.01151121 0.57254902 0.49411765 0.45490196
v 0.33566940 -0.09144455 0.02055115 0.60392157 0.52156863 0.46274510
v 0.33566940 -0.08905512 0.01827502 0.60392157 0.52156863 0.46274510
v 0.33823884 -0.08905512 0.02055115 0.60784314 0.52156863 0.46274510
v -0.43035406 -0.07535434 0.02055115 0.58431373 0.58823529 0.55686275
v 0.32196844 -0.07535434 0.00816357 0.57647059 0.49803922 0.45490196
v 0.33566940 -0.07535434 0.01093334 0.60000000 0.52156863 0.45882353
v 0.34937012 -0.08253747 0.02055115 0.61568627 0.52941176 0.45882353
v 0.34937012 -0.07535434 0.01387793 0.61568627 0.53333333 0.45882353
v 0.35687828 -0.07535434 0.02055115 0.62745098 0.53725490 0.45882353
v -0.41787404 -0.06165355 0.01575512 0.58039216 0.58431373 0.55294118
v -0.42031065 -0.06165355 0.02055115 0.58039216 0.58431373 0.55686275
v -0.28086615 -0.06210285 0.02055115 0.57254902 0.61568627 0.57254902
v -0.28295279 -0.06165355 0.02055115 0.57254902 0.61960784 0.57254902
v -0.27690244 -0.06165355 0.02055115 0.57254902 0.61176471 0.57254902
v 0.33566940 -0.06165355 0.00782043 0.60392157 0.52156863 0.46666667
v 0.34937012 -0.06165355 0.00990212 0.61960784 0.53725490 0.47058824
v 0.36307085 -0.06949133 0.02055115 0.63921569 0.54509804 0.46274510
v 0.36307085 -0.06165355 0.01352924 0.62745098 0.54509804 0.47058824
v 0.37038589 -0.06165355 0.02055115 0.63529412 0.54901961 0.47058824
v -0.41787404 -0.05916637 0.02055115 0.58039216 0.58431373 0.55294118
v -0.40417325 -0.05097228 0.02055115 0.58431373 0.59607843 0.56078431
v -0.39047247 -0.05477011 0.02055115 0.58823529 0.60392157 0.56862745
v -0.37677163 -0.05674279 0.02055115 0.58039216 0.60000000 0.57254902
v -0.36307085 -0.05798095 0.02055115 0.57647059 0.60000000 0.57647059
v -0.34937006 -0.05877191 0.02055115 0.58039216 0.60784314 0.58431373
v -0.33566928 -0.05851334 0.02055115 0.58431373 0.61568627 0.58823529
v -0.32196850 -0.05661196 0.02055115 0.58431373 0.61568627 0.58823529
v -0.30826771 -0.05543166 0.02055115 0.58039216 0.61960784 0.58431373
v -0.29456693 -0.05199111 0.02055115 0.56862745 0.61960784 0.58431373
v -0.26716530 -0.05466348 0.02055115 0.56470588 0.60392157 0.57647059
v -0.25346458 -0.05346197 0.02055115 0.56078431 0.58823529 0.56862745
v -0.23976380 -0.05244976 0.02055115 0.57254902 0.59607843 0.54901961
v -0.22606301 -0.05158395 0.02055115 0.57647059 0.59215686 0.55686275
v -0.21236223 -0.05036956 0.02055115 0.58039216 0.58823529 0.56862745
v -0.19866145 -0.04896832 0.02055115 0.58823529 0.58823529 0.56862745
v -0.18496066 -0.04795271 0.01592922 0.60784314 0.59607843 0.55686275
v -0.19036013 -0.04795271 0.02055115 0.60000000 0.59215686 0.56078431
v 0.34937012 -0.04795271 0.00761628 0.61176471 0.53725490 0.47450980
v 0.36307085 -0.04795271 0.00930637 0.61568627 0.54117647 0.47843137
v 0.37677169 -0.05140156 0.02055115 0.62745098 0.54901961 0.47450980
v 0.37677169 -0.04795271 0.01727748 0.62352941 0.54509804 0.47843137
v 0.37999988 -0.04795271 0.02055115 0.62745098 0.54901961 0.47450980
v -0.18496066 -0.04553711 0.02055115 0.60392157 0.59607843 0.55686275
v -0.17125988 -0.03878617 0.02055115 0.59215686 0.58823529 0.54901961
v -0.16434264 -0.03425193 0.02055115 0.60392157 0.58039216 0.53333333
v 0.36307085 -0.03425193 0.00828701 0.61176471 0.53725490 0.47843137
v 0.37677169 -0.03425193 0.01080382 0.61960784 0.54509804 0.47843137
v 0.38680816 -0.03425193 0.02055115 0.62352941 0.54117647 0.47058824
v -0.15755904 -0.02055115 0.01781005 0.60000000 0.57647059 0.52941176
v -0.15902275 -0.02055115 0.02055115 0.60000000 0.57647059 0.52941176
v 0.36307085 -0.02055115 0.00790316 0.61176471 0.53333333 0.46666667
v 0.37677169 -0.02055115 0.01001525 0.61960784 0.54117647 0.46666667
v 0.38820672 -0.02055115 0.02055115 0.62352941 0.53725490 0.45882353
v -0.15755904 -0.00685036 0.01366913 0.60000000 0.57647059 0.52549020
v -0.16141570 -0.00685036 0.02055115 0.60784314 0.58039216 0.52941176
v 0.36307085 -0.00685036 0.00764793 0.60784314 0.52941176 0.46274510
v 0.37677169 -0.00685036 0.00972205 0.61568627 0.53333333 0.46274510
v 0.38856637 -0.00685036 0.02055115 0.61568627 0.53333333 0.45490196
v -0.16697013 0.00685036 0.02055115 0.60784314 0.58823529 0.53333333
v 0.36307085 0.00685036 0.00761259 0.60000000 0.52156863 0.46666667
v 0.37677169 0.00685036 0.01005232 0.60784314 0.52941176 0.46666667
v 0.38763463 0.00685036 0.02055115 0.61176471 0.52941176 0.45882353
v -0.18474019 0.02055115 0.02055115 0.60392157 0.59215686 0.55294118
v -0.17125988 0.01124817 0.02055115 0.60000000 0.59215686 0.54509804
v 0.36307085 0.02055115 0.00817233 0.59215686 0.51764706 0.46274510
v 0.37677169 0.02055115 0.01210177 0.60000000 0.52549020 0.46274510
v 0.38531065 0.02055115 0.02055115 0.60392157 0.52156863 0.45490196
v -0.42748615 0.03425193 0.02055115 0.57647059 0.58039216 0.54901961
v -0.41787404 0.02465504 0.02055115 0.57647059 0.58039216 0.54901961
v -0.40417325 0.02142787 0.02055115 0.58431373 0.59215686 0.55686275
v -0.39047247 0.02228993 0.02055115 0.58431373 0.59607843 0.56470588
v -0.37677163 0.02335346 0.02055115 0.58039216 0.59215686 0.56862745
v -0.36307085 0.02458829 0.02055115 0.57254902 0.59215686 0.56862745
v -0.34937006 0.02506626 0.02055115 0.57647059 0.60000000 0.57647059
v -0.33566928 0.02536237 0.02055115 0.58039216 0.60784314 0.58431373
v -0.32196850 0.02509326 0.02055115 0.58039216 0.61176471 0.58039216
v -0.30826771 0.02446556 0.02055115 0.58039216 0.61176471 0.58039216
v -0.29456693 0.02378255 0.02055115 0.56862745 0.61176471 0.57647059
v -0.28086615 0.02823532 0.02055115 0.56862745 0.60784314 0.56470588
v -0.26716530 0.02368867 0.02055115 0.56470588 0.60000000 0.57254902
v -0.25346458 0.02406079 0.02055115 0.56078431 0.58823529 0.56470588
v -0.23976380 0.02346307 0.02055115 0.57254902 0.58823529 0.54509804
v -0.22606301 0.02283841 0.02055115 0.57647059 0.58823529 0.54509804
v -0.21236223 0.02194166 0.02055115 0.58431373 0.58823529 0.56078431
v -0.19866145 0.02118641 0.02055115 0.59215686 0.58823529 0.56078431
v -0.18496066 0.02059299 0.02055115 0.60392157 0.59215686 0.55294118
v 0.34937012 0.03425193 0.00769317 0.58431373 0.50588235 0.45098039
v 0.36307085 0.03425193 0.00921440 0.58823529 0.51372549 0.45490196
v 0.37677169 0.03425193 0.01954675 0.59607843 0.51372549 0.45098039
v 0.37775910 0.03425193 0.02055115 0.59607843 0.51372549 0.45098039
v -0.43058187 0.04795271 0.02055115 0.58039216 0.58431373 0.55294118
v 0.33566940 0.04795271 0.00729191 0.57254902 0.49411765 0.44705882
v 0.34937012 0.04795271 0.00958425 0.58039216 0.50588235 0.45098039
v 0.36307085 0.04795271 0.01211101 0.58823529 0.50980392 0.45098039
v 0.37198293 0.04795271 0.02055115 0.59215686 0.51372549 0.44705882
v 0.37677169 0.03539145 0.02055115 0.59607843 0.51372549 0.45098039
v -0.43097955 0.06165349 0.02055115 0.58431373 0.58823529 0.55686275
v 0.32196844 0.06165349 0.00756443 0.55686275 0.48627451 0.45098039
v 0.33566940 0.06165349 0.01066411 0.57647059 0.50196078 0.45098039
v 0.34937012 0.06165349 0.01559561 0.58431373 0.50980392 0.45490196
v 0.35540402 0.06165349 0.02055115 0.58431373 0.50980392 0.45490196
v 0.36307085 0.05740952 0.02055115 0.58823529 0.50980392 0.45098039
v -0.43099454 0.07535428 0.02055115 0.58823529 0.58823529 0.56078431
v 0.30826771 0.07535428 0.00843471 0.53725490 0.47450980 0.45098039
v 0.32196844 0.07535428 0.01167476 0.54901961 0.48235294 0.45098039
v 0.33459735 0.07535428 0.02055115 0.57254902 0.49803922 0.45098039
v 0.33566940 0.07455736 0.02055115 0.57254902 0.49803922 0.45098039
v 0.34937012 0.06684184 0.02055115 0.58431373 0.50980392 0.45882353
v -0.43111053 0.08905506 0.02055115 0.58431373 0.58823529 0.56078431
v 0.23976374 0.08905506 0.00885242 0.52941176 0.49411765 0.47843137
v 0.26716530 0.08905506 0.00687236 0.52156863 0.48627451 0.47058824
v 0.28086615 0.08905506 0.00741768 0.52156863 0.47058824 0.45882353
v 0.29456687 0.08905506 0.00912333 0.52549020 0.46666667 0.44705882
v 0.30826771 0.08905506 0.01307231 0.51764706 0.46274510 0.44313725
v 0.31801820 0.08905506 0.02055115 0.53333333 0.47058824 0.44313725
v 0.32196844 0.08615768 0.02055115 0.54509804 0.47843137 0.44705882
v -0.43112630 0.10275584 0.02055115 0.58431373 0.58823529 0.56078431
v 0.23976374 0.10275584 0.01103848 0.51372549 0.49019608 0.48235294
v 0.25346458 0.10275584 0.01174682 0.50588235 0.48235294 0.47450980
v 0.26716530 0.10275584 0.01085794 0.50588235 0.47843137 0.47058824
v 0.28086615 0.10275584 0.01322186 0.51764706 0.47450980 0.45882353
v 0.29456687 0.10275584 0.01809901 0.51764706 0.46666667 0.44705882
v 0.29725015 0.10275584 0.02055115 0.51764706 0.46666667 0.44705882
v 0.30826771 0.09687567 0.02055115 0.51764706 0.45882353 0.43921569
v -0.43105188 0.11645675 0.02055115 0.58823529 0.58823529 0.56078431
v 0.15755904 0.10918218 0.02055115 0.69019608 0.11764706 0.08627451
v 0.15351260 0.11645675 0.02055115 0.67843137 0.11372549 0.08627451
v 0.17125988 0.11645675 0.00722718 0.69019608 0.16470588 0.12156863
v 0.16129422 0.11645675 0.02055115 0.68235294 0.12549020 0.09411765
v 0.18496060 0.11645675 0.01585621 0.82352941 0.52941176 0.41960784
v 0.21236217 0.11645675 0.00848490 0.52941176 0.49019608 0.47450980
v 0.22606301 0.11645675 0.01589960 0.50980392 0.49411765 0.49019608
v 0.23321390 0.11645675 0.02055115 0.50588235 0.49411765 0.49411765
v 0.23976374 0.11441070 0.02055115 0.50588235 0.49019608 0.49019608
v 0.25346458 0.11173040 0.02055115 0.50196078 0.48627451 0.47843137
v 0.26716530 0.11260259 0.02055115 0.50588235 0.48235294 0.47843137
v 0.28086615 0.11015522 0.02055115 0.51372549 0.47450980 0.46666667
v 0.29456687 0.10522878 0.02055115 0.51764706 0.46666667 0.45098039
v -0.43101352 0.13015747 0.02055115 0.58823529 0.58823529 0.56078431
v 0.10275584 0.13015747 0.01290208 0.61960784 0.09411765 0.06666667
v 0.11091179 0.13015747 0.02055115 0.63137255 0.09803922 0.07058824
v 0.11645675 0.12842977 0.02055115 0.63921569 0.10196078 0.07450980
v 0.13015747 0.12624580 0.02055115 0.65098039 0.10588235 0.07843137
v 0.14385831 0.12556100 0.02055115 0.65882353 0.11372549 0.08235294
v 0.17125988 0.12741017 0.02055115 0.84705882 0.49803922 0.38039216
v 0.18496060 0.12066102 0.02055115 0.74117647 0.52549020 0.43529412
v 0.19866145 0.12861562 0.02055115 0.52549020 0.48627451 0.47058824
v 0.21236217 0.12499672 0.02055115 0.51764706 0.49019608 0.48235294
v 0.22606301 0.12077332 0.02055115 0.50196078 0.49411765 0.49803922
v -0.43087092 0.14385831 0.02055115 0.58431373 0.58823529 0.56078431
v -0.15755904 0.14170671 0.02055115 0.61176471 0.59215686 0.54117647
v -0.16286075 0.14385831 0.02055115 0.60392157 0.59215686 0.54901961
v -0.14385825 0.13868308 0.02055115 0.62352941 0.58823529 0.51764706
v -0.14324260 0.14385831 0.02055115 0.61960784 0.59215686 0.52156863
v 0.03425193 0.14385831 0.00818390 0.59607843 0.09019608 0.07058824
v 0.04795271 0.14385831 0.01656115 0.58823529 0.08627451 0.06666667
v 0.05265206 0.14385831 0.02055115 0.58823529 0.08627451 0.06666667
v 0.06165349 0.14208972 0.02055115 0.58431373 0.08235294 0.06274510
v 0.07535428 0.14006889 0.02055115 0.58823529 0.08235294 0.06274510
v 0.08905506 0.13781703 0.02055115 0.60000000 0.08627451 0.06274510
v 0.10275584 0.13427079 0.02055115 0.61960784 0.09411765 0.06666667
v -0.42978120 0.15755904 0.02055115 0.58823529 0.58823529 0.56078431
v -0.26716530 0.15685451 0.02055115 0.55686275 0.58823529 0.57254902
v -0.27257186 0.15755904 0.02055115 0.56078431 0.59215686 0.56862745
v -0.25346458 0.15650070 0.02055115 0.55294118 0.58039216 0.57254902
v -0.23976380 0.15590286 0.02055115 0.54901961 0.58039216 0.56862745
v -0.22606301 0.15529776 0.02055115 0.54901961 0.58039216 0.56470588
v -0.21236223 0.15454280 0.02055115 0.55686275 0.58431373 0.58039216
v -0.19866145 0.15359759 0.02055115 0.56470588 0.58431373 0.58431373
v -0.18496066 0.15274942 0.02055115 0.56862745 0.58431373 0.57647059
v -0.17125988 0.15142965 0.02055115 0.58823529 0.58823529 0.56470588
v -0.14260143 0.15755904 0.02055115 0.60784314 0.58431373 0.52549020
v -0.03425193 0.15755904 0.00895452 0.56078431 0.42745098 0.38039216
v -0.02055115 0.15755904 0.01336330 0.59607843 0.36862745 0.30980392
v -0.00685036 0.15755904 0.01925021 0.39607843 0.10980392 0.09411765
v -0.00507402 0.15755904 0.02055115 0.36078431 0.09019608 0.07843137
v 0.00685036 0.15524387 0.02055115 0.52941176 0.10980392 0.09803922
v 0.02055115 0.15304220 0.02055115 0.58431373 0.10196078 0.08627451
v 0.03425193 0.15065265 0.02055115 0.58823529 0.09019608 0.07450980
v 0.04795271 0.14635980 0.02055115 0.58431373 0.08627451 0.06666667
v -0.41787404 0.17064726 0.02055115 0.59215686 0.59215686 0.55294118
v -0.41777056 0.17125988 0.02055115 0.59607843 0.59607843 0.55294118
v -0.33566928 0.16644955 0.02055115 0.57647059 0.60000000 0.56862745
v -0.34661996 0.17125988 0.02055115 0.57647059 0.60000000 0.56470588
v -0.32196850 0.16671014 0.02055115 0.57254902 0.59215686 0.55294118
v -0.30826771 0.16595340 0.02055115 0.56862745 0.58823529 0.54901961
v -0.29456693 0.16525543 0.02055115 0.56078431 0.59607843 0.55686275
v -0.28086615 0.16414106 0.02055115 0.55294118 0.59215686 0.56470588
v -0.13015747 0.17125988 0.00804669 0.58823529 0.58431373 0.53333333
v -0.13924640 0.17125988 0.02055115 0.59215686 0.58431373 0.53333333
v -0.11645669 0.17125988 0.01338935 0.59215686 0.58039216 0.51764706
v -0.10763538 0.17125988 0.02055115 0.60784314 0.56862745 0.48235294
v -0.10275590 0.17058468 0.02055115 0.62745098 0.56078431 0.45882353
v -0.08905512 0.16864276 0.02055115 0.64705882 0.53333333 0.41176471
v -0.07535434 0.16784155 0.02055115 0.61960784 0.52941176 0.42352941
v -0.06165355 0.16641927 0.02055115 0.61568627 0.49803922 0.40000000
v -0.04795271 0.16452205 0.02055115 0.62352941 0.42352941 0.34901961
v -0.03425193 0.16265249 0.02055115 0.54901961 0.39215686 0.34117647
v -0.02055115 0.16113400 0.02055115 0.58431373 0.41176471 0.34117647
v -0.00685036 0.15834856 0.02055115 0.37647059 0.11372549 0.09803922
v -0.40417325 0.18487525 0.02055115 0.59607843 0.60392157 0.55686275
v -0.39047247 0.18473303 0.02055115 0.59607843 0.60784314 0.56470588
v -0.37677163 0.18264496 0.02055115 0.59215686 0.60000000 0.55294118
v -0.36307085 0.17973101 0.02055115 0.58823529 0.59607843 0.54509804
v -0.34937006 0.17335200 0.02055115 0.57647059 0.59607843 0.56078431
v -0.13015747 0.18037307 0.02055115 0.58039216 0.58431373 0.53725490
v -0.11645669 0.17519081 0.02055115 0.58039216 0.58039216 0.52549020
v -0.40431511 -0.19866145 0.03425193 0.59607843 0.60392157 0.57254902
v -0.40417325 -0.19880658 0.03425193 0.59607843 0.60392157 0.57254902
v -0.40359816 -0.19866145 0.03425193 0.59607843 0.60392157 0.57254902
v -0.37677163 -0.19866145 0.02210355 0.58823529 0.60784314 0.58039216
v -0.42776236 -0.18496066 0.03425193 0.58823529 0.59607843 0.56862745
v -0.41787404 -0.19483513 0.03425193 0.59215686 0.59607843 0.56862745
v -0.39047247 -0.19796115 0.03425193 0.59607843 0.60784314 0.57647059
v -0.37677163 -0.19772410 0.03425193 0.59215686 0.60784314 0.58039216
v -0.36307085 -0.19699585 0.03425193 0.58823529 0.60784314 0.58823529
v -0.34937006 -0.19530404 0.03425193 0.58431373 0.61176471 0.58431373
v -0.33566928 -0.19416988 0.03425193 0.58431373 0.61568627 0.58823529
v -0.32196850 -0.19399834 0.03425193 0.58431373 0.61960784 0.59215686
v -0.30826771 -0.19372392 0.03425193 0.58039216 0.61960784 0.58823529
v -0.29456693 -0.19135600 0.03425193 0.58039216 0.61568627 0.57254902
v -0.28535175 -0.18496066 0.03425193 0.60000000 0.61568627 0.54509804
v -0.13964933 -0.18496066 0.03425193 0.60784314 0.58431373 0.54901961
v -0.13015747 -0.19452578 0.03425193 0.63921569 0.60784314 0.57254902
v -0.11645669 -0.19561964 0.03425193 0.61568627 0.58823529 0.54509804
v -0.10275590 -0.19177377 0.03425193 0.58823529 0.55294118 0.50196078
v -0.08905512 -0.18847340 0.03425193 0.58431373 0.54117647 0.48627451
v -0.07535434 -0.18681324 0.03425193 0.57254902 0.52941176 0.47450980
v -0.06804317 -0.18496066 0.03425193 0.57254902 0.52549020 0.48235294
v -0.43090466 -0.17125988 0.03425193 0.58823529 0.59215686 0.56862745
v -0.28086615 -0.18176532 0.03425193 0.59607843 0.61176471 0.54901961
v -0.26716530 -0.18280810 0.03425193 0.55294118 0.58823529 0.56862745
v -0.25346458 -0.18152201 0.03425193 0.53725490 0.57254902 0.57254902
v -0.23976380 -0.18044251 0.03425193 0.55686275 0.57647059 0.56078431
v -0.22606301 -0.17857081 0.03425193 0.57647059 0.58039216 0.56470588
v -0.21236223 -0.17614442 0.03425193 0.56470588 0.58431373 0.58823529
v -0.19866145 -0.17361927 0.03425193 0.57647059 0.59607843 0.59607843
v -0.19866145 -0.17125988 0.02261299 0.58431373 0.59607843 0.59215686
v -0.19028348 -0.17125988 0.03425193 0.59607843 0.60000000 0.58431373
v -0.14267117 -0.17125988 0.03425193 0.56862745 0.55294118 0.51764706
v -0.06165355 -0.18418562 0.03425193 0.57647059 0.50980392 0.45490196
v -0.04795271 -0.18147731 0.03425193 0.54509804 0.43137255 0.37647059
v -0.03425193 -0.17956030 0.03425193 0.45882353 0.34509804 0.30196078
v -0.02055115 -0.17836940 0.03425193 0.38039216 0.28235294 0.25490196
v -0.00685036 -0.17657435 0.03425193 0.21568627 0.13333333 0.12941176
v 0.00685036 -0.17254317 0.03425193 0.16470588 0.03529412 0.03529412
v 0.00918537 -0.17125988 0.03425193 0.30588235 0.06274510 0.05882353
v -0.43122333 -0.15755904 0.03425193 0.59215686 0.59607843 0.56862745
v -0.18496066 -0.17080277 0.03425193 0.60784314 0.60392157 0.57647059
v -0.17125988 -0.16934347 0.03425193 0.60000000 0.59607843 0.56078431
v -0.15755904 -0.15935427 0.03425193 0.60392157 0.58823529 0.54509804
v -0.14385825 -0.16239619 0.03425193 0.56862745 0.55686275 0.51372549
v -0.14385825 -0.15755904 0.02932137 0.58039216 0.56078431 0.51372549
v 0.02055115 -0.16960943 0.03425193 0.54117647 0.12156863 0.09803922
v 0.03425193 -0.16774392 0.03425193 0.55294118 0.10196078 0.08627451
v 0.04795271 -0.16539890 0.03425193 0.56470588 0.09803922 0.07450980
v 0.05966377 -0.15755904 0.03425193 0.60392157 0.10980392 0.07450980
v -0.43132859 -0.14385825 0.03425193 0.59215686 0.59215686 0.56470588
v 0.06165349 -0.15704364 0.03425193 0.60392157 0.10980392 0.07450980
v 0.07535428 -0.15558428 0.03425193 0.60000000 0.10196078 0.07058824
v 0.08905506 -0.15484703 0.03425193 0.58431373 0.08627451 0.06274510
v 0.10275584 -0.15228337 0.03425193 0.59607843 0.08627451 0.05882353
v 0.11645675 -0.14410001 0.03425193 0.65098039 0.10196078 0.06666667
v 0.11645675 -0.14385825 0.03388292 0.65098039 0.10196078 0.06666667
v 0.11681390 -0.14385825 0.03425193 0.65098039 0.10196078 0.06666667
v 0.18496060 -0.14385825 0.02672440 0.58431373 0.28627451 0.23137255
v 0.17897189 -0.14385825 0.03425193 0.62352941 0.15294118 0.10980392
v 0.18496060 -0.14884132 0.03425193 0.51764706 0.39607843 0.36078431
v 0.19866145 -0.15246856 0.03425193 0.53725490 0.47843137 0.45098039
v 0.21236217 -0.15168357 0.03425193 0.51372549 0.47450980 0.45490196
v 0.21236217 -0.14385825 0.02396578 0.53333333 0.49019608 0.46666667
v 0.22112656 -0.14385825 0.03425193 0.50980392 0.48235294 0.47058824
v -0.43135199 -0.13015747 0.03425193 0.59215686 0.59215686 0.56470588
v 0.13015747 -0.14137465 0.03425193 0.67450980 0.10980392 0.07058824
v 0.14385831 -0.13656670 0.03425193 0.70196078 0.11764706 0.07843137
v 0.15668917 -0.13015747 0.03425193 0.73333333 0.12941176 0.08627451
v 0.15821123 -0.13015747 0.03425193 0.73333333 0.12941176 0.08627451
v 0.17125988 -0.13821554 0.03425193 0.71764706 0.14117647 0.09411765
v 0.22606301 -0.13828713 0.03425193 0.51764706 0.49019608 0.47843137
v 0.23976374 -0.14190507 0.03425193 0.49411765 0.47843137 0.47058824
v 0.23976374 -0.13015747 0.02193928 0.51372549 0.49019608 0.47843137
v 0.25346458 -0.14134693 0.03425193 0.48235294 0.46274510 0.45882353
v 0.25346458 -0.13015747 0.02328998 0.50196078 0.47843137 0.47058824
v 0.26716530 -0.13964891 0.03425193 0.49019608 0.46274510 0.45490196
v 0.26716530 -0.13015747 0.02478492 0.50980392 0.47450980 0.46274510
v 0.28086615 -0.13458586 0.03425193 0.52941176 0.47450980 0.45882353
v 0.28086615 -0.13015747 0.02982748 0.52941176 0.47450980 0.45882353
v 0.28915453 -0.13015747 0.03425193 0.54509804 0.47843137 0.45098039
v -0.43136510 -0.11645669 0.03425193 0.59215686 0.59215686 0.56078431
v 0.15755904 -0.12993574 0.03425193 0.73333333 0.12941176 0.08627451
v 0.29456687 -0.12845278 0.03425193 0.54509804 0.47450980 0.44705882
v 0.29456687 -0.11645669 0.02151889 0.54901961 0.47843137 0.45098039
v 0.30826771 -0.12489676 0.03425193 0.55686275 0.47450980 0.43529412
v 0.30826771 -0.11645669 0.02582151 0.55294118 0.47450980 0.43921569
v 0.32196844 -0.11820638 0.03425193 0.59607843 0.50196078 0.45098039
v 0.32196844 -0.11645669 0.03251117 0.59215686 0.50196078 0.45098039
v 0.32405376 -0.11645669 0.03425193 0.60000000 0.50980392 0.45490196
v -0.43135187 -0.10275590 0.03425193 0.59215686 0.59215686 0.56078431
v 0.32196844 -0.10275590 0.02166098 0.57647059 0.49803922 0.45490196
v 0.33566940 -0.10973120 0.03425193 0.63137255 0.52941176 0.46274510
v 0.33566940 -0.10275590 0.02783072 0.61176471 0.52156863 0.45882353
v 0.34519207 -0.10275590 0.03425193 0.62745098 0.53333333 0.46274510
v -0.43120703 -0.08905512 0.03425193 0.58823529 0.59215686 0.56078431
v 0.34937012 -0.10063404 0.03425193 0.62352941 0.52941176 0.45882353
v 0.34937012 -0.08905512 0.02469313 0.61176471 0.52549020 0.45882353
v 0.36307085 -0.09114397 0.03425193 0.61568627 0.52156863 0.44705882
v 0.36307085 -0.08905512 0.03223145 0.61960784 0.52549020 0.44705882
v 0.36514091 -0.08905512 0.03425193 0.61960784 0.52549020 0.44705882
v -0.43064612 -0.07535434 0.03425193 0.58823529 0.59215686 0.56078431
v 0.36307085 -0.07535434 0.02289349 0.63137255 0.54117647 0.45882353
v 0.37677169 -0.07889223 0.03425193 0.64705882 0.54901961 0.45882353
v 0.37677169 -0.07535434 0.03079563 0.64705882 0.55294118 0.46274510
v 0.38025832 -0.07535434 0.03425193 0.65490196 0.55686275 0.46666667
v -0.42155647 -0.06165355 0.03425193 0.58431373 0.58823529 0.56470588
v -0.28086615 -0.06165355 0.02733052 0.58823529 0.61960784 0.56862745
v 0.37677169 -0.06165355 0.02276707 0.64313725 0.55686275 0.47058824
v 0.39016104 -0.06165355 0.03425193 0.66666667 0.57254902 0.48627451
v -0.41787404 -0.05789864 0.03425193 0.58431373 0.58823529 0.56078431
v -0.40417325 -0.05124754 0.03425193 0.59215686 0.59607843 0.56078431
v -0.39047247 -0.05592942 0.03425193 0.59215686 0.60392157 0.56470588
v -0.37677163 -0.05663168 0.03425193 0.58431373 0.60000000 0.57647059
v -0.36307085 -0.05798542 0.03425193 0.58431373 0.60392157 0.58431373
v -0.34937006 -0.05862588 0.03425193 0.58823529 0.61176471 0.58431373
v -0.33566928 -0.05819505 0.03425193 0.59215686 0.61568627 0.58431373
v -0.32196850 -0.05622649 0.03425193 0.58823529 0.61960784 0.59215686
v -0.30826771 -0.05457234 0.03425193 0.58823529 0.62352941 0.59607843
v -0.29456693 -0.05114174 0.03425193 0.59607843 0.62745098 0.58431373
v -0.28086615 -0.05748171 0.03425193 0.60392157 0.61960784 0.56470588
v -0.26716530 -0.05274743 0.03425193 0.57254902 0.60392157 0.57647059
v -0.25346458 -0.05193442 0.03425193 0.56078431 0.59215686 0.57647059
v -0.23976380 -0.05100626 0.03425193 0.58431373 0.59607843 0.54901961
v -0.22606301 -0.05014759 0.03425193 0.59215686 0.59607843 0.55294118
v -0.21236223 -0.04900891 0.03425193 0.58431373 0.59215686 0.57254902
v -0.19866145 -0.04795271 0.03057969 0.58823529 0.59215686 0.57647059
v -0.20142478 -0.04795271 0.03425193 0.58039216 0.58823529 0.57647059
v 0.39047241 -0.06126189 0.03425193 0.66274510 0.57254902 0.48627451
v 0.39047241 -0.04795271 0.02343386 0.63529412 0.55294118 0.47450980
v 0.40133107 -0.04795271 0.03425193 0.65490196 0.56078431 0.47450980
v -0.19866145 -0.04647964 0.03425193 0.58431373 0.59215686 0.57647059
v -0.18496066 -0.04104769 0.03425193 0.60000000 0.59607843 0.56470588
v -0.17125988 -0.03674728 0.03425193 0.60784314 0.59215686 0.54901961
v -0.16775006 -0.03425193 0.03425193 0.61176471 0.59215686 0.54117647
v 0.39047241 -0.03425193 0.02217966 0.62745098 0.54117647 0.46666667
v 0.40290987 -0.03425193 0.03425193 0.64705882 0.55294118 0.47058824
v -0.16730523 -0.02055115 0.03425193 0.61176471 0.58823529 0.54117647
v 0.39047241 -0.02055115 0.02159441 0.62745098 0.53725490 0.45882353
v 0.40416121 -0.02055115 0.03425193 0.65098039 0.55294118 0.46274510
v -0.16792560 -0.00685036 0.03425193 0.61176471 0.59215686 0.54117647
v 0.39047241 -0.00685036 0.02142990 0.61960784 0.53333333 0.45490196
v 0.40417325 -0.01984870 0.03425193 0.65098039 0.55294118 0.46274510
v 0.40417325 -0.00685036 0.03263640 0.64313725 0.54509804 0.45882353
v 0.40579891 -0.00685036 0.03425193 0.64313725 0.54509804 0.45882353
v -0.16902030 0.00685036 0.03425193 0.61960784 0.59607843 0.53725490
v 0.39047241 0.00685036 0.02188128 0.61176471 0.52549020 0.45882353
v 0.40336442 0.00685036 0.03425193 0.62745098 0.53333333 0.45490196
v 0.40417325 -0.00400442 0.03425193 0.63921569 0.54509804 0.45882353
v -0.18496066 0.02055115 0.02562189 0.60392157 0.59215686 0.55294118
v -0.18595928 0.02055115 0.03425193 0.60392157 0.59607843 0.55686275
v -0.18496066 0.01994157 0.03425193 0.60392157 0.59607843 0.55686275
v -0.17125988 0.01001674 0.03425193 0.61176471 0.59607843 0.54509804
v 0.39047241 0.02055115 0.02258343 0.60784314 0.52156863 0.45098039
v 0.40228200 0.02055115 0.03425193 0.61960784 0.52549020 0.45098039
v -0.41787404 0.03425193 0.03368723 0.58039216 0.58431373 0.55686275
v -0.41760203 0.03425193 0.03425193 0.58039216 0.58431373 0.55686275
v -0.40417325 0.02283168 0.03425193 0.58823529 0.59215686 0.55686275
v -0.39047247 0.02440596 0.03425193 0.58823529 0.59607843 0.56078431
v -0.37677163 0.02589941 0.03425193 0.58431373 0.59607843 0.57254902
v -0.36307085 0.02744967 0.03425193 0.58039216 0.59607843 0.57647059
v -0.34937006 0.02854520 0.03425193 0.58431373 0.60392157 0.57647059
v -0.33566928 0.02916163 0.03425193 0.58823529 0.61176471 0.58039216
v -0.32196850 0.02991730 0.03425193 0.58431373 0.61568627 0.58431373
v -0.30826771 0.03085655 0.03425193 0.58431373 0.61960784 0.58823529
v -0.29456693 0.03425193 0.03332251 0.59607843 0.61960784 0.57254902
v -0.30029029 0.03425193 0.03425193 0.59215686 0.61960784 0.58431373
v -0.28086615 0.03425193 0.02818251 0.58823529 0.61176471 0.56078431
v -0.27344072 0.03425193 0.03425193 0.58823529 0.60784314 0.56470588
v -0.26716530 0.02952820 0.03425193 0.57254902 0.60000000 0.57254902
v -0.25346458 0.02876580 0.03425193 0.56078431 0.58823529 0.57254902
v -0.23976380 0.02634305 0.03425193 0.58431373 0.59215686 0.54509804
v -0.22606301 0.02437264 0.03425193 0.59215686 0.59215686 0.54117647
v -0.21236223 0.02244288 0.03425193 0.58431373 0.58823529 0.56470588
v -0.19866145 0.02147412 0.03425193 0.58823529 0.59215686 0.56862745
v 0.39047241 0.03425193 0.02444762 0.60000000 0.51372549 0.44313725
v 0.40029144 0.03425193 0.03425193 0.61568627 0.52156863 0.44313725
v -0.42999506 0.04795271 0.03425193 0.58431373 0.58431373 0.55686275
v -0.41787404 0.03442985 0.03425193 0.58039216 0.58431373 0.55686275
v -0.29456693 0.03449088 0.03425193 0.59607843 0.61960784 0.57254902
v -0.28086615 0.03525639 0.03425193 0.60392157 0.61176471 0.55686275
v 0.37677169 0.04795271 0.02267540 0.59215686 0.50980392 0.44705882
v 0.39030254 0.04795271 0.03425193 0.61176471 0.50980392 0.43921569
v 0.39047241 0.04764110 0.03425193 0.61176471 0.51372549 0.43921569
v -0.43085220 0.06165349 0.03425193 0.59215686 0.59215686 0.56078431
v 0.36307085 0.06165349 0.02306139 0.58431373 0.50980392 0.45098039
v 0.37677169 0.06165349 0.03188640 0.59215686 0.50588235 0.44313725
v 0.37921774 0.06165349 0.03425193 0.59607843 0.50588235 0.43921569
v -0.43100387 0.07535428 0.03425193 0.59215686 0.59215686 0.56078431
v 0.33566940 0.07535428 0.02121460 0.57254902 0.49803922 0.45098039
v 0.34937012 0.07535428 0.02637190 0.57647059 0.50196078 0.45098039
v 0.36036921 0.07535428 0.03425193 0.57647059 0.49803922 0.44313725
v 0.36307085 0.07415062 0.03425193 0.58039216 0.49803922 0.44313725
v 0.37677169 0.06410462 0.03425193 0.59215686 0.50588235 0.43921569
v -0.43108487 0.08905506 0.03425193 0.58823529 0.58823529 0.56470588
v 0.32196844 0.08905506 0.02244401 0.54117647 0.47450980 0.44313725
v 0.33566940 0.08905506 0.02915728 0.55686275 0.48627451 0.44705882
v 0.34189022 0.08905506 0.03425193 0.56078431 0.48627451 0.44705882
v 0.34937012 0.08416164 0.03425193 0.56862745 0.49019608 0.44705882
v -0.43111101 0.10275584 0.03425193 0.58823529 0.58823529 0.56470588
v 0.30826771 0.10275584 0.02544761 0.52156863 0.46274510 0.43921569
v 0.32137561 0.10275584 0.03425193 0.54117647 0.47450980 0.44313725
v 0.32196844 0.10243225 0.03425193 0.54509804 0.47843137 0.44705882
v 0.33566940 0.09433472 0.03425193 0.55294118 0.48235294 0.44705882
v -0.43110049 0.11645675 0.03425193 0.59215686 0.59215686 0.56078431
v 0.15755904 0.11645675 0.02872086 0.68235294 0.12156863 0.09019608
v 0.23976374 0.11645675 0.02222580 0.50196078 0.49019608 0.49019608
v 0.25346458 0.11645675 0.02296704 0.49803922 0.48627451 0.48235294
v 0.26716530 0.11645675 0.02508485 0.50588235 0.48235294 0.47843137
v 0.28086615 0.11645675 0.03143722 0.51764706 0.47843137 0.47058824
v 0.28600562 0.11645675 0.03425193 0.52156863 0.47843137 0.46666667
v 0.29456687 0.11479551 0.03425193 0.52156863 0.47450980 0.45882353
v 0.30826771 0.11158258 0.03425193 0.52549020 0.46666667 0.44313725
v -0.43106890 0.13015747 0.03425193 0.58823529 0.59215686 0.56470588
v 0.11645675 0.13015747 0.02568263 0.63921569 0.10196078 0.07450980
v 0.12493593 0.13015747 0.03425193 0.64313725 0.10588235 0.07450980
v 0.13015747 0.12841040 0.03425193 0.65098039 0.10980392 0.07843137
v 0.14385831 0.12629610 0.03425193 0.66274510 0.11372549 0.08235294
v 0.15755904 0.12060696 0.03425193 0.67843137 0.12156863 0.09019608
v 0.17125988 0.12975419 0.03425193 0.81960784 0.49019608 0.38039216
v 0.18496060 0.12769955 0.03425193 0.57254902 0.47843137 0.43137255
v 0.19866145 0.13015747 0.02614146 0.52549020 0.48627451 0.47450980
v 0.19305849 0.13015747 0.03425193 0.52549020 0.47843137 0.46274510
v 0.20706010 0.13015747 0.03425193 0.51764706 0.48627451 0.47450980
v 0.21236217 0.12951708 0.03425193 0.50980392 0.48627451 0.48235294
v 0.22606301 0.12365729 0.03425193 0.50196078 0.49411765 0.49803922
v 0.23976374 0.12675637 0.03425193 0.49411765 0.48627451 0.49411765
v 0.25346458 0.12768358 0.03425193 0.49019608 0.47843137 0.47843137
v 0.26716530 0.12548053 0.03425193 0.50196078 0.47843137 0.47843137
v 0.28086615 0.11923230 0.03425193 0.51764706 0.47843137 0.47450980
v -0.43088594 0.14385831 0.03425193 0.58431373 0.58823529 0.56470588
v -0.15755904 0.14168513 0.03425193 0.60392157 0.59215686 0.54901961
v -0.16267484 0.14385831 0.03425193 0.59607843 0.59215686 0.55686275
v -0.14385825 0.14385831 0.02593642 0.61568627 0.59215686 0.52549020
v -0.15194660 0.14385831 0.03425193 0.60000000 0.59215686 0.54117647
v 0.06165349 0.14385831 0.02769840 0.58431373 0.08627451 0.06274510
v 0.07073867 0.14385831 0.03425193 0.57254902 0.09019608 0.06274510
v 0.07535428 0.14311981 0.03425193 0.57647059 0.08627451 0.06274510
v 0.08905506 0.14121819 0.03425193 0.60000000 0.08627451 0.06274510
v 0.10275584 0.14006817 0.03425193 0.61960784 0.09411765 0.07058824
v 0.11645675 0.13555670 0.03425193 0.63137255 0.10196078 0.07450980
v 0.19866145 0.13363385 0.03425193 0.52156863 0.48627451 0.47058824
v -0.42993394 0.15755904 0.03425193 0.58823529 0.58823529 0.56470588
v -0.29456693 0.15755904 0.03261322 0.57647059 0.59607843 0.55294118
v -0.29456693 0.15720773 0.03425193 0.58039216 0.59607843 0.55294118
v -0.29864657 0.15755904 0.03425193 0.57647059 0.59607843 0.55686275
v -0.28086615 0.15755904 0.02832955 0.57254902 0.59607843 0.55686275
v -0.28086615 0.15210760 0.03425193 0.58823529 0.60000000 0.55686275
v -0.26716530 0.15525866 0.03425193 0.56078431 0.59215686 0.57254902
v -0.25346458 0.15461636 0.03425193 0.55686275 0.58431373 0.57647059
v -0.23976380 0.15424442 0.03425193 0.55294118 0.58039216 0.56862745
v -0.22606301 0.15374720 0.03425193 0.55686275 0.57647059 0.56470588
v -0.21236223 0.15298033 0.03425193 0.56078431 0.58431373 0.58039216
v -0.19866145 0.15247917 0.03425193 0.56470588 0.58823529 0.58823529
v -0.18496066 0.15260553 0.03425193 0.56862745 0.58431373 0.58039216
v -0.17125988 0.15189183 0.03425193 0.58039216 0.58823529 0.56862745
v -0.14385825 0.15274847 0.03425193 0.60000000 0.58823529 0.53333333
v -0.14325088 0.15755904 0.03425193 0.60000000 0.58431373 0.52941176
v 0.00685036 0.15755904 0.02924299 0.30588235 0.04705882 0.04313725
v 0.01345682 0.15755904 0.03425193 0.31764706 0.04705882 0.04313725
v 0.02055115 0.15620601 0.03425193 0.50196078 0.08235294 0.07450980
v 0.03425193 0.15398157 0.03425193 0.56470588 0.08627451 0.07450980
v 0.04795271 0.15166175 0.03425193 0.57254902 0.08627451 0.07058824
v 0.06165349 0.14804113 0.03425193 0.57647059 0.09019608 0.06666667
v -0.41787404 0.17106164 0.03425193 0.60000000 0.59607843 0.55686275
v -0.41783535 0.17125988 0.03425193 0.60000000 0.59607843 0.55686275
v -0.34937006 0.17125988 0.02676302 0.58039216 0.60000000 0.56078431
v -0.34937006 0.17014802 0.03425193 0.58431373 0.60000000 0.56078431
v -0.35166872 0.17125988 0.03425193 0.58823529 0.60000000 0.55686275
v -0.33566928 0.16491830 0.03425193 0.58431373 0.60392157 0.56470588
v -0.32196850 0.16462791 0.03425193 0.57647059 0.59607843 0.55686275
v -0.30826771 0.16154444 0.03425193 0.57254902 0.59607843 0.55686275
v -0.14073026 0.17125988 0.03425193 0.58823529 0.58039216 0.53333333
v -0.10275590 0.17125988 0.02800268 0.61960784 0.56078431 0.46274510
v -0.09787661 0.17125988 0.03425193 0.63137255 0.55294118 0.43921569
v -0.08905512 0.17012835 0.03425193 0.64705882 0.54117647 0.41176471
v -0.07535434 0.16953921 0.03425193 0.62352941 0.53333333 0.42352941
v -0.06165355 0.16844106 0.03425193 0.62745098 0.50588235 0.41176471
v -0.04795271 0.16673255 0.03425193 0.64313725 0.41960784 0.34117647
v -0.03425193 0.16536748 0.03425193 0.60000000 0.40392157 0.34117647
v -0.02055115 0.16458225 0.03425193 0.59607843 0.40392157 0.33725490
v -0.00685036 0.16334093 0.03425193 0.68627451 0.43921569 0.34901961
v 0.00685036 0.16019487 0.03425193 0.19607843 0.03529412 0.03137255
v 0.04795271 0.17125988 0.02785695 0.24313725 0.02745098 0.01960784
v 0.04051220 0.17125988 0.03425193 0.32549020 0.03921569 0.03137255
v 0.04795271 0.16448975 0.03425193 0.10588235 0.00784314 0.00784314
v 0.06165349 0.16294420 0.03425193 0.23921569 0.01960784 0.01568627
v 0.06165349 0.17125988 0.02590871 0.29019608 0.03529412 0.02745098
v 0.07535428 0.16318333 0.03425193 0.27058824 0.02352941 0.01960784
v 0.07535428 0.17125988 0.02677339 0.34509804 0.04313725 0.03529412
v 0.08905506 0.16095853 0.03425193 0.41960784 0.04313725 0.03529412
v 0.08905506 0.17125988 0.02886921 0.36470588 0.04705882 0.03529412
v 0.10275584 0.16396916 0.03425193 0.11764706 0.01176471 0.01176471
v 0.10275584 0.17125988 0.03040361 0.13333333 0.02352941 0.01960784
v 0.11645675 0.17117345 0.03425193 0.59215686 0.34901961 0.26666667
v 0.11645675 0.17125988 0.03420126 0.58823529 0.34509804 0.26666667
v 0.11652946 0.17125988 0.03425193 0.58823529 0.34901961 0.26666667
v -0.40417325 0.18496060 0.02468699 0.60000000 0.60392157 0.55686275
v -0.40934569 0.18496060 0.03425193 0.60000000 0.60000000 0.54901961
v -0.39047247 0.18496060 0.02779907 0.60000000 0.60784314 0.55686275
v -0.38796467 0.18496060 0.03425193 0.60000000 0.60392157 0.55294118
v -0.37677163 0.18273211 0.03425193 0.59607843 0.60392157 0.55294118
v -0.36307085 0.17832851 0.03425193 0.59607843 0.60000000 0.55294118
v -0.13015747 0.18184316 0.03425193 0.58039216 0.57647059 0.52941176
v -0.11645669 0.17838955 0.03425193 0.57647059 0.57254902 0.51764706
v -0.10275590 0.17339599 0.03425193 0.60784314 0.56078431 0.46666667
v 0.02055115 0.18496060 0.02679110 0.28235294 0.05490196 0.05098039
v 0.01287782 0.18496060 0.03425193 0.46666667 0.16470588 0.12549020
v 0.02055115 0.17752004 0.03425193 0.19607843 0.03921569 0.03529412
v 0.03425193 0.17428458 0.03425193 0.37254902 0.05882353 0.05098039
v 0.03425193 0.18496060 0.02358454 0.40784314 0.06666667 0.05490196
v 0.04795271 0.18496060 0.02388209 0.42745098 0.06274510 0.04313725
v 0.06165349 0.18496060 0.02475059 0.46274510 0.06274510 0.04313725
v 0.07535428 0.18496060 0.02514726 0.49019608 0.06666667 0.04313725
v 0.08905506 0.18496060 0.02685273 0.50196078 0.06666667 0.05098039
v 0.10275584 0.18496060 0.03041679 0.45490196 0.07450980 0.05490196
v 0.10838991 0.18496060 0.03425193 0.35294118 0.05490196 0.03921569
v 0.11645675 0.17135024 0.03425193 0.58431373 0.34509804 0.26274510
v -0.40417325 0.19009507 0.03425193 0.60392157 0.60000000 0.54509804
v -0.39047247 0.18714345 0.03425193 0.60000000 0.60392157 0.54901961
v 0.00685036 0.19866145 0.02382284 0.76078431 0.52941176 0.41960784
v -0.00548100 0.19866145 0.03425193 0.62745098 0.45882353 0.38039216
v 0.00685036 0.18827236 0.03425193 0.75294118 0.48235294 0.36470588
v 0.02055115 0.19866145 0.02284652 0.43529412 0.08627451 0.07450980
v 0.03425193 0.19866145 0.02292973 0.49803922 0.06666667 0.05882353
v 0.04795271 0.19866145 0.02331632 0.51764706 0.06274510 0.05098039
v 0.06165349 0.19866145 0.02349693 0.53725490 0.06274510 0.04705882
v 0.07535428 0.19866145 0.02472526 0.56862745 0.06666667 0.04705882
v 0.08905506 0.19866145 0.02783859 0.59607843 0.07058824 0.05490196
v 0.09815043 0.19866145 0.03425193 0.62352941 0.08235294 0.06274510
v 0.10275584 0.19133079 0.03425193 0.56470588 0.07843137 0.05882353
v -0.02055115 0.21236217 0.03240430 0.68235294 0.45098039 0.33725490
v -0.02254242 0.21236217 0.03425193 0.68627451 0.45490196 0.33725490
v -0.02055115 0.21050715 0.03425193 0.67450980 0.45098039 0.34117647
v -0.00685036 0.20128262 0.03425193 0.61960784 0.45490196 0.38039216
v -0.00685036 0.21236217 0.02614218 0.64313725 0.43921569 0.33333333
v 0.00685036 0.21236217 0.02473813 0.67058824 0.49803922 0.40784314
v 0.02055115 0.21236217 0.02476263 0.41176471 0.09019608 0.08235294
v 0.03425193 0.21236217 0.02598494 0.56470588 0.09803922 0.08235294
v 0.04795271 0.21236217 0.02600890 0.61960784 0.09803922 0.07450980
v 0.06165349 0.21236217 0.02656937 0.65490196 0.09803922 0.06666667
v 0.07535428 0.21236217 0.03211796 0.67843137 0.10196078 0.06666667
v 0.07806420 0.21236217 0.03425193 0.68627451 0.10588235 0.07058824
v 0.08905506 0.20605385 0.03425193 0.66274510 0.08627451 0.06274510
v -0.02055115 0.22606301 0.03078359 0.69019608 0.50588235 0.34901961
v -0.02621061 0.22606301 0.03425193 0.69411765 0.50588235 0.36078431
v -0.00685036 0.22606301 0.02765149 0.66274510 0.47058824 0.32549020
v 0.00685036 0.22606301 0.02796847 0.62745098 0.45098039 0.34901961
v 0.02055115 0.22606301 0.03070509 0.79607843 0.47843137 0.38039216
v 0.03425193 0.22606301 0.03420198 0.58823529 0.15686275 0.13333333
v 0.03439516 0.22606301 0.03425193 0.58823529 0.16078431 0.13333333
v 0.04795271 0.22347772 0.03425193 0.65490196 0.14117647 0.10196078
v 0.06165349 0.22093487 0.03425193 0.69019608 0.12549020 0.08235294
v 0.07535428 0.21453500 0.03425193 0.69411765 0.10980392 0.07058824
v -0.02055115 0.23610556 0.03425193 0.67843137 0.51764706 0.37254902
v -0.00685036 0.23976374 0.03403229 0.69019608 0.49803922 0.34901961
v -0.00845647 0.23976374 0.03425193 0.69019608 0.50588235 0.35294118
v -0.00487584 0.23976374 0.03425193 0.68627451 0.49019608 0.34509804
v 0.00685036 0.23834813 0.03425193 0.63137255 0.44705882 0.34509804
v 0.02055115 0.23283958 0.03425193 0.77647059 0.57254902 0.46666667
v 0.03425193 0.22613096 0.03425193 0.58823529 0.16078431 0.13333333
v -0.00685036 0.24012148 0.03425193 0.69019608 0.49803922 0.35294118
v -0.40417325 -0.19866145 0.03502178 0.59607843 0.60392157 0.57254902
v -0.42823139 -0.18496066 0.04795271 0.59215686 0.59607843 0.57254902
v -0.41787404 -0.19530201 0.04795271 0.59607843 0.60000000 0.56862745
v -0.40417325 -0.19847548 0.04795271 0.60000000 0.60784314 0.57254902
v -0.39047247 -0.19724846 0.04795271 0.60000000 0.61176471 0.57647059
v -0.37677163 -0.19656253 0.04795271 0.59607843 0.61176471 0.58039216
v -0.36307085 -0.19555598 0.04795271 0.59215686 0.61176471 0.58823529
v -0.34937006 -0.19372118 0.04795271 0.58823529 0.61568627 0.58431373
v -0.33566928 -0.19249207 0.04795271 0.58823529 0.61960784 0.58431373
v -0.32196850 -0.19273311 0.04795271 0.58823529 0.62352941 0.59215686
v -0.30826771 -0.19253093 0.04795271 0.58431373 0.62352941 0.59215686
v -0.29456693 -0.18966776 0.04795271 0.58823529 0.62352941 0.57254902
v -0.28891855 -0.18496066 0.04795271 0.60000000 0.61960784 0.56078431
v -0.14120454 -0.18496066 0.04795271 0.62352941 0.60000000 0.56470588
v -0.13015747 -0.19602579 0.04795271 0.65490196 0.62352941 0.58823529
v -0.11645669 -0.19681877 0.04795271 0.63529412 0.60784314 0.56862745
v -0.10275590 -0.19410348 0.04795271 0.60000000 0.56078431 0.50588235
v -0.08905512 -0.19130498 0.04795271 0.59215686 0.54901961 0.49019608
v -0.07535434 -0.19012678 0.04795271 0.58431373 0.54117647 0.48235294
v -0.06165355 -0.18700832 0.04795271 0.58823529 0.52156863 0.46666667
v -0.06165355 -0.18496066 0.04024339 0.58431373 0.51372549 0.45882353
v -0.05712217 -0.18496066 0.04795271 0.59215686 0.50196078 0.44313725
v -0.43104163 -0.17125988 0.04795271 0.59215686 0.59607843 0.57254902
v -0.28086615 -0.17905200 0.04795271 0.60392157 0.61568627 0.55294118
v -0.26716530 -0.18151641 0.04795271 0.56078431 0.59215686 0.56470588
v -0.25346458 -0.18016368 0.04795271 0.54509804 0.57647059 0.56862745
v -0.23976380 -0.17904013 0.04795271 0.56470588 0.58039216 0.55294118
v -0.22606301 -0.17773670 0.04795271 0.57647059 0.58431373 0.55686275
v -0.21236223 -0.17619365 0.04795271 0.56470588 0.58431373 0.58431373
v -0.19866145 -0.17375052 0.04795271 0.58039216 0.59607843 0.59607843
v -0.18859828 -0.17125988 0.04795271 0.60000000 0.60000000 0.58431373
v -0.14385825 -0.17125988 0.04177928 0.56862745 0.55686275 0.52156863
v -0.14914417 -0.17125988 0.04795271 0.56862745 0.56470588 0.52941176
v -0.14385825 -0.17664444 0.04795271 0.60000000 0.58431373 0.54901961
v -0.04795271 -0.18305254 0.04795271 0.57647059 0.45490196 0.39215686
v -0.03425193 -0.18123364 0.04795271 0.52156863 0.38039216 0.31764706
v -0.02055115 -0.18034434 0.04795271 0.49803922 0.36862745 0.31764706
v -0.00685036 -0.17879772 0.04795271 0.43137255 0.31764706 0.28235294
v 0.00685036 -0.17536330 0.04795271 0.16862745 0.08627451 0.08235294
v 0.01468551 -0.17125988 0.04795271 0.14901961 0.03137255 0.02745098
v -0.43129215 -0.15755904 0.04795271 0.59215686 0.59607843 0.56862745
v -0.18496066 -0.17106211 0.04795271 0.60784314 0.60392157 0.57647059
v -0.17125988 -0.16968459 0.04795271 0.60784314 0.60000000 0.56470588
v -0.15755904 -0.15755904 0.03950113 0.60784314 0.59215686 0.54509804
v -0.15833890 -0.15755904 0.04795271 0.61176471 0.60000000 0.55294118
v -0.15692383 -0.15755904 0.04795271 0.61176471 0.59607843 0.54901961
v 0.02055115 -0.17036432 0.04795271 0.17647059 0.02745098 0.02745098
v 0.03425193 -0.16897380 0.04795271 0.33725490 0.04705882 0.04313725
v 0.04795271 -0.16766155 0.04795271 0.45882353 0.07058824 0.05882353
v 0.06165349 -0.16355276 0.04795271 0.53725490 0.09019608 0.06274510
v 0.06165349 -0.15755904 0.03807372 0.59607843 0.10980392 0.07450980
v 0.07535428 -0.16196483 0.04795271 0.51764706 0.07843137 0.05490196
v 0.07535428 -0.15755904 0.04327166 0.57647059 0.09411765 0.06666667
v 0.08905506 -0.16521996 0.04795271 0.39607843 0.04705882 0.03529412
v 0.08905506 -0.15755904 0.04014081 0.55294118 0.07843137 0.05490196
v 0.10275584 -0.16303390 0.04795271 0.44313725 0.05098039 0.03529412
v 0.10275584 -0.15755904 0.04205465 0.54901961 0.07058824 0.05098039
v 0.11645675 -0.16087598 0.04795271 0.51372549 0.06274510 0.04313725
v 0.11645675 -0.15755904 0.04428405 0.57254902 0.07450980 0.05098039
v 0.12206614 -0.15755904 0.04795271 0.56862745 0.07450980 0.05098039
v -0.43140534 -0.14385825 0.04795271 0.59215686 0.59607843 0.56862745
v -0.15755904 -0.15691638 0.04795271 0.61176471 0.60000000 0.55294118
v 0.13015747 -0.15041387 0.04795271 0.63529412 0.09411765 0.06274510
v 0.13015747 -0.14385825 0.04221028 0.66274510 0.10588235 0.07058824
v 0.13633549 -0.14385825 0.04795271 0.67450980 0.10980392 0.07058824
v 0.17311859 -0.14385825 0.04795271 0.67058824 0.14117647 0.10196078
v 0.18496060 -0.15603495 0.04795271 0.53333333 0.43529412 0.39607843
v 0.19866145 -0.15657294 0.04795271 0.53725490 0.46666667 0.43529412
v 0.21236217 -0.15538275 0.04795271 0.51764706 0.46274510 0.43921569
v 0.22466874 -0.14385825 0.04795271 0.50196078 0.47843137 0.47058824
v 0.23976374 -0.14385825 0.03904521 0.49019608 0.47450980 0.47058824
v 0.22986269 -0.14385825 0.04795271 0.49803922 0.47843137 0.47450980
v 0.23976374 -0.15116936 0.04795271 0.48235294 0.46666667 0.46274510
v 0.25346458 -0.15376502 0.04795271 0.45882353 0.43921569 0.43529412
v 0.25346458 -0.14385825 0.03772455 0.47450980 0.45882353 0.45098039
v 0.26716530 -0.15117049 0.04795271 0.47843137 0.45098039 0.44313725
v 0.26716530 -0.14385825 0.04057592 0.48627451 0.45490196 0.45098039
v 0.28068924 -0.14385825 0.04795271 0.52549020 0.47450980 0.45490196
v -0.43146238 -0.13015747 0.04795271 0.59215686 0.59607843 0.56470588
v 0.14385831 -0.14117116 0.04795271 0.69019608 0.11372549 0.07843137
v 0.15755904 -0.14225650 0.04795271 0.69803922 0.12156863 0.08235294
v 0.15755904 -0.13015747 0.03445470 0.73333333 0.12941176 0.08627451
v 0.17125988 -0.14017212 0.04795271 0.70588235 0.13725490 0.09803922
v 0.22606301 -0.14258432 0.04795271 0.50588235 0.48235294 0.47058824
v 0.28086615 -0.14379841 0.04795271 0.52549020 0.47450980 0.45490196
v 0.29456687 -0.14038634 0.04795271 0.54117647 0.47450980 0.44313725
v 0.29456687 -0.13015747 0.03611958 0.54509804 0.47450980 0.44705882
v 0.30826771 -0.13703257 0.04795271 0.54509804 0.47058824 0.42745098
v 0.30826771 -0.13015747 0.04063773 0.55686275 0.47058824 0.42745098
v 0.31866550 -0.13015747 0.04795271 0.57647059 0.49019608 0.43921569
v -0.43149123 -0.11645669 0.04795271 0.59215686 0.59215686 0.56470588
v 0.32196844 -0.12851846 0.04795271 0.59215686 0.50196078 0.44705882
v 0.33566940 -0.11926752 0.04795271 0.65490196 0.54509804 0.46666667
v 0.33566940 -0.11645669 0.04478103 0.65098039 0.54117647 0.46666667
v 0.33960009 -0.11645669 0.04795271 0.66274510 0.55294118 0.47058824
v -0.43144578 -0.10275590 0.04795271 0.59215686 0.59607843 0.56078431
v 0.34937012 -0.11207938 0.04795271 0.65882353 0.55294118 0.46666667
v 0.34937012 -0.10275590 0.03729331 0.63137255 0.53333333 0.45882353
v 0.36101806 -0.10275590 0.04795271 0.63137255 0.53333333 0.45098039
v -0.43129307 -0.08905512 0.04795271 0.59215686 0.59215686 0.56078431
v 0.36307085 -0.10188353 0.04795271 0.63137255 0.53333333 0.45098039
v 0.37677169 -0.09165049 0.04795271 0.63529412 0.53333333 0.45098039
v 0.37677169 -0.08905512 0.04558128 0.63529412 0.53725490 0.45098039
v 0.37941909 -0.08905512 0.04795271 0.63921569 0.54117647 0.45490196
v -0.43080759 -0.07535434 0.04795271 0.58823529 0.59215686 0.56078431
v 0.39047241 -0.08424824 0.04795271 0.66274510 0.56862745 0.48235294
v 0.39047241 -0.07535434 0.03955060 0.67450980 0.58431373 0.49803922
v 0.39885700 -0.07535434 0.04795271 0.67843137 0.59215686 0.50588235
v -0.42280796 -0.06165355 0.04795271 0.58431373 0.58823529 0.56470588
v 0.39047241 -0.06165355 0.03443980 0.66666667 0.57647059 0.48627451
v 0.40417325 -0.06519479 0.04795271 0.68235294 0.59607843 0.50588235
v 0.40417325 -0.06165355 0.04441571 0.67843137 0.59215686 0.49803922
v 0.40777409 -0.06165355 0.04795271 0.67843137 0.59215686 0.49803922
v -0.41787404 -0.05661488 0.04795271 0.58823529 0.59215686 0.56078431
v -0.40417325 -0.05218005 0.04795271 0.59215686 0.60000000 0.56078431
v -0.39047247 -0.05759990 0.04795271 0.59607843 0.60392157 0.56470588
v -0.37677163 -0.05815786 0.04795271 0.58823529 0.60392157 0.57647059
v -0.36307085 -0.06097215 0.04795271 0.58431373 0.60392157 0.58431373
v -0.34937006 -0.06121421 0.04795271 0.59215686 0.61176471 0.58431373
v -0.33566928 -0.06011426 0.04795271 0.59607843 0.61960784 0.58823529
v -0.32196850 -0.05794853 0.04795271 0.58823529 0.61960784 0.59215686
v -0.30826771 -0.05634421 0.04795271 0.58823529 0.62745098 0.59215686
v -0.29456693 -0.05257714 0.04795271 0.60000000 0.62745098 0.58431373
v -0.28086615 -0.05941594 0.04795271 0.60392157 0.62352941 0.56470588
v -0.26716530 -0.05271822 0.04795271 0.57647059 0.60784314 0.57647059
v -0.25346458 -0.05148071 0.04795271 0.56078431 0.59215686 0.57254902
v -0.23976380 -0.05034524 0.04795271 0.58431373 0.60000000 0.54901961
v -0.22606301 -0.04950994 0.04795271 0.58823529 0.59607843 0.54901961
v -0.21236223 -0.04857337 0.04795271 0.58039216 0.59215686 0.56862745
v -0.20433730 -0.04795271 0.04795271 0.57647059 0.58823529 0.57647059
v 0.40417325 -0.04795271 0.03574914 0.65882353 0.56078431 0.47450980
v 0.41636276 -0.04795271 0.04795271 0.65882353 0.56470588 0.47058824
v -0.19866145 -0.04486525 0.04795271 0.58431373 0.58823529 0.57647059
v -0.18496066 -0.03984797 0.04795271 0.59607843 0.59607843 0.56862745
v -0.17125988 -0.03620142 0.04795271 0.61176471 0.59607843 0.54901961
v -0.16959983 -0.03425193 0.04795271 0.61568627 0.59607843 0.54117647
v 0.40417325 -0.03425193 0.03487796 0.64705882 0.55294118 0.47058824
v 0.41701162 -0.03425193 0.04795271 0.64705882 0.55294118 0.46666667
v -0.16957706 -0.02055115 0.04795271 0.61568627 0.59607843 0.54509804
v 0.40417325 -0.02055115 0.03425777 0.65098039 0.55294118 0.46274510
v 0.41727614 -0.02055115 0.04795271 0.65490196 0.55686275 0.46274510
v -0.16973549 -0.00685036 0.04795271 0.61960784 0.59607843 0.54117647
v 0.41735840 -0.00685036 0.04795271 0.64705882 0.55294118 0.45882353
v -0.16993761 0.00685036 0.04795271 0.61960784 0.59607843 0.53725490
v 0.40417325 0.00685036 0.03466201 0.62745098 0.53333333 0.45490196
v 0.41716468 0.00685036 0.04795271 0.62745098 0.53333333 0.45098039
v -0.18496066 0.02055115 0.03535026 0.60392157 0.59607843 0.55686275
v -0.18135595 0.02055115 0.04795271 0.60784314 0.60000000 0.55686275
v -0.17125988 0.01146454 0.04795271 0.61176471 0.59607843 0.54509804
v 0.40417325 0.02055115 0.03528506 0.61960784 0.52549020 0.45098039
v 0.41674292 0.02055115 0.04795271 0.61568627 0.52156863 0.44313725
v -0.40648234 0.03425193 0.04795271 0.58823529 0.58823529 0.55294118
v -0.40417325 0.03197825 0.04795271 0.58823529 0.59215686 0.55686275
v -0.39047247 0.03425193 0.04760945 0.59215686 0.59607843 0.55686275
v -0.39390403 0.03425193 0.04795271 0.59215686 0.59607843 0.55686275
v -0.37677163 0.03425193 0.04581958 0.58431373 0.59607843 0.57254902
v -0.36307085 0.03425193 0.04327130 0.58039216 0.59607843 0.58039216
v -0.34937006 0.03425193 0.04156077 0.58823529 0.60392157 0.57647059
v -0.33566928 0.03425193 0.04044181 0.59607843 0.61176471 0.57647059
v -0.32196850 0.03425193 0.03911066 0.58823529 0.61568627 0.58823529
v -0.30826771 0.03425193 0.03778780 0.58823529 0.61960784 0.59215686
v -0.26716530 0.03425193 0.03913212 0.57647059 0.60000000 0.57254902
v -0.25346458 0.03425193 0.04075617 0.56078431 0.59215686 0.57647059
v -0.23976380 0.03425193 0.04630381 0.58823529 0.59215686 0.54117647
v -0.23648018 0.03425193 0.04795271 0.59607843 0.59215686 0.53333333
v -0.22606301 0.02916354 0.04795271 0.59607843 0.59215686 0.53725490
v -0.21236223 0.02498007 0.04795271 0.58823529 0.59215686 0.56078431
v -0.19866145 0.02230591 0.04795271 0.58823529 0.59215686 0.56862745
v -0.18496066 0.02133244 0.04795271 0.60392157 0.59607843 0.56078431
v 0.40417325 0.03425193 0.03643352 0.61960784 0.52156863 0.44313725
v 0.41569829 0.03425193 0.04795271 0.61960784 0.52156863 0.43921569
v -0.42845660 0.04795271 0.04795271 0.58431373 0.58431373 0.55686275
v -0.41787404 0.03729838 0.04795271 0.58039216 0.58431373 0.55686275
v -0.39047247 0.03439909 0.04795271 0.59215686 0.59607843 0.55686275
v -0.37677163 0.03513217 0.04795271 0.58431373 0.59607843 0.57254902
v -0.36307085 0.03635168 0.04795271 0.58039216 0.59607843 0.57647059
v -0.34937006 0.03691095 0.04795271 0.58823529 0.60392157 0.57647059
v -0.33566928 0.03759521 0.04795271 0.59215686 0.61176471 0.57647059
v -0.32196850 0.03845268 0.04795271 0.58431373 0.61176471 0.58431373
v -0.30826771 0.03861660 0.04795271 0.58431373 0.61960784 0.58823529
v -0.29456693 0.03846943 0.04795271 0.60000000 0.61960784 0.57647059
v -0.28086615 0.04552543 0.04795271 0.60392157 0.61176471 0.55686275
v -0.26716530 0.03820807 0.04795271 0.57647059 0.60392157 0.57254902
v -0.25346458 0.03731531 0.04795271 0.56470588 0.59215686 0.56862745
v -0.23976380 0.03484976 0.04795271 0.58823529 0.59215686 0.54117647
v 0.39047241 0.04795271 0.03437638 0.61176471 0.50980392 0.43921569
v 0.40417325 0.04795271 0.04322624 0.61960784 0.51764706 0.43529412
v 0.40894341 0.04795271 0.04795271 0.61568627 0.51372549 0.43529412
v -0.43054003 0.06165349 0.04795271 0.59215686 0.59215686 0.56078431
v 0.39047241 0.06165349 0.04000360 0.61176471 0.50588235 0.43529412
v 0.39849031 0.06165349 0.04795271 0.61568627 0.50588235 0.42745098
v 0.40417325 0.05287510 0.04795271 0.61568627 0.50980392 0.43137255
v -0.43098018 0.07535428 0.04795271 0.59215686 0.59215686 0.56078431
v 0.36307085 0.07535428 0.03584945 0.57647059 0.49803922 0.43921569
v 0.37677169 0.07535428 0.04696590 0.58431373 0.49411765 0.43137255
v 0.37802017 0.07535428 0.04795271 0.58431373 0.49411765 0.43137255
v 0.39047241 0.07044303 0.04795271 0.60392157 0.49803922 0.42745098
v -0.43111849 0.08905506 0.04795271 0.58823529 0.59215686 0.56470588
v 0.34937012 0.08905506 0.03940529 0.56078431 0.48627451 0.44313725
v 0.35913074 0.08905506 0.04795271 0.56470588 0.48627451 0.43529412
v 0.36307085 0.08677256 0.04795271 0.56470588 0.48627451 0.43529412
v 0.37677169 0.07637340 0.04795271 0.58431373 0.49411765 0.43137255
v -0.43117231 0.10275584 0.04795271 0.58823529 0.59215686 0.56470588
v 0.32196844 0.10275584 0.03466606 0.54509804 0.47843137 0.44705882
v 0.33566940 0.10275584 0.04526836 0.55686275 0.48235294 0.44705882
v 0.33864951 0.10275584 0.04795271 0.56078431 0.48235294 0.44705882
v 0.34937012 0.09710938 0.04795271 0.55686275 0.48235294 0.43921569
v -0.43117520 0.11645675 0.04795271 0.59215686 0.59215686 0.56470588
v 0.29456687 0.11645675 0.03715652 0.52549020 0.47450980 0.45882353
v 0.30826771 0.11645675 0.04348224 0.52549020 0.47058824 0.44313725
v 0.31478596 0.11645675 0.04795271 0.52549020 0.47058824 0.44313725
v 0.32196844 0.11414367 0.04795271 0.54117647 0.47843137 0.44705882
v 0.33566940 0.10536849 0.04795271 0.55686275 0.48235294 0.44705882
v -0.43114585 0.13015747 0.04795271 0.58823529 0.59215686 0.56470588
v 0.13015747 0.13015747 0.03625131 0.64705882 0.10980392 0.07843137
v 0.14385831 0.13015747 0.04106945 0.65882353 0.11764706 0.08627451
v 0.15755904 0.13015747 0.04177076 0.67450980 0.16470588 0.12156863
v 0.16868997 0.13015747 0.04795271 0.81960784 0.41960784 0.31372549
v 0.17125988 0.12942803 0.04795271 0.82352941 0.45098039 0.34117647
v 0.18496060 0.13015747 0.03833300 0.54901961 0.47058824 0.43529412
v 0.17292595 0.13015747 0.04795271 0.78039216 0.45490196 0.35294118
v 0.21236217 0.13015747 0.03623867 0.50980392 0.48627451 0.48235294
v 0.22101033 0.13015747 0.04795271 0.50196078 0.48627451 0.49019608
v 0.22606301 0.12805164 0.04795271 0.49803922 0.49019608 0.49411765
v 0.23976374 0.12959570 0.04795271 0.49019608 0.48627451 0.49019608
v 0.25346458 0.13015747 0.04693657 0.48627451 0.47450980 0.47843137
v 0.25101078 0.13015747 0.04795271 0.48627451 0.47843137 0.47843137
v 0.25606847 0.13015747 0.04795271 0.48627451 0.47450980 0.47450980
v 0.26716530 0.12960869 0.04795271 0.49803922 0.47843137 0.47450980
v 0.28086615 0.12809771 0.04795271 0.51372549 0.47843137 0.47058824
v 0.29456687 0.12525380 0.04795271 0.52156863 0.47843137 0.45882353
v 0.30826771 0.12067699 0.04795271 0.52156863 0.47058824 0.45098039
v -0.43093848 0.14385831 0.04795271 0.58823529 0.59215686 0.56862745
v -0.28086615 0.14385831 0.04221994 0.59215686 0.60000000 0.55686275
v -0.28086615 0.13936293 0.04795271 0.58431373 0.60000000 0.55686275
v -0.28646266 0.14385831 0.04795271 0.59607843 0.60392157 0.55294118
v -0.27304798 0.14385831 0.04795271 0.57647059 0.59607843 0.56862745
v -0.15755904 0.13961339 0.04795271 0.60392157 0.59607843 0.55294118
v -0.16500568 0.14385831 0.04795271 0.59215686 0.59215686 0.56470588
v -0.15525532 0.14385831 0.04795271 0.60000000 0.59607843 0.55294118
v 0.07535428 0.14385831 0.03746068 0.57254902 0.08627451 0.05882353
v 0.08905506 0.14385831 0.04427230 0.59215686 0.08627451 0.06274510
v 0.10275584 0.14385831 0.04428405 0.61176471 0.09803922 0.07058824
v 0.11645675 0.14385831 0.04365760 0.60784314 0.10588235 0.07450980
v 0.12499410 0.14385831 0.04795271 0.60392157 0.11764706 0.08627451
v 0.13015747 0.14241409 0.04795271 0.61568627 0.12156863 0.08627451
v 0.14385831 0.13584006 0.04795271 0.63921569 0.12941176 0.09411765
v 0.15755904 0.13600767 0.04795271 0.77647059 0.32156863 0.23921569
v 0.18496060 0.13756967 0.04795271 0.52156863 0.47843137 0.46274510
v 0.19866145 0.13895154 0.04795271 0.51764706 0.48627451 0.47450980
v 0.21236217 0.13788795 0.04795271 0.49411765 0.47843137 0.47843137
v 0.25346458 0.13115633 0.04795271 0.48235294 0.47450980 0.47450980
v -0.43013129 0.15755904 0.04795271 0.59215686 0.59215686 0.56470588
v -0.32196850 0.15755904 0.04592639 0.58039216 0.60000000 0.56470588
v -0.32196850 0.15671194 0.04795271 0.58039216 0.60392157 0.56470588
v -0.33076119 0.15755904 0.04795271 0.58823529 0.60392157 0.56470588
v -0.30826771 0.15755904 0.03863358 0.57254902 0.59607843 0.56078431
v -0.30826771 0.15306127 0.04795271 0.57254902 0.59607843 0.56078431
v -0.29456693 0.15099001 0.04795271 0.58431373 0.60000000 0.56078431
v -0.26716530 0.14878833 0.04795271 0.56470588 0.59215686 0.57647059
v -0.25346458 0.14916170 0.04795271 0.55686275 0.58823529 0.58039216
v -0.23976380 0.14971173 0.04795271 0.56078431 0.58431373 0.56862745
v -0.22606301 0.14950633 0.04795271 0.56078431 0.58039216 0.56470588
v -0.21236223 0.14889860 0.04795271 0.56078431 0.58823529 0.58039216
v -0.19866145 0.14908731 0.04795271 0.56470588 0.59215686 0.59215686
v -0.18496066 0.14984643 0.04795271 0.56862745 0.58823529 0.58039216
v -0.17125988 0.14982808 0.04795271 0.58431373 0.58823529 0.57254902
v -0.14385825 0.15755904 0.04127002 0.59607843 0.58431373 0.53333333
v -0.14910519 0.15755904 0.04795271 0.59215686 0.58823529 0.54509804
v 0.02055115 0.15755904 0.03928709 0.36470588 0.04705882 0.04313725
v 0.03034377 0.15755904 0.04795271 0.30196078 0.03137255 0.02745098
v 0.03425193 0.15683496 0.04795271 0.35686275 0.03921569 0.03529412
v 0.04795271 0.15477204 0.04795271 0.49803922 0.06274510 0.05490196
v 0.06165349 0.15428495 0.04795271 0.51764706 0.07450980 0.05490196
v 0.07535428 0.15755904 0.03916615 0.49019608 0.06274510 0.04705882
v 0.06507951 0.15755904 0.04795271 0.43529412 0.05098039 0.03921569
v 0.08905506 0.15755904 0.03499454 0.54901961 0.07450980 0.05490196
v 0.10275584 0.15755904 0.03607565 0.53333333 0.07450980 0.05882353
v 0.11645675 0.15755904 0.03985387 0.38039216 0.05490196 0.04313725
v 0.12832117 0.15755904 0.04795271 0.67843137 0.27843137 0.20784314
v -0.41787404 0.17125988 0.04175746 0.60000000 0.60000000 0.55686275
v -0.41899604 0.17125988 0.04795271 0.60392157 0.60000000 0.55686275
v -0.34937006 0.16736054 0.04795271 0.58823529 0.60392157 0.56078431
v -0.35677016 0.17125988 0.04795271 0.59215686 0.60392157 0.55686275
v -0.33566928 0.15882397 0.04795271 0.58823529 0.60392157 0.56470588
v -0.14385825 0.16282809 0.04795271 0.59215686 0.58039216 0.53333333
v -0.14121020 0.17125988 0.04795271 0.58823529 0.58039216 0.53333333
v -0.08905512 0.17114449 0.04795271 0.65490196 0.54509804 0.41176471
v -0.08998895 0.17125988 0.04795271 0.65098039 0.54509804 0.41568627
v -0.07535434 0.17077172 0.04795271 0.63137255 0.53725490 0.42352941
v -0.06165355 0.17002916 0.04795271 0.63529412 0.51764706 0.41568627
v -0.04795271 0.16887724 0.04795271 0.65490196 0.43529412 0.34509804
v -0.03425193 0.16787040 0.04795271 0.61960784 0.38823529 0.31764706
v -0.02055115 0.16714776 0.04795271 0.61960784 0.40000000 0.32549020
v -0.00685036 0.16608584 0.04795271 0.65882353 0.42745098 0.33333333
v 0.00685036 0.16445935 0.04795271 0.74117647 0.41176471 0.30196078
v 0.02055115 0.16240311 0.04795271 0.19607843 0.02352941 0.01960784
v 0.02441019 0.17125988 0.04795271 0.35294118 0.06274510 0.05490196
v 0.03425193 0.17125988 0.03779286 0.33725490 0.04313725 0.03921569
v 0.03425193 0.15863919 0.04795271 0.23529412 0.01960784 0.01960784
v 0.04795271 0.15875518 0.04795271 0.30588235 0.02745098 0.02352941
v 0.06165349 0.15832782 0.04795271 0.38823529 0.04313725 0.03137255
v 0.13015747 0.15873063 0.04795271 0.72549020 0.40392157 0.30980392
v 0.13015747 0.17125988 0.03879559 0.47843137 0.38039216 0.33725490
v 0.13843405 0.17125988 0.04795271 0.45882353 0.34901961 0.31372549
v -0.41787404 0.17241406 0.04795271 0.60392157 0.60000000 0.55686275
v -0.40844887 0.18496060 0.04795271 0.60784314 0.60392157 0.54901961
v -0.37677163 0.18205953 0.04795271 0.60000000 0.60784314 0.55294118
v -0.38833946 0.18496060 0.04795271 0.60392157 0.60784314 0.55294118
v -0.36307085 0.17613947 0.04795271 0.60000000 0.60392157 0.55294118
v -0.13015747 0.18231201 0.04795271 0.58431373 0.57647059 0.52941176
v -0.11645669 0.17937040 0.04795271 0.58431373 0.57254902 0.51372549
v -0.10275590 0.17631090 0.04795271 0.61176471 0.56078431 0.47058824
v 0.00685036 0.18496060 0.04492921 0.76470588 0.48627451 0.36862745
v 0.00401068 0.18496060 0.04795271 0.72156863 0.48235294 0.37254902
v 0.00685036 0.18207359 0.04795271 0.75294118 0.46274510 0.34509804
v 0.02055115 0.17245007 0.04795271 0.31764706 0.06274510 0.05490196
v 0.11645675 0.18496060 0.03640532 0.19607843 0.04313725 0.03137255
v 0.12814248 0.18496060 0.04795271 0.16862745 0.09411765 0.09019608
v 0.13015747 0.18126523 0.04795271 0.21176471 0.14509804 0.13725490
v -0.40417325 0.18919265 0.04795271 0.60784314 0.60392157 0.54901961
v -0.39047247 0.18693900 0.04795271 0.60784314 0.60784314 0.55294118
v -0.00685036 0.19866145 0.03578740 0.62352941 0.45098039 0.37254902
v -0.01735461 0.19866145 0.04795271 0.63137255 0.44313725 0.36470588
v -0.00685036 0.18882179 0.04795271 0.62745098 0.43921569 0.35686275
v 0.10275584 0.19866145 0.03594142 0.61960784 0.08627451 0.06666667
v 0.11471409 0.19866145 0.04795271 0.60392157 0.10588235 0.07843137
v 0.11645675 0.19681990 0.04795271 0.50980392 0.08235294 0.05882353
v -0.03425193 0.21236217 0.04642773 0.69019608 0.47843137 0.36078431
v -0.03566563 0.21236217 0.04795271 0.68627451 0.47843137 0.36470588
v -0.03425193 0.21095479 0.04795271 0.68235294 0.47450980 0.36862745
v -0.02055115 0.20096934 0.04795271 0.63137255 0.45098039 0.37254902
v 0.08905506 0.21236217 0.03803301 0.70196078 0.10196078 0.07450980
v 0.10020560 0.21236217 0.04795271 0.71764706 0.11764706 0.09019608
v 0.10275584 0.21065605 0.04795271 0.70980392 0.11764706 0.09019608
v -0.03425193 0.22606301 0.03662717 0.69411765 0.50196078 0.36862745
v -0.04629064 0.22606301 0.04795271 0.66666667 0.52549020 0.40784314
v 0.04795271 0.22606301 0.03509688 0.65490196 0.14509804 0.10588235
v 0.06165349 0.22606301 0.03708225 0.69803922 0.13333333 0.09019608
v 0.07535428 0.22606301 0.04184920 0.73333333 0.13725490 0.09019608
v 0.08181638 0.22606301 0.04795271 0.74117647 0.13725490 0.09803922
v 0.08905506 0.22181916 0.04795271 0.74117647 0.12941176 0.09411765
v -0.04795271 0.23976374 0.04163325 0.63529412 0.54117647 0.44313725
v -0.05517817 0.23976374 0.04795271 0.61176471 0.55686275 0.47843137
v -0.04795271 0.22994936 0.04795271 0.64705882 0.53725490 0.43529412
v -0.03425193 0.23976374 0.03658909 0.66274510 0.52549020 0.40000000
v -0.02055115 0.23976374 0.03457576 0.68235294 0.51764706 0.37647059
v 0.00685036 0.23976374 0.03443503 0.63529412 0.44705882 0.34509804
v 0.02055115 0.23976374 0.03505528 0.71372549 0.54117647 0.43921569
v 0.03425193 0.23976374 0.03671706 0.59215686 0.19215686 0.17254902
v 0.04795271 0.23976374 0.04011637 0.65490196 0.16470588 0.13333333
v 0.05949414 0.23976374 0.04795271 0.70588235 0.15294118 0.11764706
v 0.06165349 0.23872328 0.04795271 0.70980392 0.15294118 0.11372549
v 0.07535428 0.23219764 0.04795271 0.74117647 0.14509804 0.10196078
v -0.07535434 0.25346458 0.04538161 0.58823529 0.56862745 0.53333333
v -0.08442563 0.25346458 0.04795271 0.56862745 0.56862745 0.54117647
v -0.07535434 0.25087690 0.04795271 0.58431373 0.57254902 0.53333333
v -0.07103026 0.25346458 0.04795271 0.59607843 0.57254902 0.53333333
v -0.04795271 0.25346458 0.03933465 0.61176471 0.54901961 0.46666667
v -0.05843127 0.25346458 0.04795271 0.59215686 0.56078431 0.50980392
v -0.03425193 0.25346458 0.03673524 0.63921569 0.53725490 0.42745098
v -0.02055115 0.25346458 0.03596401 0.67450980 0.52549020 0.40392157
v -0.00685036 0.25346458 0.03613383 0.69803922 0.50588235 0.38039216
v 0.00685036 0.25346458 0.03682286 0.65490196 0.46666667 0.36078431
v 0.02055115 0.25346458 0.03849649 0.61960784 0.48235294 0.40392157
v 0.03425193 0.25346458 0.04226887 0.91372549 0.68235294 0.55686275
v 0.04142749 0.25346458 0.04795271 0.80000000 0.38823529 0.34901961
v 0.04795271 0.24894261 0.04795271 0.65882353 0.18039216 0.16470588
v -0.07535434 0.26716530 0.03747624 0.58431373 0.57647059 0.54901961
v -0.08634609 0.26716530 0.04795271 0.57254902 0.58039216 0.56470588
v -0.06165355 0.25659728 0.04795271 0.59607843 0.56862745 0.52156863
v -0.06165355 0.26716530 0.03928041 0.59215686 0.57254902 0.53333333
v -0.04795271 0.26663852 0.04795271 0.56470588 0.56078431 0.53333333
v -0.04846144 0.26716530 0.04795271 0.56862745 0.56078431 0.53725490
v -0.03425193 0.26716530 0.03873825 0.58823529 0.54901961 0.49019608
v -0.04752058 0.26716530 0.04795271 0.56470588 0.56078431 0.53333333
v -0.02055115 0.26716530 0.03810567 0.63921569 0.54509804 0.45098039
v -0.00685036 0.26716530 0.03928882 0.65490196 0.52941176 0.42352941
v 0.00685036 0.26716530 0.04162300 0.63529412 0.50588235 0.41960784
v 0.01799786 0.26716530 0.04795271 0.59215686 0.48627451 0.43921569
v 0.02055115 0.26594090 0.04795271 0.58823529 0.47843137 0.42352941
v 0.03425193 0.25935209 0.04795271 0.71764706 0.57254902 0.49019608
v -0.07535434 0.28002381 0.04795271 0.59215686 0.60000000 0.59215686
v -0.06165355 0.28086615 0.03582835 0.58823529 0.59215686 0.57254902
v -0.07497317 0.28086615 0.04795271 0.59215686 0.60000000 0.59607843
v -0.04795271 0.27822161 0.04795271 0.56862745 0.57647059 0.56862745
v -0.04795271 0.28086615 0.04773659 0.57254902 0.58039216 0.57647059
v -0.03425193 0.27784824 0.04795271 0.56078431 0.56078431 0.54901961
v -0.04758501 0.28086615 0.04795271 0.57254902 0.58039216 0.57254902
v -0.02055115 0.28086615 0.04519409 0.57254902 0.56078431 0.53333333
v -0.02481610 0.28086615 0.04795271 0.56470588 0.56470588 0.54509804
v -0.01565522 0.28086615 0.04795271 0.57647059 0.56470588 0.53333333
v -0.00685036 0.27791345 0.04795271 0.60392157 0.55294118 0.49019608
v 0.00685036 0.27399218 0.04795271 0.60000000 0.52156863 0.46666667
v -0.06165355 0.29371464 0.04795271 0.59215686 0.60392157 0.60392157
v -0.04795271 0.29456687 0.04099876 0.58039216 0.59215686 0.58431373
v -0.05712056 0.29456687 0.04795271 0.58823529 0.60392157 0.60000000
v -0.04119658 0.29456687 0.04795271 0.57647059 0.58431373 0.57647059
v -0.02055115 0.28403747 0.04795271 0.56862745 0.56862745 0.55294118
v -0.04795271 0.30357242 0.04795271 0.58823529 0.59607843 0.59215686
v -0.42893502 -0.18496066 0.06165349 0.59607843 0.60000000 0.57254902
v -0.41787404 -0.19599962 0.06165349 0.60000000 0.60392157 0.56470588
v -0.40417325 -0.19826663 0.06165349 0.60392157 0.61568627 0.57647059
v -0.39047247 -0.19659227 0.06165349 0.60392157 0.61960784 0.58823529
v -0.37677163 -0.19554651 0.06165349 0.59607843 0.61568627 0.58431373
v -0.36307085 -0.19364166 0.06165349 0.59215686 0.61568627 0.58431373
v -0.34937006 -0.19146800 0.06165349 0.58823529 0.61960784 0.59215686
v -0.33566928 -0.18979317 0.06165349 0.59215686 0.62745098 0.59215686
v -0.32196850 -0.18953049 0.06165349 0.59215686 0.62745098 0.58823529
v -0.30826771 -0.18496066 0.06058425 0.58823529 0.62745098 0.58823529
v -0.31063926 -0.18496066 0.06165349 0.58823529 0.62745098 0.58823529
v -0.29456693 -0.18496066 0.05353391 0.59215686 0.62352941 0.58039216
v -0.14253724 -0.18496066 0.06165349 0.65882353 0.62745098 0.59215686
v -0.13015747 -0.19721460 0.06165349 0.67058824 0.64705882 0.61176471
v -0.11645669 -0.19761467 0.06165349 0.67058824 0.64705882 0.60784314
v -0.10275590 -0.19588763 0.06165349 0.61176471 0.57254902 0.52156863
v -0.08905512 -0.19407779 0.06165349 0.59607843 0.55294118 0.49803922
v -0.07535434 -0.19294798 0.06165349 0.58823529 0.54901961 0.49411765
v -0.06165355 -0.19047123 0.06165349 0.58823529 0.53333333 0.48235294
v -0.04922861 -0.18496066 0.06165349 0.59607843 0.48235294 0.41568627
v -0.43112585 -0.17125988 0.06165349 0.59215686 0.60000000 0.57254902
v -0.30826771 -0.18465668 0.06165349 0.58823529 0.62745098 0.58823529
v -0.29456693 -0.18227959 0.06165349 0.58431373 0.62745098 0.58039216
v -0.28086615 -0.17125988 0.05941355 0.59215686 0.62352941 0.56862745
v -0.28165936 -0.17125988 0.06165349 0.58823529 0.62352941 0.56862745
v -0.27743495 -0.17125988 0.06165349 0.58039216 0.61568627 0.56862745
v -0.26716530 -0.17623621 0.06165349 0.56862745 0.60000000 0.56078431
v -0.25346458 -0.17490387 0.06165349 0.54509804 0.58431373 0.56862745
v -0.23976380 -0.17388171 0.06165349 0.56470588 0.58823529 0.54509804
v -0.22606301 -0.17268962 0.06165349 0.57647059 0.59215686 0.54901961
v -0.21236223 -0.17125988 0.06042367 0.57254902 0.58823529 0.57647059
v -0.21678078 -0.17125988 0.06165349 0.57254902 0.58823529 0.56862745
v -0.19866145 -0.17125988 0.05467606 0.58431373 0.59607843 0.59607843
v -0.15447277 -0.17125988 0.06165349 0.59607843 0.59215686 0.55294118
v -0.14385825 -0.18245810 0.06165349 0.65490196 0.62352941 0.59215686
v -0.04795271 -0.18470228 0.06165349 0.59607843 0.47450980 0.40784314
v -0.03425193 -0.18325317 0.06165349 0.56470588 0.41176471 0.34901961
v -0.02055115 -0.18249059 0.06165349 0.53725490 0.40784314 0.34509804
v -0.00685036 -0.18052185 0.06165349 0.51372549 0.40000000 0.34901961
v 0.00685036 -0.17700863 0.06165349 0.32941176 0.24705882 0.23137255
v 0.01808417 -0.17125988 0.06165349 0.16470588 0.04705882 0.04705882
v 0.06165349 -0.17125988 0.05530417 0.45490196 0.07843137 0.05882353
v 0.05227733 -0.17125988 0.06165349 0.44313725 0.08235294 0.06666667
v 0.06165349 -0.18058264 0.06165349 0.44705882 0.08627451 0.06666667
v 0.07535428 -0.18049043 0.06165349 0.47843137 0.08235294 0.06274510
v 0.07535428 -0.17125988 0.05534500 0.45882353 0.07450980 0.05490196
v 0.08905506 -0.17949009 0.06165349 0.48235294 0.07843137 0.05098039
v 0.08905506 -0.17125988 0.05527562 0.44705882 0.06666667 0.04705882
v 0.09944028 -0.17125988 0.06165349 0.47843137 0.07450980 0.04705882
v -0.43135935 -0.15755904 0.06165349 0.59215686 0.59607843 0.57254902
v -0.28086615 -0.17077518 0.06165349 0.58823529 0.62352941 0.57254902
v -0.21236223 -0.17112952 0.06165349 0.57254902 0.58823529 0.57647059
v -0.19866145 -0.17074227 0.06165349 0.58431373 0.59607843 0.59215686
v -0.18496066 -0.17043847 0.06165349 0.61568627 0.60784314 0.57647059
v -0.17125988 -0.16949940 0.06165349 0.62352941 0.61176471 0.56470588
v -0.15934694 -0.15755904 0.06165349 0.62745098 0.61176471 0.56078431
v -0.15677196 -0.15755904 0.06165349 0.62352941 0.60784314 0.56078431
v 0.02055115 -0.17094630 0.06165349 0.16470588 0.03921569 0.03921569
v 0.03425193 -0.16965538 0.06165349 0.27058824 0.04705882 0.03921569
v 0.04795271 -0.17006069 0.06165349 0.43921569 0.08235294 0.06666667
v 0.10275584 -0.16973317 0.06165349 0.48627451 0.07450980 0.04705882
v 0.11645675 -0.16422671 0.06165349 0.50980392 0.06666667 0.04705882
v 0.12944084 -0.15755904 0.06165349 0.51764706 0.06274510 0.04705882
v 0.18496060 -0.15755904 0.05030584 0.54117647 0.44313725 0.40000000
v 0.17498338 -0.15755904 0.06165349 0.71372549 0.35686275 0.26666667
v 0.18496060 -0.16649956 0.06165349 0.60392157 0.47058824 0.40784314
v 0.19866145 -0.16546661 0.06165349 0.54117647 0.43921569 0.40000000
v 0.19866145 -0.15755904 0.05032349 0.53725490 0.46274510 0.42745098
v 0.21236217 -0.16265237 0.06165349 0.52941176 0.44705882 0.40784314
v 0.21236217 -0.15755904 0.05544114 0.51764706 0.45098039 0.42352941
v 0.21785724 -0.15755904 0.06165349 0.51372549 0.45098039 0.42352941
v -0.43148270 -0.14385825 0.06165349 0.59215686 0.59607843 0.56862745
v -0.15755904 -0.15470004 0.06165349 0.62745098 0.60784314 0.56078431
v 0.13015747 -0.15734339 0.06165349 0.52156863 0.06274510 0.04705882
v 0.14385831 -0.15436149 0.06165349 0.58039216 0.07843137 0.05490196
v 0.14385831 -0.14385825 0.05067652 0.68235294 0.11372549 0.07450980
v 0.15755904 -0.15285248 0.06165349 0.52549020 0.06666667 0.05098039
v 0.15755904 -0.14385825 0.05077589 0.69411765 0.12156863 0.08235294
v 0.17125988 -0.15485722 0.06165349 0.66666667 0.21176471 0.15294118
v 0.17125988 -0.14385825 0.04995513 0.67843137 0.13725490 0.10196078
v 0.22606301 -0.15550041 0.06165349 0.50196078 0.46274510 0.44313725
v 0.22606301 -0.14385825 0.04903340 0.50196078 0.47843137 0.47058824
v 0.23976374 -0.15554315 0.06165349 0.49019608 0.46274510 0.45098039
v 0.25346458 -0.15586662 0.06165349 0.45882353 0.43921569 0.43137255
v 0.26716530 -0.15483421 0.06165349 0.48627451 0.45490196 0.43921569
v 0.28086615 -0.15288812 0.06165349 0.54117647 0.47843137 0.44313725
v 0.28086615 -0.14385825 0.04806888 0.52549020 0.47450980 0.45490196
v 0.29456687 -0.15178531 0.06165349 0.54901961 0.47843137 0.43137255
v 0.29456687 -0.14385825 0.05252278 0.54117647 0.47450980 0.43921569
v 0.30826771 -0.14978939 0.06165349 0.53333333 0.46274510 0.41176471
v 0.30826771 -0.14385825 0.05562937 0.53333333 0.46274510 0.41960784
v 0.31644034 -0.14385825 0.06165349 0.54901961 0.47058824 0.41960784
v -0.43157482 -0.13015747 0.06051540 0.58823529 0.59607843 0.56470588
v -0.43210945 -0.13015747 0.06165349 0.58823529 0.59607843 0.56470588
v -0.43157482 -0.13132554 0.06165349 0.58823529 0.59607843 0.56470588
v 0.32196844 -0.14167821 0.06165349 0.57254902 0.48627451 0.43137255
v 0.32196844 -0.13015747 0.04935557 0.58823529 0.49803922 0.44313725
v 0.33566940 -0.13778865 0.06165349 0.62745098 0.52941176 0.45490196
v 0.33566940 -0.13015747 0.05385989 0.64705882 0.53725490 0.45882353
v 0.34488058 -0.13015747 0.06165349 0.65882353 0.55686275 0.47058824
v -0.43157482 -0.11645669 0.05516350 0.59215686 0.59215686 0.56078431
v -0.43473154 -0.11645669 0.06165349 0.59215686 0.59607843 0.56078431
v 0.34937012 -0.12771642 0.06165349 0.66666667 0.56078431 0.47450980
v 0.34937012 -0.11645669 0.05038923 0.67058824 0.55686275 0.47058824
v 0.36152399 -0.11645669 0.06165349 0.67058824 0.56862745 0.47843137
v -0.43157482 -0.10661614 0.06165349 0.59215686 0.59215686 0.56078431
v -0.43155003 -0.10275590 0.06165349 0.59215686 0.59607843 0.56078431
v 0.36307085 -0.11494350 0.06165349 0.67058824 0.56862745 0.47843137
v 0.36307085 -0.10275590 0.04895830 0.63137255 0.53333333 0.45098039
v 0.37677169 -0.10628575 0.06165349 0.67450980 0.58431373 0.49803922
v 0.37677169 -0.10275590 0.05855471 0.66274510 0.56862745 0.47843137
v 0.38090026 -0.10275590 0.06165349 0.67058824 0.58039216 0.49411765
v -0.43137962 -0.08905512 0.06165349 0.59215686 0.59215686 0.56078431
v 0.39047241 -0.09791827 0.06165349 0.65882353 0.57647059 0.49411765
v 0.39047241 -0.08905512 0.05398160 0.65490196 0.56078431 0.47450980
v 0.39768517 -0.08905512 0.06165349 0.65490196 0.56862745 0.48627451
v -0.43090275 -0.07535434 0.06165349 0.58823529 0.59215686 0.56078431
v 0.40417325 -0.08516175 0.06165349 0.67058824 0.58431373 0.49411765
v 0.40417325 -0.07535434 0.05191505 0.67843137 0.59607843 0.50588235
v 0.41395521 -0.07535434 0.06165349 0.69019608 0.60392157 0.50980392
v -0.42328462 -0.06165355 0.06165349 0.58431373 0.58823529 0.55686275
v -0.37677163 -0.06165355 0.05986404 0.58823529 0.60392157 0.57647059
v -0.37677163 -0.06172484 0.06165349 0.58823529 0.60392157 0.57647059
v -0.37969995 -0.06165355 0.06165349 0.58823529 0.60784314 0.57647059
v -0.36307085 -0.06165355 0.04979402 0.58431373 0.60392157 0.58431373
v -0.36307085 -0.06229210 0.06165349 0.58039216 0.60392157 0.58039216
v -0.34937006 -0.06165355 0.04932970 0.59215686 0.61176471 0.58823529
v -0.34937006 -0.06234866 0.06165349 0.58823529 0.61568627 0.58823529
v -0.33566928 -0.06165355 0.05212069 0.59215686 0.61960784 0.58823529
v -0.33566928 -0.06231773 0.06165349 0.59215686 0.62352941 0.59215686
v -0.32196850 -0.06165355 0.05488706 0.58823529 0.61960784 0.58823529
v -0.32196850 -0.06228888 0.06165349 0.58823529 0.61960784 0.58823529
v -0.30826771 -0.06165355 0.05579066 0.58823529 0.62352941 0.58823529
v -0.30826771 -0.06233859 0.06165349 0.58431373 0.62352941 0.58431373
v -0.29456693 -0.06165355 0.06025684 0.58431373 0.62745098 0.58431373
v -0.29456693 -0.06185508 0.06165349 0.58431373 0.62745098 0.58431373
v -0.28086615 -0.06165355 0.05154675 0.60000000 0.62352941 0.56862745
v -0.28086615 -0.06231362 0.06165349 0.58039216 0.62352941 0.57647059
v -0.27412105 -0.06165355 0.06165349 0.57647059 0.61568627 0.57254902
v 0.41703820 -0.06165355 0.06165349 0.69019608 0.59607843 0.49803922
v -0.41787404 -0.05614221 0.06165349 0.58431373 0.58823529 0.55686275
v -0.40417325 -0.05354303 0.06165349 0.59215686 0.60000000 0.56078431
v -0.39047247 -0.05947322 0.06165349 0.59607843 0.61176471 0.57254902
v -0.26716530 -0.05670053 0.06165349 0.56862745 0.60784314 0.57254902
v -0.25346458 -0.05372953 0.06165349 0.56470588 0.59607843 0.56470588
v -0.23976380 -0.05161929 0.06165349 0.56862745 0.60000000 0.54117647
v -0.22606301 -0.05015248 0.06165349 0.56862745 0.59607843 0.54901961
v -0.21236223 -0.04909170 0.06165349 0.57647059 0.58823529 0.56470588
v -0.19866145 -0.04795271 0.06122798 0.58431373 0.58823529 0.56862745
v -0.19866145 -0.04796284 0.06165349 0.58431373 0.58823529 0.56862745
v -0.19857246 -0.04795271 0.06165349 0.58431373 0.58823529 0.56862745
v 0.41787398 -0.05634171 0.06165349 0.68235294 0.58431373 0.48627451
v 0.41787398 -0.04795271 0.05337834 0.65882353 0.56470588 0.47058824
v 0.42625546 -0.04795271 0.06165349 0.67450980 0.58431373 0.49019608
v -0.18496066 -0.03989387 0.06165349 0.58823529 0.59607843 0.57254902
v -0.17125988 -0.03628176 0.06165349 0.60784314 0.60000000 0.54901961
v -0.17014712 -0.03425193 0.06165349 0.61176471 0.59607843 0.54509804
v 0.41787398 -0.03425193 0.04909956 0.64705882 0.55294118 0.46666667
v 0.43039393 -0.03425193 0.06165349 0.65490196 0.56862745 0.48627451
v -0.17032099 -0.02055115 0.06165349 0.62352941 0.60000000 0.54117647
v 0.41787398 -0.02055115 0.04869509 0.65490196 0.55686275 0.46274510
v 0.43064117 -0.02055115 0.06165349 0.65882353 0.57254902 0.48627451
v -0.17035180 -0.00685036 0.06165349 0.62352941 0.60000000 0.53725490
v 0.41787398 -0.00685036 0.04859138 0.64705882 0.55294118 0.45882353
v 0.43069947 -0.00685036 0.06165349 0.65098039 0.56078431 0.47450980
v -0.17016375 0.00685036 0.06165349 0.61568627 0.59607843 0.53725490
v 0.41787398 0.00685036 0.04878575 0.62745098 0.53333333 0.45098039
v 0.43064904 0.00685036 0.06165349 0.62745098 0.53725490 0.45490196
v -0.17541397 0.02055115 0.06165349 0.60392157 0.60000000 0.55294118
v -0.17125988 0.01632500 0.06165349 0.60784314 0.59607843 0.54509804
v 0.41787398 0.02055115 0.04962581 0.61568627 0.52156863 0.44313725
v 0.42990029 0.02055115 0.06165349 0.61960784 0.52549020 0.44705882
v -0.40417325 0.03425193 0.05023873 0.58823529 0.59215686 0.55294118
v -0.22606301 0.03425193 0.05383474 0.59215686 0.59215686 0.52941176
v -0.21236223 0.03425193 0.06027567 0.58823529 0.59215686 0.55294118
v -0.21085763 0.03425193 0.06165349 0.58823529 0.59215686 0.55294118
v -0.19866145 0.02529919 0.06165349 0.58823529 0.58823529 0.56078431
v -0.18496066 0.02230775 0.06165349 0.59607843 0.59607843 0.55686275
v 0.41787398 0.03425193 0.05540890 0.61960784 0.52156863 0.43921569
v 0.42422676 0.03425193 0.06165349 0.61960784 0.52156863 0.44313725
v -0.41787404 0.04795271 0.06014574 0.58039216 0.58431373 0.55294118
v -0.41579098 0.04795271 0.06165349 0.58039216 0.58431373 0.55294118
v -0.40417325 0.03830141 0.06165349 0.58823529 0.59215686 0.55294118
v -0.39047247 0.04162133 0.06165349 0.58823529 0.60000000 0.56078431
v -0.37677163 0.04317969 0.06165349 0.58039216 0.59607843 0.56862745
v -0.36307085 0.04630691 0.06165349 0.57647059 0.59607843 0.57254902
v -0.34937006 0.04795271 0.06119347 0.58431373 0.60392157 0.58039216
v -0.35482156 0.04795271 0.06165349 0.58039216 0.60000000 0.57647059
v -0.33566928 0.04795271 0.05964929 0.58823529 0.61176471 0.58431373
v -0.32196850 0.04795271 0.05800647 0.58431373 0.61176471 0.58039216
v -0.30826771 0.04795271 0.05743158 0.58431373 0.61568627 0.58039216
v -0.29456693 0.04795271 0.05745846 0.58431373 0.61568627 0.57254902
v -0.28086615 0.04795271 0.05037969 0.59607843 0.61176471 0.56078431
v -0.26716530 0.04795271 0.05780435 0.57254902 0.60000000 0.56862745
v -0.25346458 0.04795271 0.05916971 0.56470588 0.59215686 0.56470588
v -0.24380249 0.04795271 0.06165349 0.56862745 0.59215686 0.54509804
v -0.23976380 0.04528451 0.06165349 0.57254902 0.59215686 0.53725490
v -0.22606301 0.03942716 0.06165349 0.58431373 0.59215686 0.52549020
v -0.21236223 0.03536206 0.06165349 0.58823529 0.59215686 0.55294118
v 0.41787398 0.04102427 0.06165349 0.61568627 0.52156863 0.43921569
v 0.41703415 0.04795271 0.06165349 0.61960784 0.51764706 0.43529412
v -0.42949492 0.06165349 0.06165349 0.58823529 0.59215686 0.55686275
v -0.41787404 0.04891539 0.06165349 0.58039216 0.58431373 0.55294118
v -0.34937006 0.04847485 0.06165349 0.58431373 0.60784314 0.58039216
v -0.33566928 0.05031925 0.06165349 0.58823529 0.61176471 0.58431373
v -0.32196850 0.05195385 0.06165349 0.58431373 0.61568627 0.57647059
v -0.30826771 0.05336535 0.06165349 0.58039216 0.61176471 0.57254902
v -0.29456693 0.05471486 0.06165349 0.57647059 0.61568627 0.57254902
v -0.28129691 0.06165349 0.06165349 0.56862745 0.61176471 0.56470588
v -0.28086615 0.06165349 0.06161857 0.56862745 0.61176471 0.56470588
v -0.28062403 0.06165349 0.06165349 0.56862745 0.61176471 0.56470588
v -0.26716530 0.05251628 0.06165349 0.56862745 0.60000000 0.56470588
v -0.25346458 0.05032992 0.06165349 0.56470588 0.59215686 0.56078431
v 0.40417325 0.06165349 0.05043942 0.61176471 0.50588235 0.42745098
v 0.41527855 0.06165349 0.06165349 0.62352941 0.51372549 0.42745098
v -0.43063056 0.07535428 0.06165349 0.59215686 0.59215686 0.56078431
v -0.28086615 0.06176192 0.06165349 0.56862745 0.61176471 0.56470588
v 0.39047241 0.07535428 0.05364299 0.60000000 0.49411765 0.42352941
v 0.39918196 0.07535428 0.06165349 0.60392157 0.49803922 0.41960784
v 0.40417325 0.07366097 0.06165349 0.60784314 0.50196078 0.41960784
v -0.43106523 0.08905506 0.06165349 0.58823529 0.59215686 0.56470588
v 0.36307085 0.08905506 0.04966867 0.56470588 0.48235294 0.43137255
v 0.37551641 0.08905506 0.06165349 0.56862745 0.48627451 0.42745098
v 0.37677169 0.08774340 0.06165349 0.57254902 0.48627451 0.42745098
v 0.39047241 0.08342600 0.06165349 0.59215686 0.49411765 0.42352941
v -0.43119454 0.10275584 0.06165349 0.58823529 0.59215686 0.56470588
v 0.34937012 0.10275584 0.05178303 0.56078431 0.48235294 0.43921569
v 0.36067772 0.10275584 0.06165349 0.56078431 0.48627451 0.43921569
v 0.36307085 0.10111982 0.06165349 0.56078431 0.48235294 0.43921569
v -0.43123057 0.11645675 0.06165349 0.58823529 0.59215686 0.56078431
v 0.32196844 0.11645675 0.05233705 0.54117647 0.47843137 0.44705882
v 0.33566940 0.11645675 0.06163371 0.56470588 0.48627451 0.43921569
v 0.33569133 0.11645675 0.06165349 0.56470588 0.48627451 0.43921569
v 0.34937012 0.11246508 0.06165349 0.56862745 0.48627451 0.43921569
v -0.43119252 0.13015747 0.06165349 0.58823529 0.59215686 0.56470588
v -0.28086615 0.13015747 0.05661267 0.56862745 0.60392157 0.56078431
v -0.28086615 0.12153387 0.06165349 0.55686275 0.60000000 0.56470588
v -0.28965998 0.13015747 0.06165349 0.56470588 0.60392157 0.56078431
v -0.26985139 0.13015747 0.06165349 0.55686275 0.59215686 0.56078431
v 0.17125988 0.13015747 0.05029643 0.80784314 0.44705882 0.34117647
v 0.22606301 0.13015747 0.05088788 0.49411765 0.48627451 0.49019608
v 0.23976374 0.13015747 0.04992265 0.49019608 0.48235294 0.49019608
v 0.26716530 0.13015747 0.05127662 0.49803922 0.47450980 0.47450980
v 0.28086615 0.13015747 0.05549103 0.51372549 0.47843137 0.46666667
v 0.29456687 0.13015747 0.06160539 0.51764706 0.47843137 0.45490196
v 0.29464722 0.13015747 0.06165349 0.51764706 0.47843137 0.45490196
v 0.30826771 0.12797540 0.06165349 0.51764706 0.47450980 0.44705882
v 0.32196844 0.12355959 0.06165349 0.53725490 0.47843137 0.45098039
v 0.33566940 0.11647594 0.06165349 0.56470588 0.48627451 0.43921569
v -0.43096456 0.14385831 0.06165349 0.59215686 0.59607843 0.57254902
v -0.30826771 0.14385831 0.05750906 0.57254902 0.59607843 0.55686275
v -0.30826771 0.13900650 0.06165349 0.57254902 0.59215686 0.55294118
v -0.31778568 0.14385831 0.06165349 0.57647059 0.59607843 0.56078431
v -0.29456693 0.14385831 0.05516881 0.57647059 0.60392157 0.56078431
v -0.29456693 0.13479161 0.06165349 0.56862745 0.60000000 0.56078431
v -0.26716530 0.14385831 0.05285573 0.56078431 0.59215686 0.57254902
v -0.26716530 0.13258445 0.06165349 0.55686275 0.58823529 0.56078431
v -0.25346458 0.14385831 0.05325234 0.55294118 0.58431373 0.57254902
v -0.25346458 0.13607931 0.06165349 0.54901961 0.58039216 0.56470588
v -0.23976380 0.14385831 0.05403948 0.55294118 0.58823529 0.56862745
v -0.23976380 0.13771939 0.06165349 0.54117647 0.58431373 0.56470588
v -0.22606301 0.14385831 0.05429876 0.55294118 0.58431373 0.56470588
v -0.22606301 0.13899422 0.06165349 0.54117647 0.58431373 0.56470588
v -0.21236223 0.14385831 0.05376208 0.55686275 0.58431373 0.58039216
v -0.21236223 0.13989556 0.06165349 0.54901961 0.58431373 0.57647059
v -0.19866145 0.14385831 0.05448610 0.56078431 0.58823529 0.58823529
v -0.19866145 0.14116216 0.06165349 0.56078431 0.58823529 0.58431373
v -0.18496066 0.14385831 0.05683351 0.56862745 0.58823529 0.58039216
v -0.18496066 0.14223337 0.06165349 0.56470588 0.58823529 0.58039216
v -0.17125988 0.14385831 0.05642706 0.58431373 0.59215686 0.57254902
v -0.17125988 0.14251804 0.06165349 0.58039216 0.59215686 0.57254902
v -0.15755904 0.13465142 0.06165349 0.61568627 0.60000000 0.54901961
v -0.15611440 0.14385831 0.06165349 0.60392157 0.60000000 0.55686275
v 0.13015747 0.14385831 0.04885441 0.60392157 0.12549020 0.09411765
v 0.14385831 0.14385831 0.05382419 0.70980392 0.27058824 0.20392157
v 0.15485299 0.14385831 0.06165349 0.65490196 0.45490196 0.38823529
v 0.15755904 0.14313269 0.06165349 0.61960784 0.45490196 0.39215686
v 0.17125988 0.13629079 0.06165349 0.58431373 0.43921569 0.38431373
v 0.18496060 0.14078140 0.06165349 0.52549020 0.48627451 0.47450980
v 0.19866145 0.14137197 0.06165349 0.51764706 0.48235294 0.47450980
v 0.21236217 0.14030826 0.06165349 0.49411765 0.47450980 0.47450980
v 0.22606301 0.14023530 0.06165349 0.47450980 0.47058824 0.48235294
v 0.23976374 0.13948023 0.06165349 0.46666667 0.46666667 0.47450980
v 0.25346458 0.13900769 0.06165349 0.47450980 0.46666667 0.47058824
v 0.26716530 0.13713944 0.06165349 0.49411765 0.47450980 0.47058824
v 0.28086615 0.13489985 0.06165349 0.50980392 0.47843137 0.46666667
v 0.29456687 0.13019991 0.06165349 0.51764706 0.47843137 0.45490196
v -0.43001047 0.15755904 0.06165349 0.59607843 0.60000000 0.56862745
v -0.33566928 0.15755904 0.04980236 0.58823529 0.60392157 0.56470588
v -0.33566928 0.15212619 0.06165349 0.59215686 0.60784314 0.57254902
v -0.34224421 0.15755904 0.06165349 0.59215686 0.60784314 0.57254902
v -0.32196850 0.14732873 0.06165349 0.58039216 0.60392157 0.56862745
v -0.15321302 0.15755904 0.06165349 0.60000000 0.59215686 0.55294118
v 0.03425193 0.15755904 0.05126345 0.26274510 0.02352941 0.02352941
v 0.04654139 0.15755904 0.06165349 0.28235294 0.03137255 0.02352941
v 0.04795271 0.15733671 0.06165349 0.29019608 0.03137255 0.02352941
v 0.06165349 0.15755904 0.05452412 0.34901961 0.03529412 0.02745098
v 0.04962683 0.15755904 0.06165349 0.29411765 0.03137255 0.02352941
v 0.13015747 0.15755904 0.04820555 0.70588235 0.35294118 0.26666667
v 0.14385831 0.15755904 0.05256045 0.58431373 0.47450980 0.42352941
v 0.15250099 0.15755904 0.06165349 0.56078431 0.46274510 0.41568627
v -0.41787404 0.17004669 0.06165349 0.60784314 0.60392157 0.55686275
v -0.41787404 0.17125988 0.04939359 0.60392157 0.60000000 0.55686275
v -0.41737580 0.17125988 0.06165349 0.60784314 0.60392157 0.55686275
v -0.34937006 0.16349614 0.06165349 0.59215686 0.60784314 0.56862745
v -0.36064863 0.17125988 0.06165349 0.60000000 0.60784314 0.55294118
v -0.14385825 0.16697061 0.06165349 0.60000000 0.58431373 0.53725490
v -0.14047879 0.17125988 0.06165349 0.59607843 0.58431373 0.53725490
v -0.08905512 0.17125988 0.05814070 0.67450980 0.54509804 0.40784314
v -0.08704215 0.17125988 0.06165349 0.67450980 0.54117647 0.40784314
v -0.07535434 0.17103541 0.06165349 0.63529412 0.54117647 0.42352941
v -0.06165355 0.17055404 0.06165349 0.63529412 0.52549020 0.41960784
v -0.04795271 0.16951132 0.06165349 0.66274510 0.44705882 0.35686275
v -0.03425193 0.16887963 0.06165349 0.62745098 0.39215686 0.32156863
v -0.02055115 0.16834033 0.06165349 0.62352941 0.40784314 0.32941176
v -0.00685036 0.16764092 0.06165349 0.65098039 0.44705882 0.34901961
v 0.00685036 0.16669929 0.06165349 0.79215686 0.51372549 0.38431373
v 0.02055115 0.17125988 0.06082857 0.34901961 0.05882353 0.05098039
v 0.01983714 0.17125988 0.06165349 0.33725490 0.05490196 0.05098039
v 0.04795271 0.15761757 0.06165349 0.28627451 0.03137255 0.02352941
v 0.14385831 0.17125988 0.05225754 0.45490196 0.33725490 0.30196078
v 0.15304804 0.17125988 0.06165349 0.45098039 0.32941176 0.29019608
v -0.40417325 0.18496060 0.05326277 0.60784314 0.60784314 0.55686275
v -0.40417325 0.18450296 0.06165349 0.61176471 0.61568627 0.56078431
v -0.39047247 0.18496060 0.05115765 0.60784314 0.61176471 0.55686275
v -0.39047247 0.18395722 0.06165349 0.61176471 0.61960784 0.56470588
v -0.37677163 0.18120825 0.06165349 0.60784314 0.61176471 0.55294118
v -0.36307085 0.17353880 0.06165349 0.60000000 0.60784314 0.54901961
v -0.13015747 0.18155408 0.06165349 0.59215686 0.58431373 0.53333333
v -0.11645669 0.17787683 0.06165349 0.59215686 0.57647059 0.51764706
v -0.10275590 0.17599022 0.06165349 0.63529412 0.56078431 0.46274510
v -0.08905512 0.17145848 0.06165349 0.67843137 0.54117647 0.40784314
v -0.00291848 0.18496060 0.06165349 0.63529412 0.44313725 0.35686275
v 0.00685036 0.17506087 0.06165349 0.76078431 0.45098039 0.32941176
v 0.13015747 0.18496060 0.04971063 0.17647059 0.10980392 0.10980392
v 0.14090574 0.18496060 0.06165349 0.40784314 0.30196078 0.27450980
v 0.14385831 0.18050551 0.06165349 0.39215686 0.28235294 0.25098039
v -0.02055115 0.19866145 0.06160051 0.62352941 0.45098039 0.38039216
v -0.02059275 0.19866145 0.06165349 0.62352941 0.45490196 0.38039216
v -0.02055115 0.19862056 0.06165349 0.62352941 0.45098039 0.38039216
v -0.00685036 0.18705595 0.06165349 0.63137255 0.43921569 0.35686275
v 0.11645675 0.19866145 0.05032331 0.56862745 0.09803922 0.07058824
v 0.12597251 0.19866145 0.06165349 0.16078431 0.03529412 0.03529412
v 0.13015747 0.19567597 0.06165349 0.10980392 0.04705882 0.05098039
v -0.04357409 0.21236217 0.06165349 0.69019608 0.49803922 0.38823529
v -0.03425193 0.20322919 0.06165349 0.63137255 0.47058824 0.40000000
v 0.10275584 0.21236217 0.05041307 0.72156863 0.12549020 0.09411765
v 0.11205530 0.21236217 0.06165349 0.72941176 0.15686275 0.12156863
v 0.11645675 0.20816529 0.06165349 0.71372549 0.17254902 0.13333333
v -0.04795271 0.22606301 0.04926825 0.66274510 0.52941176 0.41568627
v -0.05851513 0.22606301 0.06165349 0.61568627 0.55686275 0.47450980
v -0.04795271 0.21563363 0.06165349 0.69019608 0.50980392 0.39215686
v 0.08905506 0.22606301 0.05678433 0.74901961 0.14117647 0.10980392
v 0.09362245 0.22606301 0.06165349 0.74509804 0.14509804 0.11372549
v 0.10275584 0.22166061 0.06165349 0.74509804 0.14509804 0.11372549
v -0.07535434 0.23976374 0.05423135 0.58431373 0.57254902 0.53333333
v -0.08354467 0.23976374 0.06165349 0.57647059 0.57254902 0.54901961
v -0.07535434 0.23242700 0.06165349 0.58039216 0.57254902 0.53333333
v -0.06165355 0.22832859 0.06165349 0.59607843 0.56470588 0.49803922
v -0.06165355 0.23976374 0.04984540 0.60000000 0.56470588 0.50196078
v 0.06165349 0.23976374 0.04868525 0.70980392 0.15294118 0.11764706
v 0.07439369 0.23976374 0.06165349 0.74901961 0.14509804 0.12549020
v 0.07535428 0.23914027 0.06165349 0.74901961 0.14901961 0.12549020
v 0.08905506 0.23061812 0.06165349 0.74901961 0.14901961 0.11764706
v -0.08905512 0.25346458 0.04804450 0.56470588 0.56862745 0.54509804
v -0.10210425 0.25346458 0.06165349 0.57647059 0.58039216 0.57254902
v -0.08905512 0.24035561 0.06165349 0.57254902 0.57254902 0.54901961
v -0.06165355 0.25346458 0.04849648 0.59607843 0.56470588 0.52156863
v 0.04795271 0.25346458 0.05124474 0.70588235 0.24705882 0.23137255
v 0.05733734 0.25346458 0.06165349 0.90980392 0.57647059 0.47450980
v 0.06165349 0.25102830 0.06165349 0.73333333 0.19607843 0.18431373
v -0.08905512 0.26716530 0.04899693 0.57254902 0.58039216 0.56862745
v -0.10201687 0.26716530 0.06165349 0.58039216 0.58823529 0.59215686
v -0.04795271 0.26716530 0.04798925 0.56470588 0.56078431 0.53725490
v 0.02055115 0.26716530 0.04853684 0.58823529 0.48235294 0.43137255
v 0.03425193 0.26716530 0.05516386 0.54901961 0.47058824 0.43529412
v 0.04057890 0.26716530 0.06165349 0.53333333 0.47450980 0.45098039
v 0.04795271 0.26269627 0.06165349 0.56078431 0.49019608 0.45882353
v -0.08905512 0.28086615 0.05639011 0.58431373 0.59607843 0.60000000
v -0.09770936 0.28086615 0.06165349 0.58823529 0.60000000 0.60784314
v -0.07535434 0.28086615 0.04806018 0.59215686 0.60000000 0.59607843
v -0.03425193 0.28086615 0.04851919 0.56078431 0.56470588 0.55686275
v -0.00685036 0.28086615 0.04875487 0.58823529 0.55686275 0.50588235
v 0.00685036 0.28086615 0.05110234 0.57647059 0.53333333 0.50196078
v 0.01941389 0.28086615 0.06165349 0.54117647 0.52156863 0.52156863
v 0.02055115 0.28009844 0.06165349 0.53725490 0.51764706 0.51764706
v 0.03425193 0.27346277 0.06165349 0.52941176 0.49803922 0.48235294
v -0.11645669 0.29456687 0.05800676 0.58431373 0.60000000 0.60784314
v -0.12192810 0.29456687 0.06165349 0.58431373 0.60000000 0.61176471
v -0.11645669 0.29050994 0.06165349 0.58431373 0.60000000 0.61176471
v -0.10275590 0.28391969 0.06165349 0.58823529 0.60392157 0.61176471
v -0.10275590 0.29456687 0.05365866 0.58039216 0.59607843 0.60392157
v -0.08905512 0.29456687 0.05024272 0.58039216 0.59215686 0.60000000
v -0.07535434 0.29456687 0.05195653 0.58431373 0.60000000 0.60392157
v -0.06165355 0.29456687 0.04814875 0.59215686 0.60392157 0.60392157
v -0.03425193 0.29456687 0.05209470 0.57254902 0.58039216 0.57647059
v -0.02055115 0.29456687 0.04925430 0.56862745 0.57254902 0.56470588
v -0.00685036 0.29456687 0.05336815 0.56078431 0.55686275 0.54117647
v 0.00166667 0.29456687 0.06165349 0.55686275 0.54509804 0.53333333
v 0.00685036 0.29123724 0.06165349 0.56078431 0.54509804 0.53333333
v -0.13015747 0.30826771 0.05715531 0.58431373 0.59607843 0.60392157
v -0.13474584 0.30826771 0.06165349 0.58039216 0.59607843 0.60392157
v -0.13015747 0.30175352 0.06165349 0.58431373 0.59607843 0.60784314
v -0.11645669 0.30826771 0.05250132 0.58431373 0.60000000 0.60784314
v -0.10275590 0.30826771 0.05090022 0.57647059 0.58823529 0.60000000
v -0.08905512 0.30826771 0.04927093 0.57254902 0.58823529 0.59607843
v -0.07535434 0.30826771 0.04929096 0.58823529 0.60000000 0.60392157
v -0.06165355 0.30826771 0.05256015 0.59215686 0.60392157 0.60392157
v -0.04795271 0.30826771 0.04821563 0.58823529 0.59607843 0.59607843
v -0.03425193 0.30826771 0.05641085 0.58431373 0.58823529 0.58823529
v -0.02153170 0.30826771 0.06165349 0.58431373 0.58431373 0.58039216
v -0.02055115 0.30818844 0.06165349 0.58431373 0.58431373 0.58039216
v -0.00685036 0.30283320 0.06165349 0.57254902 0.56470588 0.55294118
v -0.13015747 0.32196844 0.06052822 0.58823529 0.60000000 0.60392157
v -0.13140011 0.32196844 0.06165349 0.58823529 0.60000000 0.60392157
v -0.11645669 0.32196844 0.05338299 0.58431373 0.59607843 0.60392157
v -0.10275590 0.32196844 0.05271697 0.57647059 0.59215686 0.60000000
v -0.08905512 0.32196844 0.05162776 0.57647059 0.59215686 0.60000000
v -0.07535434 0.32196844 0.05125326 0.58823529 0.60000000 0.60392157
v -0.06387395 0.32196844 0.06165349 0.59215686 0.60000000 0.59607843
v -0.06165355 0.31899667 0.06165349 0.59215686 0.60000000 0.60000000
v -0.04795271 0.32196844 0.05345374 0.58823529 0.60000000 0.60000000
v -0.05781972 0.32196844 0.06165349 0.58823529 0.60000000 0.59607843
v -0.03972811 0.32196844 0.06165349 0.58431373 0.59215686 0.59215686
v -0.03425193 0.31366324 0.06165349 0.58039216 0.58823529 0.59215686
v -0.13015747 0.32394993 0.06165349 0.58823529 0.60000000 0.60392157
v -0.11645669 0.33566940 0.05781418 0.59215686 0.60784314 0.60784314
v -0.12228513 0.33566940 0.06165349 0.59607843 0.61176471 0.60392157
v -0.10275590 0.33566940 0.05862534 0.58823529 0.60000000 0.60392157
v -0.08905512 0.33566940 0.05842090 0.58823529 0.60000000 0.60392157
v -0.07535434 0.33566940 0.06165135 0.59607843 0.60784314 0.60000000
v -0.07535201 0.33566940 0.06165349 0.59607843 0.60784314 0.60000000
v -0.04795271 0.33013272 0.06165349 0.59215686 0.60000000 0.59607843
v -0.11645669 0.34411454 0.06165349 0.59607843 0.60784314 0.60392157
v -0.10275590 0.34023905 0.06165349 0.59607843 0.60784314 0.60392157
v -0.08905512 0.33929467 0.06165349 0.59607843 0.60784314 0.60392157
v -0.07535434 0.33567154 0.06165349 0.59607843 0.60784314 0.60000000
v 0.06165349 -0.21236223 0.07394421 0.20784314 0.04313725 0.04313725
v 0.05827963 -0.21236223 0.07535428 0.34117647 0.10588235 0.09019608
v 0.06165349 -0.21428841 0.07535428 0.24705882 0.05882353 0.05490196
v 0.07535428 -0.21704727 0.07535428 0.59607843 0.13333333 0.11764706
v 0.07535428 -0.21236223 0.07154298 0.58431373 0.11764706 0.10196078
v 0.08905506 -0.21633869 0.07535428 0.66666667 0.14117647 0.10980392
v 0.08905506 -0.21236223 0.07175082 0.64705882 0.13333333 0.09803922
v 0.09547156 -0.21236223 0.07535428 0.67843137 0.14117647 0.10588235
v 0.03425193 -0.19866145 0.06842083 0.60784314 0.47843137 0.41176471
v 0.02453184 -0.19866145 0.07535428 0.50588235 0.41568627 0.38039216
v 0.03425193 -0.20800328 0.07535428 0.52549020 0.45098039 0.41176471
v 0.04795271 -0.20895147 0.07535428 0.60784314 0.45098039 0.38823529
v 0.04795271 -0.19866145 0.06799269 0.43921569 0.17254902 0.12941176
v 0.06165349 -0.19866145 0.06531352 0.44313725 0.09411765 0.08235294
v 0.07535428 -0.19866145 0.06497550 0.53333333 0.09019608 0.07450980
v 0.08905506 -0.19866145 0.06639546 0.56470588 0.10196078 0.07058824
v 0.10275584 -0.20759022 0.07535428 0.70588235 0.14509804 0.09803922
v 0.10275584 -0.19866145 0.06913698 0.63921569 0.11764706 0.07843137
v 0.11152482 -0.19866145 0.07535428 0.70980392 0.13725490 0.09019608
v -0.42800078 -0.18496066 0.07535428 0.60000000 0.60392157 0.57254902
v -0.41787404 -0.19510853 0.07535428 0.60392157 0.60784314 0.56862745
v -0.40417325 -0.19766003 0.07535428 0.60784314 0.61960784 0.58039216
v -0.39047247 -0.19576097 0.07535428 0.61176471 0.62352941 0.58823529
v -0.37677163 -0.19431794 0.07535428 0.60392157 0.61960784 0.58431373
v -0.36307085 -0.19203848 0.07535428 0.59607843 0.61568627 0.58823529
v -0.34937006 -0.18599355 0.07535428 0.59607843 0.62352941 0.59215686
v -0.33566928 -0.18496066 0.06842840 0.59607843 0.63137255 0.59215686
v -0.34762424 -0.18496066 0.07535428 0.59607843 0.62352941 0.59215686
v -0.32196850 -0.18496066 0.06691307 0.59215686 0.62745098 0.58823529
v -0.14344549 -0.18496066 0.07535428 0.66274510 0.63529412 0.60392157
v -0.13015747 -0.19702238 0.07535428 0.67450980 0.65490196 0.62352941
v -0.11645669 -0.19737327 0.07535428 0.68627451 0.66274510 0.62745098
v -0.10275590 -0.19605738 0.07535428 0.61568627 0.58431373 0.52941176
v -0.08905512 -0.19466317 0.07535428 0.60000000 0.56078431 0.50588235
v -0.07535434 -0.19386387 0.07535428 0.59215686 0.55686275 0.50196078
v -0.06165355 -0.19236898 0.07535428 0.58823529 0.54509804 0.49411765
v -0.04795271 -0.18779886 0.07535428 0.60784314 0.49019608 0.42352941
v -0.04795271 -0.18496066 0.06451070 0.60000000 0.47450980 0.41176471
v -0.03985363 -0.18496066 0.07535428 0.60000000 0.44313725 0.37647059
v 0.03425193 -0.18496066 0.07160419 0.50196078 0.26666667 0.21568627
v 0.03082716 -0.18496066 0.07535428 0.47058824 0.28235294 0.24313725
v 0.04795271 -0.18496066 0.06349587 0.25490196 0.05882353 0.04705882
v 0.06165349 -0.18496066 0.06302124 0.45490196 0.09411765 0.07450980
v 0.07535428 -0.18496066 0.06325734 0.49803922 0.08627451 0.06666667
v 0.08905506 -0.18496066 0.06426054 0.50980392 0.08627451 0.05882353
v 0.10275584 -0.18496066 0.06795102 0.55686275 0.09019608 0.05882353
v 0.11645675 -0.19173586 0.07535428 0.69803922 0.13333333 0.08627451
v 0.11645675 -0.18496066 0.07126057 0.64705882 0.10980392 0.07058824
v 0.12253135 -0.18496066 0.07535428 0.68627451 0.12549020 0.07843137
v -0.43100429 -0.17125988 0.07535428 0.59607843 0.60000000 0.57254902
v -0.33566928 -0.18257362 0.07535428 0.60000000 0.63137255 0.59215686
v -0.32196850 -0.18113875 0.07535428 0.59607843 0.63137255 0.58823529
v -0.30826771 -0.17910057 0.07535428 0.59215686 0.63137255 0.59215686
v -0.29456693 -0.17125988 0.07454741 0.59215686 0.63137255 0.58823529
v -0.29630959 -0.17125988 0.07535428 0.59215686 0.63137255 0.58823529
v -0.26716530 -0.17125988 0.06679100 0.56470588 0.60392157 0.56078431
v -0.25346458 -0.17125988 0.06538653 0.54901961 0.58431373 0.56470588
v -0.23976380 -0.17125988 0.06440490 0.56078431 0.59215686 0.54509804
v -0.22606301 -0.17125988 0.06323004 0.57254902 0.59215686 0.54901961
v -0.15544438 -0.17125988 0.07535428 0.61568627 0.61568627 0.57647059
v -0.14385825 -0.18443853 0.07535428 0.66274510 0.63529412 0.60392157
v -0.03425193 -0.18434995 0.07535428 0.58823529 0.43137255 0.36470588
v -0.02055115 -0.18356353 0.07535428 0.56862745 0.43137255 0.36470588
v -0.00685036 -0.18162471 0.07535428 0.54901961 0.43529412 0.37647059
v 0.00685036 -0.17802560 0.07535428 0.43529412 0.34509804 0.31372549
v 0.01959783 -0.17125988 0.07535428 0.26274510 0.10588235 0.09803922
v 0.03425193 -0.18030411 0.07535428 0.39607843 0.16470588 0.13333333
v 0.04795271 -0.17125988 0.06559968 0.43137255 0.08627451 0.07058824
v 0.04038590 -0.17125988 0.07535428 0.39215686 0.08627451 0.07058824
v 0.10275584 -0.17125988 0.06308049 0.49019608 0.07450980 0.05098039
v 0.11645675 -0.17125988 0.06757319 0.53725490 0.07843137 0.05490196
v 0.13015747 -0.18144423 0.07535428 0.68235294 0.12156863 0.07843137
v 0.13015747 -0.17125988 0.06672150 0.57254902 0.08235294 0.05490196
v 0.14246440 -0.17125988 0.07535428 0.63529412 0.09803922 0.06666667
v -0.43134540 -0.15755904 0.07535428 0.59607843 0.60000000 0.57647059
v -0.29456693 -0.17063630 0.07535428 0.59215686 0.63137255 0.58823529
v -0.28086615 -0.16066033 0.07535428 0.58431373 0.62745098 0.58823529
v -0.26716530 -0.16789538 0.07535428 0.56862745 0.60392157 0.56470588
v -0.25346458 -0.16738361 0.07535428 0.55686275 0.58823529 0.56470588
v -0.23976380 -0.16753745 0.07535428 0.56862745 0.59215686 0.54509804
v -0.22606301 -0.16769046 0.07535428 0.57647059 0.59607843 0.54509804
v -0.21236223 -0.16772264 0.07535428 0.56862745 0.58823529 0.57647059
v -0.19866145 -0.16771013 0.07535428 0.57647059 0.59215686 0.58823529
v -0.18496066 -0.16766620 0.07535428 0.61568627 0.60784314 0.58039216
v -0.17125988 -0.16708350 0.07535428 0.63137255 0.61960784 0.56862745
v -0.16089910 -0.15755904 0.07535428 0.63137255 0.61568627 0.56470588
v -0.15686536 -0.15755904 0.07535428 0.63137255 0.61568627 0.56862745
v 0.02055115 -0.17114359 0.07535428 0.25882353 0.09803922 0.08627451
v 0.03425193 -0.16990614 0.07535428 0.28627451 0.05490196 0.04705882
v 0.13015747 -0.15755904 0.06181997 0.52156863 0.06274510 0.04705882
v 0.14385831 -0.16980064 0.07535428 0.62745098 0.09411765 0.06666667
v 0.14385831 -0.15755904 0.06579763 0.52156863 0.06274510 0.04705882
v 0.15452826 -0.15755904 0.07535428 0.51764706 0.06666667 0.05098039
v 0.17125988 -0.15755904 0.06527066 0.74901961 0.29803922 0.20392157
v 0.15993965 -0.15755904 0.07535428 0.45490196 0.05490196 0.04313725
v 0.17125988 -0.16662526 0.07535428 0.65098039 0.16078431 0.10980392
v 0.18496060 -0.16842675 0.07535428 0.66274510 0.48627451 0.40784314
v 0.19866145 -0.16814739 0.07535428 0.57647059 0.45490196 0.40000000
v 0.21236217 -0.16413730 0.07535428 0.55294118 0.45490196 0.40784314
v 0.22606301 -0.15913665 0.07535428 0.52549020 0.46274510 0.43529412
v 0.22606301 -0.15755904 0.07369483 0.51372549 0.46274510 0.43921569
v 0.23976374 -0.15933007 0.07535428 0.51372549 0.46666667 0.43921569
v 0.23976374 -0.15755904 0.07352316 0.50196078 0.46274510 0.44705882
v 0.25346458 -0.15851617 0.07535428 0.48235294 0.44705882 0.43137255
v 0.25346458 -0.15755904 0.07418537 0.47450980 0.44705882 0.43137255
v 0.25760198 -0.15755904 0.07535428 0.46666667 0.43921569 0.42745098
v -0.43145934 -0.14385825 0.07535428 0.59215686 0.59607843 0.57254902
v -0.15755904 -0.15342265 0.07535428 0.63529412 0.61568627 0.56470588
v 0.15755904 -0.15657562 0.07535428 0.46274510 0.05490196 0.04313725
v 0.26716530 -0.15716290 0.07535428 0.50588235 0.46274510 0.43921569
v 0.28086615 -0.15666783 0.07535428 0.56078431 0.48627451 0.44313725
v 0.29456687 -0.15659148 0.07535428 0.58039216 0.49803922 0.43529412
v 0.30826771 -0.15591294 0.07535428 0.57647059 0.48627451 0.41568627
v 0.32196844 -0.15477008 0.07535428 0.60392157 0.50980392 0.43137255
v 0.32196844 -0.14385825 0.06326914 0.56862745 0.48627451 0.42745098
v 0.33566940 -0.14948016 0.07535428 0.61176471 0.52156863 0.45882353
v 0.33566940 -0.14385825 0.06978786 0.61568627 0.52941176 0.46274510
v 0.34142184 -0.14385825 0.07535428 0.63137255 0.54509804 0.47450980
v -0.43157482 -0.13015747 0.06885147 0.58823529 0.59607843 0.56470588
v -0.43156692 -0.13015747 0.07535428 0.58823529 0.59607843 0.56470588
v 0.34937012 -0.14205736 0.07535428 0.64313725 0.55294118 0.47843137
v 0.34937012 -0.13015747 0.06287730 0.66274510 0.56078431 0.47450980
v 0.36256349 -0.13015747 0.07535428 0.67058824 0.57254902 0.48627451
v -0.43386185 -0.11645669 0.07535428 0.59215686 0.59607843 0.56078431
v -0.43157482 -0.12803066 0.07535428 0.58823529 0.59607843 0.56470588
v 0.36307085 -0.12970698 0.07535428 0.67450980 0.57254902 0.48627451
v 0.36307085 -0.11645669 0.06231719 0.67450980 0.57254902 0.48235294
v 0.37593997 -0.11645669 0.07535428 0.70196078 0.61176471 0.52156863
v -0.43157482 -0.11049145 0.07535428 0.59215686 0.59607843 0.56078431
v -0.43151751 -0.10275590 0.07535428 0.59215686 0.59607843 0.56470588
v 0.37677169 -0.11429417 0.07535428 0.69803922 0.61176471 0.52156863
v 0.39047241 -0.10661596 0.07535428 0.70588235 0.63529412 0.55294118
v 0.39047241 -0.10275590 0.07100481 0.68235294 0.60784314 0.52941176
v 0.39350426 -0.10275590 0.07535428 0.68627451 0.61960784 0.54117647
v -0.43134227 -0.08905512 0.07535428 0.59215686 0.59607843 0.56470588
v 0.40417325 -0.09581101 0.07535428 0.65882353 0.57647059 0.49803922
v 0.40417325 -0.08905512 0.06862193 0.66274510 0.58039216 0.49411765
v 0.41087174 -0.08905512 0.07535428 0.66666667 0.58431373 0.49803922
v -0.43071193 -0.07535434 0.07535428 0.59215686 0.59607843 0.56470588
v 0.41643548 -0.07535434 0.07535428 0.68627451 0.60392157 0.50980392
v -0.41787404 -0.06209475 0.07535428 0.58823529 0.59215686 0.56078431
v -0.41787404 -0.06165355 0.06947923 0.58431373 0.59215686 0.55686275
v -0.41091686 -0.06165355 0.07535428 0.59215686 0.59607843 0.56078431
v -0.39047247 -0.06165355 0.06961209 0.59607843 0.61176471 0.57647059
v -0.39047247 -0.06180876 0.07535428 0.59607843 0.61176471 0.57254902
v -0.39350867 -0.06165355 0.07535428 0.60000000 0.61176471 0.57254902
v -0.37677163 -0.06240660 0.07535428 0.58823529 0.60784314 0.57647059
v -0.36307085 -0.06356066 0.07535428 0.58431373 0.60392157 0.58431373
v -0.34937006 -0.06415570 0.07535428 0.58823529 0.61568627 0.58823529
v -0.33566928 -0.06490463 0.07535428 0.59215686 0.62352941 0.59215686
v -0.32196850 -0.06526572 0.07535428 0.59215686 0.62352941 0.58823529
v -0.30826771 -0.06557316 0.07535428 0.58823529 0.62352941 0.58823529
v -0.29456693 -0.06583625 0.07535428 0.58823529 0.62745098 0.58431373
v -0.28086615 -0.06853229 0.07535428 0.58431373 0.62352941 0.57647059
v -0.26716530 -0.06165355 0.06762576 0.56470588 0.60392157 0.56862745
v -0.26716530 -0.06367958 0.07535428 0.57254902 0.60784314 0.57254902
v -0.25346458 -0.06165355 0.07352930 0.56862745 0.59607843 0.56078431
v -0.25346458 -0.06220263 0.07535428 0.56862745 0.60000000 0.56470588
v -0.25014049 -0.06165355 0.07535428 0.57254902 0.60000000 0.55686275
v 0.41787398 -0.07145506 0.07535428 0.69019608 0.60784314 0.51372549
v 0.41787398 -0.06165355 0.06565481 0.69411765 0.60000000 0.50196078
v 0.42752397 -0.06165355 0.07535428 0.70196078 0.63137255 0.54509804
v -0.40417325 -0.05716759 0.07535428 0.59215686 0.60392157 0.56470588
v -0.23976380 -0.05621082 0.07535428 0.58039216 0.60392157 0.53333333
v -0.22606301 -0.05323046 0.07535428 0.57647059 0.60000000 0.53725490
v -0.21236223 -0.05128706 0.07535428 0.57647059 0.59215686 0.56470588
v -0.19866145 -0.04943901 0.07535428 0.58039216 0.58823529 0.57254902
v -0.18851984 -0.04795271 0.07535428 0.58823529 0.59607843 0.57254902
v 0.43090093 -0.04795271 0.07535428 0.67058824 0.59607843 0.51372549
v -0.18496066 -0.04505152 0.07535428 0.58823529 0.59607843 0.57647059
v -0.17125988 -0.03730547 0.07535428 0.60784314 0.60392157 0.55686275
v -0.17039192 -0.03425193 0.07535428 0.61568627 0.60000000 0.54901961
v 0.43125248 -0.03425193 0.07535428 0.64705882 0.56470588 0.48627451
v -0.17053610 -0.02055115 0.07535428 0.62352941 0.60000000 0.54509804
v 0.43138957 -0.02055115 0.07535428 0.65098039 0.56862745 0.48627451
v -0.17044854 -0.00685036 0.07535428 0.62352941 0.60000000 0.54117647
v 0.43146098 -0.00685036 0.07535428 0.64313725 0.55686275 0.47843137
v -0.17023528 0.00685036 0.07535428 0.61568627 0.60000000 0.54117647
v 0.43139124 0.00685036 0.07535428 0.61960784 0.52941176 0.45490196
v -0.17125988 0.02055115 0.06639510 0.61176471 0.60000000 0.54117647
v -0.17057306 0.02055115 0.07535428 0.61568627 0.60000000 0.54117647
v 0.43116963 0.02055115 0.07535428 0.60784314 0.51764706 0.44705882
v -0.19866145 0.03425193 0.07132238 0.58823529 0.58823529 0.56078431
v -0.19455528 0.03425193 0.07535428 0.59215686 0.59215686 0.56078431
v -0.18496066 0.02538073 0.07535428 0.60000000 0.59607843 0.56078431
v -0.17125988 0.02232248 0.07535428 0.61568627 0.60000000 0.54117647
v 0.43073523 0.03425193 0.07535428 0.60784314 0.51764706 0.44705882
v -0.40417325 0.04795271 0.07146686 0.58823529 0.59607843 0.55686275
v -0.39047247 0.04795271 0.06813407 0.59215686 0.60392157 0.56470588
v -0.37677163 0.04795271 0.06649905 0.58431373 0.59607843 0.56470588
v -0.36307085 0.04795271 0.06331801 0.57647059 0.59607843 0.56862745
v -0.23976380 0.04795271 0.06430066 0.56862745 0.59215686 0.53725490
v -0.22606301 0.04795271 0.06976515 0.57254902 0.59215686 0.52941176
v -0.21236223 0.04795271 0.07312471 0.58823529 0.59215686 0.54901961
v -0.20766872 0.04795271 0.07535428 0.58431373 0.59215686 0.56078431
v -0.19866145 0.04033738 0.07535428 0.58823529 0.59215686 0.56862745
v 0.41787398 0.04795271 0.06344545 0.61960784 0.51764706 0.43529412
v 0.42953753 0.04795271 0.07535428 0.61568627 0.52156863 0.44705882
v -0.41787404 0.06165349 0.07413954 0.58823529 0.58823529 0.55686275
v -0.41476452 0.06165349 0.07535428 0.58823529 0.59215686 0.55686275
v -0.40417325 0.05254316 0.07535428 0.59215686 0.59607843 0.56078431
v -0.39047247 0.05522615 0.07535428 0.59215686 0.60392157 0.56862745
v -0.37677163 0.05732310 0.07535428 0.58823529 0.60000000 0.56862745
v -0.36513257 0.06165349 0.07535428 0.58431373 0.59607843 0.56862745
v -0.36307085 0.06165349 0.07499576 0.58431373 0.59607843 0.56862745
v -0.34937006 0.06165349 0.07317281 0.58431373 0.60784314 0.58039216
v -0.33566928 0.06165349 0.07145584 0.58431373 0.61176471 0.58823529
v -0.32196850 0.06165349 0.07050878 0.58823529 0.61568627 0.57647059
v -0.30826771 0.06165349 0.06965262 0.58039216 0.60784314 0.56470588
v -0.29456693 0.06165349 0.06857741 0.56862745 0.61176471 0.56862745
v -0.26716530 0.06165349 0.07053459 0.56078431 0.59607843 0.56078431
v -0.25346458 0.06165349 0.07185549 0.55686275 0.58823529 0.55686275
v -0.23976380 0.06165349 0.07372910 0.56470588 0.59607843 0.54117647
v -0.22848755 0.06165349 0.07535428 0.56862745 0.59607843 0.53333333
v -0.22606301 0.06023920 0.07535428 0.57254902 0.59607843 0.53333333
v -0.21236223 0.05390507 0.07535428 0.58039216 0.59215686 0.55294118
v 0.41787398 0.06116152 0.07535428 0.61568627 0.51372549 0.43529412
v 0.41756272 0.06165349 0.07535428 0.61568627 0.51372549 0.43529412
v -0.42833194 0.07535428 0.07535428 0.59215686 0.59215686 0.56078431
v -0.41787404 0.06363153 0.07535428 0.58823529 0.58823529 0.55686275
v -0.36307085 0.06207842 0.07535428 0.58431373 0.59607843 0.56862745
v -0.34937006 0.06521428 0.07535428 0.58431373 0.60784314 0.58039216
v -0.33566928 0.06918383 0.07535428 0.58431373 0.61176471 0.58823529
v -0.32196850 0.07433814 0.07535428 0.58823529 0.61568627 0.57647059
v -0.32028675 0.07535428 0.07535428 0.58823529 0.61568627 0.57647059
v -0.30826771 0.07535428 0.07410270 0.58039216 0.61176471 0.56470588
v -0.29456693 0.07535428 0.07335442 0.57647059 0.61176471 0.56862745
v -0.28086615 0.07535428 0.07272810 0.56862745 0.61176471 0.56862745
v -0.26716530 0.07535428 0.07407999 0.56470588 0.60000000 0.56470588
v -0.25352913 0.07535428 0.07535428 0.55686275 0.58823529 0.56078431
v -0.25346458 0.07530391 0.07535428 0.55686275 0.58823529 0.56078431
v -0.23976380 0.06618917 0.07535428 0.56470588 0.60000000 0.54509804
v 0.40417325 0.07535428 0.06473804 0.60784314 0.50196078 0.41960784
v 0.41341245 0.07535428 0.07535428 0.61176471 0.50980392 0.43137255
v -0.43036318 0.08905506 0.07535428 0.58823529 0.59215686 0.56862745
v -0.30826771 0.08108544 0.07535428 0.58431373 0.61176471 0.56862745
v -0.30053562 0.08905506 0.07535428 0.58431373 0.61568627 0.57254902
v -0.29456693 0.08905506 0.07445073 0.58039216 0.61568627 0.57254902
v -0.28086615 0.08905506 0.07356972 0.57647059 0.61176471 0.56862745
v -0.26716530 0.08905506 0.07524252 0.56862745 0.60000000 0.56470588
v -0.26608115 0.08905506 0.07535428 0.56470588 0.59607843 0.56470588
v 0.37677169 0.08905506 0.06291246 0.57254902 0.48627451 0.42745098
v 0.38872325 0.08905506 0.07535428 0.58431373 0.49411765 0.42745098
v 0.39047241 0.08689123 0.07535428 0.58823529 0.49411765 0.42745098
v 0.40417325 0.08471859 0.07535428 0.60392157 0.50588235 0.43137255
v -0.43078166 0.10275584 0.07535428 0.58823529 0.59215686 0.56862745
v -0.29456693 0.10275584 0.07426471 0.57647059 0.61176471 0.56862745
v -0.30078834 0.10275584 0.07535428 0.58039216 0.61176471 0.56862745
v -0.28086615 0.10275584 0.07265496 0.57254902 0.60784314 0.56862745
v -0.26716530 0.10275584 0.07486117 0.56078431 0.59607843 0.56470588
v -0.26255995 0.10275584 0.07535428 0.55686275 0.59215686 0.56470588
v 0.36307085 0.10275584 0.06270641 0.56470588 0.48627451 0.43921569
v 0.37525845 0.10275584 0.07535428 0.57254902 0.49411765 0.43921569
v 0.37677169 0.10044461 0.07535428 0.57254902 0.49019608 0.43921569
v -0.43092060 0.11645675 0.07535428 0.58823529 0.59215686 0.56470588
v -0.30826771 0.11645675 0.07401675 0.58039216 0.60000000 0.55294118
v -0.30826771 0.11108434 0.07535428 0.58039216 0.60392157 0.55686275
v -0.31326586 0.11645675 0.07535428 0.58039216 0.60000000 0.55294118
v -0.29456693 0.11645675 0.07264119 0.56862745 0.60392157 0.56078431
v -0.28086615 0.11645675 0.06634235 0.55686275 0.60392157 0.56862745
v -0.26716530 0.11645675 0.07260394 0.55686275 0.58823529 0.56078431
v -0.25346458 0.10967565 0.07535428 0.54901961 0.58431373 0.56078431
v -0.25346458 0.11645675 0.07355177 0.54509804 0.58431373 0.56078431
v -0.23976380 0.11645675 0.07523978 0.53725490 0.58823529 0.56470588
v -0.23976380 0.11611772 0.07535428 0.54117647 0.58823529 0.56470588
v -0.23874342 0.11645675 0.07535428 0.53725490 0.58823529 0.56470588
v 0.34937012 0.11645675 0.06556660 0.57254902 0.49019608 0.43921569
v 0.36018181 0.11645675 0.07535428 0.57254902 0.49411765 0.44313725
v 0.36307085 0.11512029 0.07535428 0.57647059 0.49411765 0.44705882
v -0.43086904 0.13015747 0.07535428 0.59215686 0.59607843 0.56862745
v -0.32196850 0.13015747 0.07310683 0.58039216 0.60392157 0.56078431
v -0.32196850 0.12500346 0.07535428 0.58039216 0.60392157 0.56078431
v -0.32981110 0.13015747 0.07535428 0.58431373 0.60784314 0.57254902
v -0.30826771 0.13015747 0.06969506 0.57647059 0.59607843 0.54901961
v -0.29456693 0.13015747 0.06617129 0.56470588 0.60000000 0.56078431
v -0.26716530 0.13015747 0.06406844 0.55294118 0.58823529 0.56078431
v -0.25346458 0.13015747 0.06753981 0.54509804 0.57647059 0.56078431
v -0.23976380 0.13015747 0.06905210 0.53333333 0.58431373 0.56470588
v -0.22606301 0.12105554 0.07535428 0.53333333 0.58823529 0.56862745
v -0.22606301 0.13015747 0.07037050 0.53333333 0.58431373 0.56470588
v -0.21236223 0.13015747 0.07197171 0.54901961 0.58431373 0.57647059
v -0.21236223 0.12449360 0.07535428 0.54901961 0.58431373 0.57647059
v -0.19866145 0.13015747 0.07404506 0.55686275 0.58431373 0.58039216
v -0.19866145 0.12816924 0.07535428 0.56078431 0.58823529 0.58039216
v -0.18996739 0.13015747 0.07535428 0.56078431 0.58823529 0.58431373
v -0.15755904 0.13015747 0.07298404 0.61568627 0.60000000 0.54901961
v -0.15755904 0.12981391 0.07535428 0.61568627 0.60000000 0.54901961
v -0.15957969 0.13015747 0.07535428 0.61176471 0.60000000 0.55686275
v -0.15749896 0.13015747 0.07535428 0.61568627 0.60000000 0.54901961
v 0.30826771 0.13015747 0.06700742 0.51372549 0.47450980 0.44705882
v 0.32196844 0.13015747 0.07457781 0.53333333 0.47450980 0.44313725
v 0.32280326 0.13015747 0.07535428 0.53333333 0.47450980 0.44313725
v 0.33566940 0.12827754 0.07535428 0.56078431 0.48627451 0.44705882
v 0.34937012 0.12585557 0.07535428 0.57254902 0.49411765 0.44705882
v -0.43037429 0.14385831 0.07535428 0.59607843 0.59607843 0.57254902
v -0.33566928 0.14385831 0.07016939 0.58823529 0.61176471 0.57647059
v -0.33566928 0.13546491 0.07535428 0.58431373 0.60784314 0.57647059
v -0.33966047 0.14385831 0.07535428 0.59215686 0.61176471 0.57647059
v -0.32196850 0.14385831 0.06510109 0.58039216 0.60392157 0.56470588
v -0.18496066 0.13211012 0.07535428 0.56470588 0.58823529 0.58431373
v -0.17125988 0.13510764 0.07535428 0.57647059 0.59215686 0.57647059
v -0.15641212 0.14385831 0.07535428 0.60392157 0.60000000 0.56078431
v 0.15755904 0.14385831 0.06403732 0.61960784 0.48627451 0.42745098
v 0.16651738 0.14385831 0.07535428 0.54509804 0.48627451 0.45098039
v 0.17125988 0.14165628 0.07535428 0.54509804 0.48235294 0.44705882
v 0.18496060 0.14206910 0.07535428 0.52156863 0.48627451 0.47450980
v 0.19866145 0.14222908 0.07535428 0.50980392 0.47843137 0.47058824
v 0.21236217 0.13909185 0.07535428 0.50196078 0.47450980 0.47058824
v 0.22606301 0.14122796 0.07535428 0.47058824 0.46666667 0.48235294
v 0.23976374 0.14130819 0.07535428 0.46274510 0.46274510 0.47450980
v 0.25346458 0.14036751 0.07535428 0.47058824 0.46666667 0.47058824
v 0.26716530 0.13936651 0.07535428 0.49411765 0.47450980 0.47058824
v 0.28086615 0.13885832 0.07535428 0.51372549 0.48235294 0.46274510
v 0.29456687 0.13871837 0.07535428 0.51764706 0.47450980 0.44705882
v 0.30826771 0.13633335 0.07535428 0.51372549 0.46274510 0.43529412
v 0.32196844 0.13090849 0.07535428 0.53333333 0.47450980 0.44313725
v -0.42505619 0.15755904 0.07535428 0.60000000 0.60000000 0.56862745
v -0.34937006 0.15755904 0.06989539 0.59215686 0.60784314 0.57254902
v -0.34937006 0.15424979 0.07535428 0.59215686 0.60784314 0.57254902
v -0.35199982 0.15755904 0.07535428 0.59215686 0.60784314 0.56862745
v -0.15362740 0.15755904 0.07535428 0.60000000 0.59607843 0.55686275
v 0.04795271 0.15755904 0.06356853 0.29411765 0.03137255 0.02745098
v 0.15755904 0.15188229 0.07535428 0.54117647 0.47843137 0.45098039
v 0.15679431 0.15755904 0.07535428 0.55686275 0.45490196 0.41176471
v -0.41787404 0.16483784 0.07535428 0.60784314 0.60392157 0.56078431
v -0.41503003 0.17125988 0.07535428 0.61176471 0.60784314 0.55686275
v -0.36307085 0.17125988 0.06621188 0.60000000 0.60784314 0.54901961
v -0.36307085 0.16895723 0.07535428 0.60000000 0.60784314 0.55294118
v -0.36682296 0.17125988 0.07535428 0.60392157 0.60784314 0.54901961
v -0.14385825 0.16735816 0.07535428 0.60000000 0.58431373 0.54117647
v -0.13217521 0.17125988 0.07535428 0.60000000 0.58823529 0.53725490
v -0.11645669 0.17125988 0.07215446 0.60392157 0.58039216 0.51372549
v -0.11645669 0.17066026 0.07535428 0.60392157 0.58039216 0.51372549
v -0.12500137 0.17125988 0.07535428 0.59607843 0.59215686 0.53725490
v -0.10275590 0.17125988 0.07126886 0.65490196 0.56078431 0.45098039
v -0.10275590 0.17068136 0.07535428 0.65490196 0.56078431 0.45098039
v -0.08905512 0.17125988 0.06221354 0.67843137 0.54117647 0.40784314
v -0.08905512 0.17011392 0.07535428 0.68235294 0.54509804 0.41176471
v -0.07535434 0.16970730 0.07535428 0.64313725 0.54117647 0.42745098
v -0.06165355 0.16921270 0.07535428 0.63529412 0.52549020 0.42352941
v -0.04795271 0.16838133 0.07535428 0.66274510 0.45098039 0.36078431
v -0.03425193 0.16787696 0.07535428 0.63137255 0.40392157 0.33333333
v -0.02055115 0.16765189 0.07535428 0.63137255 0.42745098 0.34509804
v -0.00685036 0.16734779 0.07535428 0.65882353 0.46274510 0.36862745
v 0.00685036 0.16691601 0.07535428 0.81960784 0.54509804 0.40784314
v 0.02055115 0.17125988 0.06364471 0.35294118 0.05490196 0.05098039
v 0.02055115 0.16919374 0.07535428 0.39215686 0.05882353 0.05490196
v 0.02125454 0.17125988 0.07535428 0.39607843 0.05882353 0.05098039
v 0.15624273 0.17125988 0.07535428 0.51372549 0.38039216 0.33333333
v -0.40417325 0.18212712 0.07535428 0.61960784 0.61960784 0.56470588
v -0.39047247 0.18065715 0.07535428 0.61568627 0.61960784 0.56862745
v -0.37677163 0.17832136 0.07535428 0.61176471 0.61568627 0.55294118
v -0.13015747 0.17326725 0.07535428 0.59607843 0.58823529 0.53725490
v -0.00047904 0.18496060 0.07535428 0.65098039 0.46666667 0.38039216
v 0.00685036 0.17753887 0.07535428 0.76470588 0.49411765 0.37254902
v 0.02055115 0.17168343 0.07535428 0.37647059 0.05490196 0.04705882
v 0.14385831 0.18369520 0.07535428 0.49803922 0.38039216 0.33725490
v 0.14181125 0.18496060 0.07535428 0.46666667 0.35294118 0.31764706
v -0.02055115 0.19866145 0.06176710 0.62352941 0.45098039 0.38039216
v -0.01903486 0.19866145 0.07535428 0.62745098 0.45490196 0.38039216
v -0.00685036 0.18846905 0.07535428 0.63529412 0.45490196 0.37647059
v 0.13015747 0.19655681 0.07535428 0.20000000 0.08627451 0.09019608
v 0.12708908 0.19866145 0.07535428 0.27058824 0.07843137 0.07450980
v -0.04245740 0.21236217 0.07535428 0.67450980 0.50588235 0.40392157
v -0.03425193 0.20434058 0.07535428 0.63137255 0.48235294 0.41176471
v -0.02055115 0.19933486 0.07535428 0.62745098 0.45490196 0.38431373
v 0.11645675 0.20927501 0.07535428 0.75686275 0.22352941 0.17647059
v 0.11311537 0.21236217 0.07535428 0.75294118 0.20000000 0.16078431
v -0.06006509 0.22606301 0.07535428 0.58823529 0.56078431 0.50588235
v -0.04795271 0.21476448 0.07535428 0.66666667 0.51764706 0.41568627
v 0.10275584 0.22270298 0.07535428 0.75686275 0.16862745 0.14117647
v 0.09697819 0.22606301 0.07535428 0.75294118 0.15294118 0.13333333
v -0.08905512 0.23976374 0.06914693 0.57647059 0.57647059 0.56078431
v -0.09441519 0.23976374 0.07535428 0.57254902 0.57647059 0.56470588
v -0.08905512 0.23440576 0.07535428 0.57254902 0.57647059 0.56078431
v -0.07535434 0.22754955 0.07535428 0.58431373 0.57647059 0.54117647
v -0.06165355 0.22657311 0.07535428 0.58823529 0.56470588 0.51372549
v 0.07535428 0.23976374 0.06937736 0.74901961 0.14901961 0.13725490
v 0.07813245 0.23976374 0.07535428 0.75686275 0.16862745 0.15686275
v 0.08905506 0.23395193 0.07535428 0.75294118 0.15686275 0.14509804
v -0.10267764 0.25346458 0.07535428 0.57647059 0.58823529 0.58823529
v 0.06165349 0.25236547 0.07535428 0.72549020 0.62352941 0.54117647
v 0.05981272 0.25346458 0.07535428 0.62352941 0.54509804 0.49411765
v 0.07535428 0.24254501 0.07535428 0.77254902 0.20784314 0.18823529
v -0.10275590 0.26716530 0.06426531 0.58039216 0.59215686 0.59607843
v -0.11241978 0.26716530 0.07535428 0.58431373 0.59607843 0.60392157
v -0.10275590 0.25489390 0.07535428 0.57647059 0.58823529 0.58823529
v 0.04795271 0.26490855 0.07535428 0.50588235 0.49411765 0.49803922
v 0.04448396 0.26716530 0.07535428 0.50980392 0.49803922 0.50196078
v -0.11645669 0.28086615 0.07487833 0.58431373 0.60392157 0.61176471
v -0.11696029 0.28086615 0.07535428 0.58431373 0.60392157 0.61176471
v -0.11645669 0.28043985 0.07535428 0.58431373 0.60000000 0.61176471
v -0.10275590 0.28086615 0.06291229 0.58823529 0.60000000 0.60784314
v 0.02055115 0.28086615 0.06399804 0.53725490 0.52156863 0.52156863
v 0.02828968 0.28086615 0.07535428 0.52941176 0.52549020 0.53333333
v 0.03425193 0.27731252 0.07535428 0.51764706 0.51372549 0.52156863
v -0.13015747 0.29456687 0.06484377 0.58431373 0.60000000 0.61176471
v -0.14089745 0.29456687 0.07535428 0.58823529 0.60392157 0.61176471
v -0.13015747 0.28513336 0.07535428 0.58823529 0.60784314 0.61568627
v 0.00685036 0.29441464 0.07535428 0.54901961 0.54509804 0.54509804
v 0.00666952 0.29456687 0.07535428 0.54901961 0.54509804 0.54509804
v 0.02055115 0.28854251 0.07535428 0.54509804 0.54117647 0.54509804
v -0.14385825 0.30826771 0.06355309 0.58039216 0.59607843 0.60392157
v -0.15583318 0.30826771 0.07535428 0.59215686 0.60392157 0.61176471
v -0.14385825 0.29559600 0.07535428 0.58823529 0.60392157 0.61176471
v -0.02055115 0.30826771 0.06176114 0.58431373 0.58431373 0.58039216
v -0.00867426 0.30826771 0.07535428 0.58039216 0.58039216 0.57647059
v -0.00685036 0.30699742 0.07535428 0.57647059 0.57647059 0.57254902
v -0.15755904 0.32196844 0.07092094 0.59215686 0.60784314 0.60784314
v -0.16199398 0.32196844 0.07535428 0.60000000 0.61176471 0.61176471
v -0.15755904 0.31710613 0.07535428 0.59215686 0.60392157 0.61176471
v -0.14385825 0.32196844 0.06308806 0.58431373 0.60000000 0.60392157
v -0.06165355 0.32196844 0.06433189 0.58823529 0.59607843 0.59607843
v -0.03425193 0.32196844 0.06840426 0.58431373 0.59215686 0.58823529
v -0.02754092 0.32196844 0.07535428 0.58431373 0.59215686 0.58431373
v -0.02055115 0.31998193 0.07535428 0.58431373 0.59215686 0.58431373
v -0.15755904 0.33566940 0.06630480 0.60392157 0.61568627 0.60784314
v -0.16659451 0.33566940 0.07535428 0.61176471 0.61960784 0.60784314
v -0.14385825 0.33566940 0.06410515 0.60000000 0.61176471 0.60784314
v -0.13015747 0.33566940 0.06265020 0.60000000 0.61176471 0.60392157
v -0.06165355 0.33469737 0.07535428 0.60392157 0.61176471 0.60000000
v -0.06204909 0.33566940 0.07535428 0.60392157 0.61176471 0.60000000
v -0.04795271 0.33526099 0.07535428 0.60000000 0.60392157 0.59607843
v -0.03425193 0.32881725 0.07535428 0.58823529 0.59607843 0.59215686
v -0.17125988 0.34937012 0.07084012 0.60784314 0.61568627 0.60000000
v -0.17565078 0.34937012 0.07535428 0.61176471 0.61960784 0.60000000
v -0.17125988 0.34494424 0.07535428 0.61176471 0.61960784 0.60392157
v -0.15755904 0.34937012 0.06330401 0.60000000 0.61176471 0.60392157
v -0.14385825 0.34937012 0.06303942 0.60000000 0.61176471 0.60392157
v -0.13015747 0.34937012 0.06270730 0.60000000 0.60784314 0.60000000
v -0.11645669 0.34937012 0.06224859 0.59607843 0.60784314 0.60000000
v -0.10275590 0.34937012 0.06343549 0.59215686 0.60392157 0.60000000
v -0.08905512 0.34937012 0.06654239 0.59607843 0.60392157 0.60000000
v -0.07692105 0.34937012 0.07535428 0.60392157 0.60784314 0.59607843
v -0.07535434 0.34890699 0.07535428 0.60392157 0.61176471 0.59607843
v -0.17125988 0.36307085 0.06326616 0.60392157 0.61176471 0.59215686
v -0.18329871 0.36307085 0.07535428 0.61176471 0.61960784 0.59607843
v -0.15755904 0.36307085 0.06316966 0.59215686 0.60392157 0.59607843
v -0.14385825 0.36307085 0.06341797 0.58823529 0.60392157 0.60000000
v -0.13015747 0.36307085 0.06400090 0.59215686 0.60392157 0.59215686
v -0.11645669 0.36307085 0.06545001 0.59215686 0.60000000 0.58823529
v -0.10275590 0.36307085 0.07135880 0.58431373 0.59607843 0.59215686
v -0.09824491 0.36307085 0.07535428 0.58431373 0.59607843 0.59215686
v -0.08905512 0.35839629 0.07535428 0.58823529 0.60000000 0.59607843
v -0.17125988 0.37677169 0.07386237 0.61176471 0.61568627 0.59215686
v -0.17270476 0.37677169 0.07535428 0.61568627 0.61960784 0.59215686
v -0.15755904 0.37677169 0.06734431 0.60000000 0.60784314 0.59607843
v -0.14385825 0.37677169 0.06965292 0.60000000 0.60784314 0.60000000
v -0.13153464 0.37677169 0.07535428 0.60392157 0.61176471 0.59607843
v -0.13015747 0.37642860 0.07535428 0.60392157 0.61176471 0.59215686
v -0.11645669 0.37292027 0.07535428 0.59607843 0.60784314 0.58823529
v -0.10275590 0.36701238 0.07535428 0.58431373 0.59607843 0.59215686
v -0.17125988 0.37824464 0.07535428 0.61176471 0.61960784 0.59215686
v -0.15755904 0.38478422 0.07535428 0.60784314 0.61568627 0.60000000
v -0.14385825 0.38244176 0.07535428 0.60392157 0.61568627 0.60392157
v -0.02055115 -0.26716530 0.08641529 0.61568627 0.60392157 0.58039216
v -0.02894676 -0.26716530 0.08905506 0.61568627 0.60392157 0.58039216
v -0.02055115 -0.26991165 0.08905506 0.61960784 0.61176471 0.58431373
v -0.00685036 -0.27125865 0.08905506 0.61176471 0.60000000 0.57647059
v -0.00685036 -0.26716530 0.08508033 0.60784314 0.59215686 0.56470588
v 0.00685036 -0.27207410 0.08905506 0.59607843 0.58431373 0.56078431
v 0.00685036 -0.26716530 0.08448052 0.59607843 0.56862745 0.54117647
v 0.02055115 -0.27042741 0.08905506 0.58431373 0.56862745 0.54117647
v 0.02055115 -0.26716530 0.08584362 0.58823529 0.56078431 0.52941176
v 0.02511489 -0.26716530 0.08905506 0.58431373 0.55686275 0.52941176
v -0.03425193 -0.25346458 0.08563930 0.61176471 0.58823529 0.55294118
v -0.03889686 -0.25346458 0.08905506 0.61176471 0.58823529 0.55686275
v -0.03425193 -0.26285529 0.08905506 0.61568627 0.60000000 0.57254902
v -0.02055115 -0.25346458 0.08194095 0.60784314 0.58431373 0.54901961
v -0.00685036 -0.25346458 0.08039814 0.60392157 0.57254902 0.53333333
v 0.00685036 -0.25346458 0.07941681 0.60392157 0.54901961 0.50588235
v 0.02055115 -0.25346458 0.07927483 0.60392157 0.53333333 0.49019608
v 0.03425193 -0.26409811 0.08905506 0.58039216 0.54901961 0.51764706
v 0.03425193 -0.25346458 0.07970119 0.58431373 0.52549020 0.47843137
v 0.04795271 -0.26017785 0.08905506 0.56078431 0.51764706 0.48235294
v 0.04795271 -0.25346458 0.08235204 0.56862745 0.49803922 0.45490196
v 0.05609155 -0.25346458 0.08905506 0.54509804 0.46666667 0.43529412
v -0.03425193 -0.24798793 0.08905506 0.61176471 0.58823529 0.54901961
v -0.02055115 -0.23976380 0.08386523 0.62745098 0.58039216 0.52156863
v -0.02807832 -0.23976380 0.08905506 0.61960784 0.58431373 0.53333333
v -0.00685036 -0.23976380 0.08066261 0.63137255 0.56862745 0.50196078
v 0.00685036 -0.23976380 0.07880503 0.63137255 0.54509804 0.46666667
v 0.02055115 -0.23976380 0.07799166 0.62352941 0.52156863 0.44705882
v 0.03425193 -0.23976380 0.07777578 0.60000000 0.50196078 0.43529412
v 0.04795271 -0.23976380 0.07816440 0.55294118 0.45490196 0.40784314
v 0.06165349 -0.25040984 0.08905506 0.52549020 0.43921569 0.40392157
v 0.06165349 -0.23976380 0.07944459 0.49803922 0.42352941 0.38823529
v 0.07535428 -0.24656695 0.08905506 0.52941176 0.47450980 0.43921569
v 0.07535428 -0.23976380 0.08224201 0.40784314 0.20000000 0.19215686
v 0.08255225 -0.23976380 0.08905506 0.49411765 0.16078431 0.15294118
v -0.02055115 -0.22606301 0.08811474 0.63921569 0.56078431 0.48627451
v -0.02158350 -0.22606301 0.08905506 0.63921569 0.56078431 0.48627451
v -0.00685036 -0.22606301 0.08032960 0.64313725 0.54117647 0.45882353
v 0.00685036 -0.22606301 0.07810235 0.61176471 0.50588235 0.42745098
v 0.02055115 -0.22606301 0.07731438 0.58039216 0.47843137 0.41176471
v 0.03425193 -0.22606301 0.07682657 0.55686275 0.44705882 0.39215686
v 0.04795271 -0.22606301 0.07670045 0.51372549 0.41568627 0.37254902
v 0.06165349 -0.22606301 0.07709384 0.44313725 0.31764706 0.29019608
v 0.07535428 -0.22606301 0.07749903 0.58039216 0.15294118 0.13725490
v 0.08905506 -0.23625064 0.08905506 0.67843137 0.18431373 0.17254902
v 0.08905506 -0.22606301 0.07879663 0.69411765 0.15294118 0.13333333
v 0.10243982 -0.22606301 0.08905506 0.76078431 0.16470588 0.13725490
v -0.02055115 -0.22508734 0.08905506 0.63921569 0.55686275 0.48235294
v -0.00685036 -0.21572489 0.08905506 0.61176471 0.48627451 0.40392157
v 0.00685036 -0.21236223 0.07939512 0.55294118 0.41960784 0.35294118
v -0.00409859 -0.21236223 0.08905506 0.60000000 0.46274510 0.38431373
v 0.02055115 -0.21236223 0.07608855 0.50196078 0.38823529 0.33725490
v 0.03425193 -0.21236223 0.07662672 0.50588235 0.42352941 0.38431373
v 0.04795271 -0.21236223 0.07616991 0.55686275 0.45490196 0.40392157
v 0.10275584 -0.22585422 0.08905506 0.76078431 0.16470588 0.13725490
v 0.10275584 -0.21236223 0.07662344 0.72156863 0.15294118 0.10980392
v 0.11645675 -0.21523070 0.08905506 0.79215686 0.18431373 0.12941176
v 0.11645675 -0.21236223 0.08616889 0.78431373 0.18039216 0.12549020
v 0.11932719 -0.21236223 0.08905506 0.79215686 0.18823529 0.12549020
v 0.00685036 -0.20112711 0.08905506 0.54117647 0.40784314 0.35294118
v 0.02055115 -0.19866145 0.07664156 0.47843137 0.38823529 0.36078431
v 0.00834489 -0.19866145 0.08905506 0.53725490 0.41568627 0.36078431
v 0.11645675 -0.19866145 0.07724530 0.72941176 0.14509804 0.09803922
v 0.13015747 -0.20044750 0.08905506 0.78823529 0.17647059 0.12156863
v 0.13015747 -0.19866145 0.08724838 0.78039216 0.17254902 0.11764706
v 0.13194025 -0.19866145 0.08905506 0.78431373 0.17647059 0.12156863
v -0.41787404 -0.18496066 0.08813030 0.60392157 0.60784314 0.57647059
v -0.41717952 -0.18496066 0.08905506 0.60392157 0.60784314 0.57647059
v -0.40417325 -0.19584042 0.08905506 0.61568627 0.61960784 0.57647059
v -0.39047247 -0.19363230 0.08905506 0.61568627 0.62352941 0.58039216
v -0.37677163 -0.19194168 0.08905506 0.60784314 0.61960784 0.58823529
v -0.36307085 -0.18615896 0.08905506 0.60000000 0.61960784 0.59607843
v -0.34937006 -0.18496066 0.07648051 0.59607843 0.62352941 0.59215686
v -0.36175621 -0.18496066 0.08905506 0.60000000 0.61960784 0.59607843
v -0.14242893 -0.18496066 0.08905506 0.65098039 0.63921569 0.61176471
v -0.13015747 -0.19594079 0.08905506 0.68627451 0.66274510 0.63137255
v -0.11645669 -0.19602895 0.08905506 0.69803922 0.67058824 0.63137255
v -0.10275590 -0.19427294 0.08905506 0.61176471 0.58039216 0.52941176
v -0.08905512 -0.19230103 0.08905506 0.60392157 0.56862745 0.51372549
v -0.07535434 -0.19184977 0.08905506 0.60392157 0.56470588 0.50980392
v -0.06165355 -0.19054866 0.08905506 0.60000000 0.54901961 0.49803922
v -0.04795271 -0.18661654 0.08905506 0.61176471 0.50196078 0.43529412
v -0.04279774 -0.18496066 0.08905506 0.60784314 0.47843137 0.40784314
v 0.02055115 -0.18720365 0.08905506 0.49803922 0.40000000 0.36470588
v 0.02358133 -0.18496066 0.08905506 0.49019608 0.37254902 0.33725490
v 0.13015747 -0.18496066 0.07723302 0.70980392 0.13333333 0.08235294
v 0.14385831 -0.18511486 0.08905506 0.76078431 0.16078431 0.10588235
v 0.14385831 -0.18496066 0.08889961 0.76078431 0.16078431 0.10196078
v 0.14401257 -0.18496066 0.08905506 0.76078431 0.16078431 0.10588235
v -0.43052509 -0.17125988 0.08905506 0.60000000 0.60392157 0.57647059
v -0.41787404 -0.18472821 0.08905506 0.60392157 0.60784314 0.57647059
v -0.34937006 -0.17997843 0.08905506 0.60392157 0.62352941 0.58823529
v -0.33566928 -0.17384142 0.08905506 0.60784314 0.63137255 0.58823529
v -0.32196850 -0.17125988 0.08663267 0.60000000 0.63137255 0.59215686
v -0.33094478 -0.17125988 0.08905506 0.60784314 0.63137255 0.59215686
v -0.30826771 -0.17125988 0.08346468 0.59607843 0.63529412 0.59607843
v -0.15528142 -0.17125988 0.08905506 0.62352941 0.62745098 0.58823529
v -0.14385825 -0.18378627 0.08905506 0.64705882 0.63529412 0.60784314
v -0.03425193 -0.18417102 0.08905506 0.60392157 0.45098039 0.38039216
v -0.02055115 -0.18339604 0.08905506 0.59607843 0.43921569 0.36470588
v -0.00685036 -0.18199378 0.08905506 0.58039216 0.44705882 0.38431373
v 0.00685036 -0.17827642 0.08905506 0.51764706 0.42352941 0.38039216
v 0.02055115 -0.17211360 0.08905506 0.39215686 0.20000000 0.17254902
v 0.02055115 -0.17125988 0.08322519 0.32549020 0.13725490 0.12156863
v 0.02221709 -0.17125988 0.08905506 0.37254902 0.15686275 0.13333333
v 0.03425193 -0.17290360 0.08905506 0.31372549 0.07843137 0.06666667
v 0.03587627 -0.17125988 0.08905506 0.32549020 0.07058824 0.06274510
v 0.14385831 -0.17125988 0.07599336 0.63921569 0.09803922 0.06666667
v 0.15456808 -0.17125988 0.08905506 0.69803922 0.13333333 0.09411765
v -0.43122658 -0.15755904 0.08905506 0.60000000 0.60392157 0.57647059
v -0.32196850 -0.16885000 0.08905506 0.60392157 0.63529412 0.59607843
v -0.30826771 -0.16400743 0.08905506 0.60000000 0.63529412 0.60392157
v -0.29456693 -0.15755904 0.08724529 0.60000000 0.63529412 0.59607843
v -0.30047846 -0.15755904 0.08905506 0.60392157 0.63529412 0.60392157
v -0.28086615 -0.15755904 0.07822782 0.58431373 0.62745098 0.58823529
v -0.26716530 -0.15755904 0.08579445 0.57254902 0.60784314 0.57254902
v -0.25346458 -0.15755904 0.08543462 0.55294118 0.58823529 0.56862745
v -0.23976380 -0.15755904 0.08582413 0.57254902 0.59607843 0.55686275
v -0.22606301 -0.15755904 0.08650249 0.58039216 0.59607843 0.55294118
v -0.21236223 -0.15755904 0.08709377 0.57254902 0.58823529 0.58039216
v -0.19866145 -0.15755904 0.08786374 0.57254902 0.59215686 0.59215686
v -0.18496066 -0.15755904 0.08863950 0.60784314 0.60784314 0.59215686
v -0.17125988 -0.15755904 0.08803898 0.63529412 0.62352941 0.57254902
v -0.15708572 -0.15755904 0.08905506 0.62745098 0.61176471 0.56862745
v 0.03425193 -0.17045766 0.08905506 0.32156863 0.07058824 0.05882353
v 0.15755904 -0.16474009 0.08905506 0.63137255 0.10196078 0.07843137
v 0.15755904 -0.15755904 0.07912028 0.50588235 0.06274510 0.05098039
v 0.17125988 -0.16949296 0.08905506 0.62745098 0.12941176 0.09803922
v 0.18496060 -0.16935664 0.08905506 0.70588235 0.44313725 0.35686275
v 0.19866145 -0.16859531 0.08905506 0.60000000 0.46666667 0.40000000
v 0.21236217 -0.15755904 0.08749688 0.54117647 0.46666667 0.43137255
v 0.21197748 -0.15755904 0.08905506 0.54509804 0.46666667 0.43137255
v 0.22606301 -0.15755904 0.08064115 0.51764706 0.46666667 0.44313725
v 0.22859919 -0.15755904 0.08905506 0.52156863 0.47058824 0.45098039
v 0.23976374 -0.16404581 0.08905506 0.55686275 0.47450980 0.42745098
v 0.25346458 -0.16232705 0.08905506 0.53333333 0.46274510 0.42352941
v 0.26716530 -0.16181755 0.08905506 0.55294118 0.47450980 0.42745098
v 0.26716530 -0.15755904 0.07917160 0.51372549 0.46274510 0.43529412
v 0.28086615 -0.16327053 0.08905506 0.59215686 0.49411765 0.43529412
v 0.28086615 -0.15755904 0.08000517 0.56470588 0.49019608 0.44313725
v 0.29456687 -0.16417164 0.08905506 0.62352941 0.51372549 0.42745098
v 0.29456687 -0.15755904 0.08000726 0.58431373 0.49803922 0.43137255
v 0.30826771 -0.16011989 0.08905506 0.60784314 0.50196078 0.41568627
v 0.30826771 -0.15755904 0.08604515 0.58823529 0.49019608 0.41176471
v 0.31152797 -0.15755904 0.08905506 0.59215686 0.48627451 0.40392157
v -0.43130666 -0.14385825 0.08905506 0.59607843 0.60000000 0.57647059
v -0.29456693 -0.15409595 0.08905506 0.60000000 0.63529412 0.60000000
v -0.28134286 -0.14385825 0.08905506 0.59607843 0.63137255 0.58823529
v -0.28086615 -0.14385825 0.08894378 0.59607843 0.63137255 0.58431373
v -0.28045827 -0.14385825 0.08905506 0.59607843 0.63137255 0.58431373
v -0.26716530 -0.15347993 0.08905506 0.57254902 0.60784314 0.57647059
v -0.25346458 -0.15340632 0.08905506 0.55294118 0.59215686 0.57254902
v -0.23976380 -0.15425831 0.08905506 0.57254902 0.59607843 0.56078431
v -0.22606301 -0.15519112 0.08905506 0.58431373 0.59607843 0.55686275
v -0.21236223 -0.15562320 0.08905506 0.56862745 0.58823529 0.58039216
v -0.19866145 -0.15642834 0.08905506 0.57254902 0.59215686 0.59215686
v -0.18496066 -0.15723830 0.08905506 0.60392157 0.60784314 0.59607843
v -0.17125988 -0.15700811 0.08905506 0.63529412 0.62352941 0.57647059
v -0.15755904 -0.15550649 0.08905506 0.62745098 0.61176471 0.56470588
v 0.21236217 -0.15687174 0.08905506 0.54117647 0.46666667 0.43137255
v 0.22606301 -0.15720302 0.08905506 0.52156863 0.47058824 0.44705882
v 0.32196844 -0.15685779 0.08905506 0.62745098 0.51764706 0.43137255
v 0.33566940 -0.15627474 0.08905506 0.67058824 0.57647059 0.49803922
v 0.34937012 -0.15161920 0.08905506 0.65098039 0.56078431 0.48627451
v 0.34937012 -0.14385825 0.08116394 0.63921569 0.54901961 0.47843137
v 0.35722482 -0.14385825 0.08905506 0.64313725 0.55294118 0.47450980
v -0.43136671 -0.13015747 0.08905506 0.59215686 0.59607843 0.56862745
v -0.28086615 -0.14361382 0.08905506 0.59607843 0.63137255 0.58431373
v 0.36307085 -0.14283562 0.08905506 0.65098039 0.55686275 0.47450980
v 0.36307085 -0.13015747 0.07562667 0.67058824 0.57254902 0.48627451
v 0.37584198 -0.13015747 0.08905506 0.70588235 0.61960784 0.52549020
v -0.43157482 -0.11645669 0.07808119 0.59215686 0.59607843 0.56470588
v -0.43136385 -0.11645669 0.08905506 0.59215686 0.59607843 0.56470588
v 0.37677169 -0.12807894 0.08905506 0.70980392 0.62352941 0.53333333
v 0.37677169 -0.11645669 0.07653940 0.70588235 0.61568627 0.52549020
v 0.38898408 -0.11645669 0.08905506 0.73725490 0.66274510 0.58039216
v -0.43131512 -0.10275590 0.08905506 0.59607843 0.59607843 0.56862745
v 0.39047241 -0.10761487 0.08905506 0.70980392 0.63921569 0.56470588
v 0.39516258 -0.10275590 0.08905506 0.69019608 0.61960784 0.54901961
v -0.43114683 -0.08905512 0.08905506 0.59607843 0.59607843 0.56862745
v -0.28086615 -0.08905512 0.08893013 0.60000000 0.63137255 0.57647059
v -0.28086615 -0.08943331 0.08905506 0.60000000 0.63137255 0.57647059
v -0.28265572 -0.08905512 0.08905506 0.60392157 0.63137255 0.57647059
v -0.28031564 -0.08905512 0.08905506 0.60000000 0.62745098 0.57647059
v 0.40417325 -0.09758073 0.08905506 0.65882353 0.58431373 0.50980392
v 0.41106319 -0.08905512 0.08905506 0.65490196 0.57254902 0.49411765
v -0.42881188 -0.07535434 0.08905506 0.59215686 0.59607843 0.56862745
v -0.33566928 -0.07535434 0.08898807 0.60000000 0.62352941 0.59215686
v -0.33566928 -0.07541287 0.08905506 0.60000000 0.62352941 0.59215686
v -0.33597088 -0.07535434 0.08905506 0.60000000 0.62352941 0.59215686
v -0.32196850 -0.07535434 0.08767301 0.59607843 0.62352941 0.59215686
v -0.32196850 -0.07656354 0.08905506 0.59607843 0.62745098 0.59607843
v -0.30826771 -0.07535434 0.08614606 0.59607843 0.63137255 0.59607843
v -0.30826771 -0.07828826 0.08905506 0.59607843 0.63137255 0.60000000
v -0.29456693 -0.07535434 0.08487350 0.60000000 0.63529412 0.59215686
v -0.29456693 -0.08355910 0.08905506 0.60392157 0.63921569 0.59215686
v -0.28086615 -0.07535434 0.08212793 0.59607843 0.62745098 0.57647059
v -0.26716530 -0.07820672 0.08905506 0.58431373 0.61568627 0.58039216
v -0.26716530 -0.07535434 0.08727777 0.58431373 0.61568627 0.58039216
v -0.25665611 -0.07535434 0.08905506 0.56470588 0.60392157 0.58039216
v 0.41787398 -0.08226824 0.08905506 0.66274510 0.58431373 0.50196078
v 0.41787398 -0.07535434 0.08189398 0.67843137 0.59607843 0.50980392
v 0.42486525 -0.07535434 0.08905506 0.68627451 0.61960784 0.53725490
v -0.41787404 -0.06437886 0.08905506 0.59215686 0.59607843 0.56862745
v -0.40417325 -0.06165355 0.08191150 0.59607843 0.60392157 0.56470588
v -0.40417325 -0.06238818 0.08905506 0.59607843 0.60392157 0.56862745
v -0.39047247 -0.06300485 0.08905506 0.60000000 0.61176471 0.57254902
v -0.37677163 -0.06448013 0.08905506 0.59215686 0.60784314 0.58431373
v -0.36307085 -0.06729895 0.08905506 0.58823529 0.60784314 0.59215686
v -0.34937006 -0.07050365 0.08905506 0.59607843 0.61960784 0.59215686
v -0.25346458 -0.07317466 0.08905506 0.57254902 0.60392157 0.57647059
v -0.23976380 -0.06165355 0.08117127 0.59607843 0.60392157 0.53333333
v -0.23976380 -0.06798708 0.08905506 0.61176471 0.60784314 0.53725490
v -0.22606301 -0.06165355 0.08587474 0.61176471 0.60392157 0.52941176
v -0.22606301 -0.06428534 0.08905506 0.61960784 0.60392157 0.52941176
v -0.21733093 -0.06165355 0.08905506 0.59607843 0.60000000 0.55686275
v 0.43040872 -0.06165355 0.08905506 0.69411765 0.63921569 0.56862745
v -0.21236223 -0.05870610 0.08905506 0.58823529 0.59607843 0.56862745
v -0.19866145 -0.05332118 0.08905506 0.58039216 0.59215686 0.58039216
v -0.18496066 -0.04795271 0.07845467 0.59215686 0.60000000 0.57647059
v -0.18496066 -0.05015224 0.08905506 0.59607843 0.60000000 0.58039216
v -0.17644238 -0.04795271 0.08905506 0.60000000 0.60392157 0.57647059
v 0.43144751 -0.04795271 0.08905506 0.65490196 0.59215686 0.51764706
v -0.17125988 -0.04303020 0.08905506 0.60392157 0.60392157 0.56470588
v -0.17045778 -0.03425193 0.08905506 0.61176471 0.60392157 0.55686275
v 0.43157482 -0.04695439 0.08905506 0.65490196 0.58823529 0.51372549
v 0.43157482 -0.03425193 0.07779610 0.64705882 0.56470588 0.48627451
v 0.44250917 -0.03425193 0.08905506 0.65490196 0.60392157 0.54901961
v -0.17043167 -0.02055115 0.08905506 0.61176471 0.60000000 0.56078431
v 0.43157482 -0.02055115 0.07626808 0.65098039 0.57254902 0.49019608
v 0.44361138 -0.02055115 0.08905506 0.66274510 0.61568627 0.56078431
v -0.17032886 -0.00685036 0.08905506 0.61176471 0.60000000 0.55686275
v 0.43157482 -0.00685036 0.07586354 0.64313725 0.55686275 0.47843137
v 0.44381082 -0.00685036 0.08905506 0.64705882 0.60000000 0.54509804
v -0.17012709 0.00685036 0.08905506 0.61568627 0.60392157 0.54901961
v 0.43157482 0.00685036 0.07630980 0.61568627 0.52941176 0.45490196
v 0.44359887 0.00685036 0.08905506 0.61176471 0.55294118 0.50196078
v -0.17030841 0.02055115 0.08905506 0.61568627 0.60392157 0.54901961
v 0.43157482 0.02055115 0.07844120 0.60392157 0.51764706 0.44705882
v 0.44198108 0.02055115 0.08905506 0.59607843 0.53333333 0.48235294
v -0.18496066 0.03425193 0.08437622 0.60392157 0.60000000 0.56470588
v -0.17291605 0.03425193 0.08905506 0.61176471 0.60000000 0.55686275
v -0.17125988 0.03264588 0.08905506 0.61568627 0.60000000 0.55294118
v 0.43157482 0.03227603 0.08905506 0.60000000 0.52156863 0.45490196
v 0.43121564 0.03425193 0.08905506 0.60000000 0.52156863 0.45490196
v -0.19866145 0.04795271 0.08224553 0.58431373 0.59215686 0.56862745
v -0.18496066 0.04795271 0.08804023 0.60000000 0.60000000 0.56862745
v -0.18364006 0.04795271 0.08905506 0.60000000 0.60000000 0.56862745
v 0.43042326 0.04795271 0.08905506 0.60000000 0.52156863 0.45490196
v -0.40417325 0.06165349 0.08455789 0.59607843 0.60000000 0.56862745
v -0.39047247 0.06165349 0.08175683 0.59215686 0.60392157 0.57254902
v -0.37677163 0.06165349 0.07966936 0.58823529 0.60000000 0.57254902
v -0.22606301 0.06165349 0.07663256 0.57254902 0.59607843 0.53725490
v -0.21236223 0.06165349 0.08088487 0.57647059 0.58823529 0.55686275
v -0.19866145 0.06165349 0.08490038 0.57647059 0.58823529 0.57254902
v -0.18498170 0.06165349 0.08905506 0.58431373 0.59607843 0.57254902
v -0.18496066 0.06160796 0.08905506 0.58431373 0.59607843 0.57254902
v 0.41787398 0.06165349 0.07615930 0.61568627 0.51372549 0.43529412
v 0.42846060 0.06165349 0.08905506 0.60392157 0.51764706 0.45098039
v -0.41787404 0.07535428 0.08592039 0.59215686 0.59215686 0.56470588
v -0.40992233 0.07535428 0.08905506 0.59607843 0.59607843 0.56862745
v -0.40417325 0.06942135 0.08905506 0.59607843 0.60000000 0.57254902
v -0.39047247 0.07190764 0.08905506 0.59607843 0.60392157 0.57647059
v -0.37677163 0.07343811 0.08905506 0.59215686 0.60000000 0.57647059
v -0.36307085 0.07535428 0.08634090 0.58823529 0.60000000 0.58039216
v -0.37395558 0.07535428 0.08905506 0.58823529 0.60000000 0.58039216
v -0.34937006 0.07535428 0.08301574 0.58823529 0.60784314 0.58431373
v -0.33566928 0.07535428 0.08047527 0.58823529 0.61176471 0.58823529
v -0.32196850 0.07535428 0.07629412 0.59215686 0.61568627 0.58039216
v -0.25346458 0.07535428 0.07540119 0.55686275 0.58823529 0.56078431
v -0.23976380 0.07535428 0.08208823 0.57254902 0.59607843 0.54509804
v -0.22606301 0.07535428 0.08364952 0.58431373 0.59607843 0.53725490
v -0.21236223 0.07535428 0.08442360 0.57254902 0.58823529 0.56078431
v -0.19866145 0.07535428 0.08680922 0.57254902 0.58823529 0.57254902
v -0.19062066 0.07535428 0.08905506 0.57647059 0.59215686 0.57647059
v 0.41787398 0.07259101 0.08905506 0.59215686 0.50196078 0.43529412
v 0.41101670 0.07535428 0.08905506 0.59215686 0.50196078 0.43921569
v -0.41787404 0.08905506 0.08905292 0.58823529 0.59215686 0.57254902
v -0.41786626 0.08905506 0.08905506 0.58823529 0.59215686 0.57254902
v -0.36307085 0.08055234 0.08905506 0.58823529 0.60000000 0.58039216
v -0.35443562 0.08905506 0.08905506 0.59215686 0.60392157 0.58039216
v -0.34937006 0.08905506 0.08697784 0.59215686 0.60784314 0.58039216
v -0.33566928 0.08905506 0.08498466 0.59607843 0.61568627 0.58431373
v -0.32196850 0.08905506 0.08392173 0.59215686 0.61568627 0.58431373
v -0.30826771 0.08905506 0.08114141 0.58823529 0.61568627 0.57647059
v -0.25346458 0.08905506 0.08163679 0.56078431 0.59215686 0.56862745
v -0.23976380 0.08905506 0.08420444 0.57647059 0.59607843 0.54509804
v -0.22606301 0.08905506 0.08524781 0.59215686 0.59215686 0.53333333
v -0.21236223 0.08905506 0.08568597 0.57254902 0.58823529 0.56078431
v -0.19866145 0.08905506 0.08768153 0.57254902 0.59215686 0.57647059
v -0.19313669 0.08905506 0.08905506 0.57647059 0.59215686 0.57647059
v 0.39047241 0.08905506 0.08392423 0.58823529 0.49803922 0.43921569
v 0.39416838 0.08905506 0.08905506 0.59215686 0.50980392 0.45098039
v 0.40417325 0.08254981 0.08905506 0.59215686 0.50196078 0.44313725
v -0.42691752 0.10275584 0.08905506 0.59215686 0.59215686 0.57254902
v -0.41787404 0.08906668 0.08905506 0.58823529 0.59215686 0.57254902
v -0.34937006 0.10275584 0.08885843 0.59215686 0.60784314 0.58039216
v -0.34965700 0.10275584 0.08905506 0.59215686 0.60784314 0.58039216
v -0.33566928 0.10275584 0.08596653 0.59607843 0.61176471 0.58039216
v -0.32196850 0.10275584 0.08459377 0.59215686 0.61568627 0.58039216
v -0.30826771 0.10275584 0.08118540 0.58431373 0.61176471 0.57254902
v -0.25346458 0.10275584 0.08031124 0.55686275 0.59215686 0.56862745
v -0.23976380 0.10275584 0.08319765 0.56862745 0.59607843 0.54901961
v -0.22606301 0.10275584 0.08441478 0.58039216 0.59215686 0.54117647
v -0.21236223 0.10275584 0.08518732 0.56862745 0.58823529 0.56862745
v -0.19866145 0.10275584 0.08719105 0.57254902 0.59215686 0.58039216
v -0.18681914 0.10275584 0.08905506 0.58431373 0.59607843 0.57647059
v 0.37677169 0.10275584 0.07700437 0.57647059 0.49411765 0.43921569
v 0.38823950 0.10275584 0.08905506 0.59607843 0.52156863 0.46666667
v 0.39047241 0.09224617 0.08905506 0.58823529 0.50196078 0.44705882
v -0.42851588 0.11645675 0.08905506 0.59215686 0.59607843 0.56862745
v -0.34937006 0.10523844 0.08905506 0.59215686 0.60392157 0.57647059
v -0.34596139 0.11645675 0.08905506 0.58431373 0.60000000 0.57647059
v -0.33566928 0.11645675 0.08426070 0.58431373 0.60784314 0.57647059
v -0.32196850 0.11645675 0.08159602 0.58431373 0.60784314 0.56862745
v -0.22606301 0.11645675 0.07941526 0.54509804 0.58823529 0.56078431
v -0.21236223 0.11645675 0.08189523 0.55686275 0.58823529 0.57647059
v -0.19866145 0.11645675 0.08436626 0.56470588 0.59215686 0.58431373
v -0.18496066 0.10426104 0.08905506 0.58431373 0.59607843 0.57647059
v -0.18496066 0.11645675 0.08613557 0.56862745 0.59607843 0.58823529
v -0.17277491 0.11645675 0.08905506 0.58431373 0.60000000 0.58431373
v 0.36307085 0.11645675 0.07771802 0.57254902 0.49411765 0.44705882
v 0.37326539 0.11645675 0.08905506 0.58431373 0.50588235 0.45490196
v 0.37677169 0.11420548 0.08905506 0.58823529 0.51372549 0.46274510
v -0.42719358 0.13015747 0.08905506 0.59607843 0.59607843 0.57254902
v -0.34937006 0.13015747 0.08875775 0.58431373 0.60000000 0.57254902
v -0.34937006 0.12772000 0.08905506 0.58431373 0.60000000 0.57254902
v -0.34958160 0.13015747 0.08905506 0.58431373 0.60000000 0.57254902
v -0.33566928 0.13015747 0.07910579 0.58431373 0.60392157 0.57647059
v -0.18496066 0.13015747 0.07730079 0.56470588 0.58823529 0.58431373
v -0.17125988 0.11756986 0.08905506 0.58823529 0.60000000 0.58039216
v -0.17125988 0.13015747 0.08044004 0.58039216 0.59607843 0.57647059
v -0.15755904 0.12972420 0.08905506 0.61568627 0.60392157 0.55686275
v -0.15747029 0.13015747 0.08905506 0.61568627 0.60392157 0.55686275
v 0.33566940 0.13015747 0.08753592 0.55686275 0.48235294 0.45098039
v 0.33707190 0.13015747 0.08905506 0.55686275 0.48235294 0.45098039
v 0.34937012 0.12866563 0.08905506 0.56470588 0.49019608 0.45098039
v 0.36307085 0.12657034 0.08905506 0.57254902 0.49411765 0.44705882
v -0.41787404 0.14291644 0.08905506 0.59607843 0.60000000 0.57254902
v -0.41787404 0.14385831 0.08885074 0.59607843 0.60000000 0.57647059
v -0.41761827 0.14385831 0.08905506 0.59607843 0.60000000 0.57647059
v -0.34937006 0.14385831 0.08434612 0.59215686 0.60392157 0.57254902
v -0.35417110 0.14385831 0.08905506 0.59215686 0.60000000 0.57254902
v -0.15598971 0.14385831 0.08905506 0.60000000 0.60000000 0.56470588
v 0.17125988 0.14385831 0.08707398 0.52549020 0.47450980 0.45098039
v 0.17426026 0.14385831 0.08905506 0.51764706 0.47058824 0.45490196
v 0.18496060 0.14258921 0.08905506 0.51372549 0.47843137 0.47058824
v 0.19866145 0.14211774 0.08905506 0.50196078 0.46666667 0.46274510
v 0.21236217 0.13765013 0.08905506 0.50196078 0.46666667 0.46274510
v 0.22606301 0.14126909 0.08905506 0.45490196 0.45882353 0.47450980
v 0.23976374 0.14163041 0.08905506 0.44705882 0.45098039 0.46666667
v 0.25346458 0.14064312 0.08905506 0.46274510 0.45882353 0.46274510
v 0.26716530 0.14042723 0.08905506 0.49019608 0.47058824 0.46274510
v 0.28086615 0.14089322 0.08905506 0.51764706 0.47843137 0.45490196
v 0.29456687 0.14167321 0.08905506 0.51764706 0.46666667 0.43529412
v 0.30826771 0.14101243 0.08905506 0.51764706 0.45490196 0.41568627
v 0.32196844 0.13935280 0.08905506 0.52941176 0.46274510 0.43137255
v 0.33566940 0.13153207 0.08905506 0.55294118 0.48235294 0.45098039
v -0.41787404 0.15755904 0.08260667 0.60392157 0.60392157 0.56862745
v -0.41423893 0.15755904 0.08905506 0.60784314 0.60392157 0.56862745
v -0.36307085 0.15755904 0.08863980 0.59607843 0.60392157 0.57254902
v -0.36307085 0.15699220 0.08905506 0.59607843 0.60392157 0.57254902
v -0.36366624 0.15755904 0.08905506 0.59607843 0.60392157 0.57254902
v -0.14782709 0.15755904 0.08905506 0.59215686 0.59215686 0.55686275
v 0.04795271 0.15755904 0.08679926 0.50980392 0.07058824 0.05490196
v 0.04795271 0.15731251 0.08905506 0.51764706 0.07058824 0.05882353
v 0.04433870 0.15755904 0.08905506 0.51372549 0.07058824 0.05882353
v 0.04959273 0.15755904 0.08905506 0.52156863 0.07058824 0.05490196
v 0.15755904 0.15280664 0.08905506 0.54509804 0.47058824 0.43921569
v 0.15658092 0.15755904 0.08905506 0.56862745 0.45490196 0.40784314
v 0.17125988 0.14529514 0.08905506 0.51764706 0.47450980 0.45882353
v -0.40417325 0.17125988 0.08629054 0.61568627 0.61568627 0.56470588
v -0.40417325 0.16773939 0.08905506 0.61568627 0.61176471 0.56470588
v -0.39047247 0.17125988 0.08558065 0.61568627 0.61568627 0.56470588
v -0.39047247 0.16699445 0.08905506 0.61568627 0.61568627 0.56470588
v -0.37677163 0.17125988 0.08341897 0.60784314 0.61176471 0.55686275
v -0.37677163 0.16643202 0.08905506 0.60784314 0.60784314 0.56078431
v -0.14385825 0.16153026 0.08905506 0.59607843 0.58823529 0.54509804
v -0.13015747 0.17125988 0.07742876 0.60000000 0.58823529 0.53725490
v -0.13015747 0.16864753 0.08905506 0.60392157 0.59215686 0.53725490
v -0.11645669 0.16745126 0.08905506 0.61568627 0.58431373 0.50980392
v -0.10275590 0.16727638 0.08905506 0.65098039 0.56470588 0.45882353
v -0.08905512 0.16640782 0.08905506 0.67843137 0.54509804 0.41568627
v -0.07535434 0.16610932 0.08905506 0.64705882 0.53725490 0.43529412
v -0.06165355 0.16589749 0.08905506 0.63529412 0.52156863 0.43529412
v -0.04795271 0.16536081 0.08905506 0.65882353 0.45882353 0.36470588
v -0.03425193 0.16502178 0.08905506 0.63137255 0.43137255 0.35294118
v -0.02055115 0.16512930 0.08905506 0.63921569 0.44705882 0.36470588
v -0.00685036 0.16491294 0.08905506 0.67843137 0.47843137 0.38431373
v 0.00685036 0.16423249 0.08905506 0.85882353 0.58431373 0.42745098
v 0.02055115 0.16410923 0.08905506 0.46666667 0.08235294 0.07058824
v 0.02711707 0.17125988 0.08905506 0.50588235 0.07058824 0.06666667
v 0.04795271 0.15782785 0.08905506 0.52156863 0.07058824 0.05882353
v 0.15211654 0.17125988 0.08905506 0.57254902 0.43137255 0.36862745
v 0.00685036 0.18496060 0.08343637 0.73333333 0.51764706 0.41568627
v 0.01160681 0.18496060 0.08905506 0.82745098 0.59215686 0.45490196
v 0.02055115 0.17629218 0.08905506 0.37647059 0.04705882 0.04313725
v 0.14385831 0.17950690 0.08905506 0.52549020 0.39607843 0.34901961
v 0.13200784 0.18496060 0.08905506 0.26666667 0.10980392 0.10588235
v -0.00895244 0.19866145 0.08905506 0.62745098 0.45882353 0.38431373
v -0.00685036 0.19666374 0.08905506 0.62745098 0.46274510 0.39215686
v 0.00685036 0.18822348 0.08905506 0.70196078 0.52156863 0.43137255
v 0.11645675 0.19866145 0.08894640 0.72941176 0.20392157 0.15686275
v 0.11645675 0.19861889 0.08905506 0.72941176 0.20392157 0.15686275
v 0.11639577 0.19866145 0.08905506 0.72941176 0.20392157 0.15686275
v 0.13015747 0.18679655 0.08905506 0.26666667 0.09411765 0.09019608
v -0.03425193 0.21236217 0.08822453 0.65490196 0.50980392 0.41568627
v -0.03366899 0.21236217 0.08905506 0.65098039 0.50980392 0.41568627
v -0.02055115 0.20302355 0.08905506 0.62745098 0.46666667 0.40000000
v 0.10275584 0.21236217 0.08846825 0.75686275 0.16862745 0.14117647
v 0.10275584 0.21205986 0.08905506 0.75686275 0.16862745 0.14509804
v 0.10238081 0.21236217 0.08905506 0.76078431 0.16862745 0.14509804
v -0.05625671 0.22606301 0.08905506 0.57647059 0.56078431 0.52156863
v -0.04795271 0.21836460 0.08905506 0.62745098 0.53725490 0.46274510
v -0.03425193 0.21266544 0.08905506 0.65098039 0.50980392 0.41568627
v 0.08905506 0.22606301 0.08515984 0.76078431 0.16078431 0.14901961
v 0.08905506 0.22469056 0.08905506 0.76862745 0.17254902 0.16078431
v 0.08742189 0.22606301 0.08905506 0.76862745 0.17647059 0.16862745
v -0.09467387 0.23976374 0.08905506 0.57254902 0.58039216 0.57647059
v -0.08905512 0.23414326 0.08905506 0.57254902 0.58039216 0.57254902
v -0.07535434 0.22741055 0.08905506 0.58431373 0.58823529 0.56470588
v -0.06165355 0.22690570 0.08905506 0.57647059 0.57254902 0.54117647
v 0.07535428 0.23976374 0.07853818 0.76470588 0.19607843 0.17647059
v 0.07535428 0.23737788 0.08905506 0.94509804 0.76862745 0.63529412
v 0.07239664 0.23976374 0.08905506 0.92941176 0.81960784 0.70196078
v -0.10270405 0.25346458 0.08905506 0.57254902 0.58823529 0.59215686
v 0.06165349 0.25013101 0.08905506 0.50196078 0.48627451 0.48235294
v 0.05794448 0.25346458 0.08905506 0.49019608 0.49019608 0.50196078
v -0.11380190 0.26716530 0.08905506 0.58431373 0.60000000 0.60392157
v -0.10275590 0.25395107 0.08905506 0.57254902 0.58431373 0.59215686
v 0.04795271 0.26339996 0.08905506 0.50196078 0.50196078 0.51372549
v 0.04339343 0.26716530 0.08905506 0.50196078 0.50588235 0.52156863
v -0.12721694 0.28086615 0.08905506 0.59215686 0.60784314 0.61960784
v -0.11645669 0.27234066 0.08905506 0.58431373 0.60000000 0.60784314
v 0.03425193 0.27627897 0.08905506 0.52156863 0.52549020 0.53725490
v 0.02521861 0.28086615 0.08905506 0.53725490 0.54117647 0.54901961
v -0.14385825 0.29456687 0.07720792 0.59215686 0.60392157 0.61176471
v -0.15428311 0.29456687 0.08905506 0.59607843 0.61176471 0.61960784
v -0.14385825 0.28412795 0.08905506 0.59607843 0.61176471 0.61960784
v -0.13015747 0.28154469 0.08905506 0.59215686 0.60784314 0.61960784
v 0.00685036 0.29424989 0.08905506 0.55294118 0.55686275 0.55686275
v 0.00656551 0.29456687 0.08905506 0.55294118 0.55686275 0.55686275
v 0.02055115 0.28553438 0.08905506 0.54117647 0.54509804 0.55294118
v -0.15755904 0.30826771 0.07806844 0.59215686 0.60784314 0.61176471
v -0.16820574 0.30826771 0.08905506 0.61176471 0.61960784 0.61960784
v -0.15755904 0.29756069 0.08905506 0.60000000 0.61568627 0.61960784
v -0.00685036 0.30736160 0.08905506 0.58431373 0.58823529 0.58431373
v -0.00849354 0.30826771 0.08905506 0.58431373 0.59215686 0.58431373
v -0.17039704 0.32196844 0.08905506 0.61176471 0.62352941 0.61568627
v -0.02055115 0.32009327 0.08905506 0.58431373 0.59215686 0.58823529
v -0.02335554 0.32196844 0.08905506 0.58431373 0.59215686 0.58823529
v -0.17125988 0.33566940 0.08787078 0.61568627 0.62745098 0.61176471
v -0.17242843 0.33566940 0.08905506 0.61960784 0.62745098 0.61176471
v -0.17125988 0.33447242 0.08905506 0.61960784 0.62745098 0.61176471
v -0.06165355 0.33566940 0.08504575 0.60784314 0.61568627 0.60392157
v -0.04795271 0.33566940 0.08895135 0.60000000 0.61176471 0.60000000
v -0.04786634 0.33566940 0.08905506 0.60000000 0.61176471 0.60000000
v -0.03425193 0.33294046 0.08905506 0.59607843 0.60784314 0.60000000
v -0.18441176 0.34937012 0.08905506 0.61960784 0.62745098 0.60784314
v -0.07535434 0.34937012 0.07819510 0.60392157 0.61176471 0.59607843
v -0.06936342 0.34937012 0.08905506 0.61176471 0.61960784 0.60000000
v -0.06165355 0.33658290 0.08905506 0.60784314 0.61568627 0.60392157
v -0.04795271 0.33575547 0.08905506 0.60000000 0.61176471 0.60000000
v -0.18468755 0.36307085 0.08905506 0.61176471 0.62352941 0.60000000
v -0.08905512 0.36206961 0.08905506 0.58823529 0.60000000 0.59607843
v -0.09164578 0.36307085 0.08905506 0.58431373 0.60000000 0.59607843
v -0.07535434 0.35530460 0.08905506 0.60392157 0.61176471 0.59607843
v -0.18423212 0.37677169 0.08905506 0.62352941 0.62745098 0.60392157
v -0.13015747 0.37677169 0.07606554 0.60392157 0.61176471 0.59607843
v -0.11767507 0.37677169 0.08905506 0.60784314 0.61568627 0.59607843
v -0.11645669 0.37646413 0.08905506 0.60784314 0.61568627 0.59607843
v -0.10275590 0.37151682 0.08905506 0.58823529 0.60392157 0.59607843
v -0.17125988 0.38976049 0.08905506 0.63137255 0.63137255 0.60392157
v -0.15755904 0.38939619 0.08905506 0.61960784 0.62352941 0.60784314
v -0.14385825 0.38819218 0.08905506 0.61176471 0.62352941 0.60784314
v -0.13015747 0.38481259 0.08905506 0.61568627 0.62352941 0.60392157
v -0.06165355 -0.29456693 0.09835267 0.61176471 0.62745098 0.63137255
v -0.06727117 -0.29456693 0.10275584 0.63529412 0.64705882 0.64705882
v -0.06165355 -0.30177611 0.10275584 0.62352941 0.63529412 0.63921569
v -0.05630219 -0.29456693 0.10275584 0.61176471 0.62352941 0.62745098
v -0.03425193 -0.29456693 0.09504312 0.58823529 0.60000000 0.60392157
v -0.04296595 -0.29456693 0.10275584 0.59215686 0.60784314 0.60784314
v -0.03425193 -0.30504614 0.10275584 0.59607843 0.61176471 0.61176471
v -0.02055115 -0.29906994 0.10275584 0.61176471 0.61960784 0.61568627
v -0.02055115 -0.29456693 0.09837765 0.60784314 0.61568627 0.61176471
v -0.01307166 -0.29456693 0.10275584 0.62352941 0.62745098 0.61568627
v -0.07535434 -0.28086615 0.10086924 0.61960784 0.63137255 0.62745098
v -0.07731718 -0.28086615 0.10275584 0.61960784 0.63137255 0.62745098
v -0.07535434 -0.28346920 0.10275584 0.62352941 0.63529412 0.63529412
v -0.06165355 -0.28086615 0.09714782 0.61568627 0.62745098 0.62745098
v -0.04795271 -0.28990221 0.10275584 0.60000000 0.61568627 0.61568627
v -0.04795271 -0.28086615 0.09465677 0.59607843 0.60784314 0.60392157
v -0.03425193 -0.28086615 0.09227586 0.59607843 0.60392157 0.59607843
v -0.02055115 -0.28086615 0.09313977 0.61176471 0.61176471 0.60000000
v -0.00685036 -0.29230189 0.10275584 0.61568627 0.61960784 0.61176471
v -0.00685036 -0.28086615 0.09353220 0.61176471 0.61176471 0.60000000
v 0.00685036 -0.29060555 0.10275584 0.60000000 0.61176471 0.61568627
v 0.00685036 -0.28086615 0.09312266 0.59215686 0.60000000 0.59215686
v 0.02055115 -0.28794080 0.10275584 0.59607843 0.61176471 0.61176471
v 0.02055115 -0.28086615 0.09561205 0.57647059 0.58823529 0.59215686
v 0.02828145 -0.28086615 0.10275584 0.59215686 0.60000000 0.60000000
v -0.07535434 -0.27814275 0.10275584 0.61960784 0.63137255 0.62745098
v -0.06165355 -0.26961631 0.10275584 0.62352941 0.63137255 0.62745098
v -0.04795271 -0.26716530 0.09173477 0.61176471 0.61176471 0.59215686
v -0.06107694 -0.26716530 0.10275584 0.61960784 0.63137255 0.62745098
v -0.03425193 -0.26716530 0.08946192 0.61176471 0.60392157 0.58039216
v 0.03425193 -0.27794772 0.10275584 0.58431373 0.59215686 0.58431373
v 0.03425193 -0.26716530 0.09135044 0.58039216 0.55686275 0.52941176
v 0.04795271 -0.26922262 0.10275584 0.56862745 0.55686275 0.54117647
v 0.04795271 -0.26716530 0.10068887 0.57254902 0.55294118 0.52941176
v 0.05004418 -0.26716530 0.10275584 0.56862745 0.54901961 0.53333333
v -0.04795271 -0.25346458 0.09124494 0.61176471 0.60000000 0.57254902
v -0.06019539 -0.25346458 0.10275584 0.61176471 0.61960784 0.61176471
v 0.06165349 -0.26228803 0.10275584 0.52156863 0.49803922 0.49411765
v 0.06165349 -0.25346458 0.09274071 0.52941176 0.44705882 0.41960784
v 0.07206810 -0.25346458 0.10275584 0.50980392 0.44705882 0.43529412
v -0.04795271 -0.23976380 0.10124356 0.61960784 0.60000000 0.56470588
v -0.04948008 -0.23976380 0.10275584 0.61960784 0.60392157 0.57254902
v -0.03425193 -0.23976380 0.09118295 0.61568627 0.58431373 0.53725490
v 0.07535428 -0.25204414 0.10275584 0.50588235 0.44705882 0.43529412
v 0.08905506 -0.24630493 0.10275584 0.62352941 0.56862745 0.51764706
v 0.08905506 -0.23976380 0.09581584 0.60392157 0.21176471 0.20000000
v 0.09563988 -0.23976380 0.10275584 0.79607843 0.43137255 0.36862745
v -0.04795271 -0.23812187 0.10275584 0.61960784 0.60000000 0.56470588
v -0.03425193 -0.22606301 0.09745908 0.62352941 0.56862745 0.50196078
v -0.03957719 -0.22606301 0.10275584 0.61960784 0.57647059 0.51764706
v 0.10275584 -0.23635966 0.10275584 0.77254902 0.25098039 0.22352941
v 0.10275584 -0.22606301 0.08932906 0.76078431 0.16470588 0.13725490
v 0.11313337 -0.22606301 0.10275584 0.80000000 0.19607843 0.14901961
v -0.03425193 -0.22107106 0.10275584 0.61960784 0.55294118 0.49019608
v -0.02055115 -0.21477330 0.10275584 0.61960784 0.51764706 0.44313725
v -0.00685036 -0.21236223 0.09318739 0.60784314 0.47058824 0.39215686
v -0.01526749 -0.21236223 0.10275584 0.61176471 0.50196078 0.42352941
v 0.11645675 -0.22303975 0.10275584 0.80784314 0.20000000 0.14509804
v 0.12712455 -0.21236223 0.10275584 0.82352941 0.21176471 0.14509804
v -0.00685036 -0.20453995 0.10275584 0.58039216 0.44705882 0.38823529
v 0.00685036 -0.19866145 0.09432572 0.55686275 0.42352941 0.36470588
v 0.00075012 -0.19866145 0.10275584 0.56862745 0.41960784 0.36078431
v 0.13015747 -0.20969409 0.10275584 0.82352941 0.21176471 0.14901961
v 0.14113414 -0.19866145 0.10275584 0.81568627 0.20392157 0.14509804
v -0.40417325 -0.18496066 0.10122561 0.61568627 0.61568627 0.57647059
v -0.39047247 -0.18496066 0.10094130 0.61960784 0.62352941 0.58039216
v -0.37677163 -0.18496066 0.09727311 0.60784314 0.61960784 0.58823529
v -0.36307085 -0.18496066 0.09027815 0.60000000 0.61960784 0.59607843
v -0.13734263 -0.18496066 0.10275584 0.65098039 0.63529412 0.60784314
v -0.13015747 -0.19166607 0.10275584 0.67450980 0.65098039 0.62352941
v -0.11645669 -0.19277096 0.10275584 0.69019608 0.65882353 0.62352941
v -0.10275590 -0.18976200 0.10275584 0.61960784 0.59215686 0.53725490
v -0.08905512 -0.18706048 0.10275584 0.61176471 0.57647059 0.51764706
v -0.07535434 -0.18601632 0.10275584 0.61176471 0.56862745 0.51372549
v -0.06165355 -0.18496066 0.10121763 0.62352941 0.54901961 0.48627451
v -0.06862682 -0.18496066 0.10275584 0.61568627 0.56862745 0.51372549
v -0.04795271 -0.18496066 0.09365582 0.60784314 0.50196078 0.43529412
v 0.00685036 -0.19181836 0.10275584 0.54509804 0.41960784 0.36470588
v 0.02055115 -0.18558341 0.10275584 0.49019608 0.40000000 0.36470588
v 0.02147514 -0.18496066 0.10275584 0.49411765 0.40000000 0.36470588
v 0.14385831 -0.19642836 0.10275584 0.81176471 0.20392157 0.14117647
v 0.15530324 -0.18496066 0.10275584 0.80000000 0.20000000 0.13333333
v -0.42580342 -0.17125988 0.10275584 0.60000000 0.60392157 0.57647059
v -0.41787404 -0.17922437 0.10275584 0.60000000 0.60784314 0.57647059
v -0.40417325 -0.18423414 0.10275584 0.61568627 0.61960784 0.57647059
v -0.39047247 -0.18436319 0.10275584 0.61960784 0.62352941 0.58039216
v -0.37677163 -0.18301642 0.10275584 0.60784314 0.62352941 0.58823529
v -0.36307085 -0.17939520 0.10275584 0.60392157 0.61960784 0.60000000
v -0.34937006 -0.17125988 0.09868205 0.60392157 0.62352941 0.59215686
v -0.35373676 -0.17125988 0.10275584 0.60392157 0.62352941 0.59607843
v -0.33566928 -0.17125988 0.09163743 0.60784314 0.63137255 0.58823529
v -0.15385991 -0.17125988 0.10275584 0.62352941 0.62352941 0.58823529
v -0.14385825 -0.18161559 0.10275584 0.61960784 0.61960784 0.59215686
v -0.06165355 -0.18470567 0.10275584 0.62352941 0.54901961 0.48627451
v -0.04795271 -0.18388635 0.10275584 0.61568627 0.50588235 0.43921569
v -0.03425193 -0.18316317 0.10275584 0.61568627 0.46274510 0.38823529
v -0.02055115 -0.18271744 0.10275584 0.61176471 0.44705882 0.37254902
v -0.00685036 -0.18120706 0.10275584 0.59215686 0.45490196 0.38431373
v 0.00685036 -0.17850226 0.10275584 0.53725490 0.43529412 0.38431373
v 0.02055115 -0.17527080 0.10275584 0.46666667 0.34509804 0.31372549
v 0.02395564 -0.17277098 0.09431309 0.42745098 0.20392157 0.16862745
v 0.03425193 -0.17162734 0.10275584 0.48235294 0.15294118 0.12156863
v 0.02768385 -0.17125988 0.10275584 0.47843137 0.20392157 0.17254902
v 0.03468943 -0.17125988 0.10275584 0.47058824 0.13725490 0.10980392
v 0.15640306 -0.17125988 0.10275584 0.76862745 0.18431373 0.12156863
v -0.43059707 -0.15755904 0.10275584 0.60392157 0.60392157 0.58039216
v -0.34937006 -0.16529071 0.10275584 0.60392157 0.62352941 0.59607843
v -0.34097236 -0.15755904 0.10275584 0.60000000 0.62352941 0.60000000
v -0.33566928 -0.15755904 0.10050797 0.60000000 0.62745098 0.60000000
v -0.32196850 -0.15755904 0.09844363 0.60392157 0.63137255 0.60392157
v -0.30826771 -0.15755904 0.09519434 0.60392157 0.63921569 0.61176471
v -0.15721530 -0.15755904 0.10275584 0.63137255 0.61568627 0.56470588
v 0.03425193 -0.17094183 0.10275584 0.46666667 0.13725490 0.10980392
v 0.15755904 -0.16723639 0.10275584 0.73333333 0.14901961 0.10980392
v 0.17125988 -0.17024183 0.10275584 0.79607843 0.21960784 0.16078431
v 0.18496060 -0.16939920 0.10275584 0.61176471 0.29019608 0.23529412
v 0.19866145 -0.16782469 0.10275584 0.61960784 0.46666667 0.39607843
v 0.20943737 -0.15755904 0.10275584 0.56862745 0.47450980 0.43137255
v 0.23460317 -0.15755904 0.10275584 0.54117647 0.47450980 0.44313725
v 0.23976374 -0.16061133 0.10275584 0.56078431 0.47450980 0.43137255
v 0.25346458 -0.15902609 0.10275584 0.54901961 0.47058824 0.42745098
v 0.26716530 -0.15842837 0.10275584 0.55686275 0.46666667 0.41960784
v 0.28086615 -0.15974432 0.10275584 0.57647059 0.48235294 0.43137255
v 0.29456687 -0.16215169 0.10275584 0.59607843 0.49803922 0.43529412
v 0.30826771 -0.15894812 0.10275584 0.58823529 0.49019608 0.42352941
v 0.31017721 -0.15755904 0.10275584 0.58039216 0.48627451 0.41960784
v -0.43105635 -0.14385825 0.10275584 0.59607843 0.60000000 0.57647059
v -0.33566928 -0.15105724 0.10275584 0.59607843 0.62352941 0.60784314
v -0.32594770 -0.14385825 0.10275584 0.60000000 0.62745098 0.60392157
v -0.32196850 -0.14385825 0.10206646 0.60000000 0.63137255 0.60784314
v -0.30826771 -0.14385825 0.10007542 0.60392157 0.63921569 0.61176471
v -0.29456693 -0.14385825 0.09789258 0.60784314 0.63921569 0.60392157
v -0.26716530 -0.14385825 0.09837246 0.58039216 0.61568627 0.58039216
v -0.25346458 -0.14385825 0.09820157 0.56078431 0.59607843 0.57647059
v -0.23976380 -0.14385825 0.09882581 0.58431373 0.60392157 0.56078431
v -0.22606301 -0.14385825 0.09935856 0.59607843 0.60392157 0.55294118
v -0.21236223 -0.14385825 0.09933698 0.57254902 0.59215686 0.58039216
v -0.19866145 -0.14385825 0.09994608 0.57254902 0.59215686 0.59215686
v -0.18496066 -0.14385825 0.10127753 0.59607843 0.60784314 0.59215686
v -0.17330039 -0.14385825 0.10275584 0.61568627 0.61960784 0.58823529
v -0.17125988 -0.14476568 0.10275584 0.62352941 0.61960784 0.58431373
v -0.15755904 -0.15663576 0.10275584 0.63137255 0.61568627 0.56470588
v 0.21236217 -0.15528077 0.10275584 0.55686275 0.47058824 0.43529412
v 0.22606301 -0.15663093 0.10275584 0.54117647 0.47450980 0.44313725
v 0.32196844 -0.15669137 0.10275584 0.62352941 0.51372549 0.43137255
v 0.33566940 -0.15591288 0.10275584 0.67058824 0.57254902 0.49019608
v 0.34937012 -0.15474409 0.10275584 0.68235294 0.58823529 0.50196078
v 0.36170399 -0.14385825 0.10275584 0.65098039 0.55686275 0.47058824
v -0.43110812 -0.13015747 0.10275584 0.59215686 0.59607843 0.57254902
v -0.32196850 -0.14002669 0.10275584 0.60000000 0.63137255 0.60392157
v -0.31241745 -0.13015747 0.10275584 0.60000000 0.63529412 0.60784314
v -0.30826771 -0.13015747 0.10229528 0.60000000 0.63529412 0.60784314
v -0.29456693 -0.13015747 0.10090846 0.61568627 0.64313725 0.60392157
v -0.28086615 -0.13015747 0.09977412 0.61960784 0.63921569 0.58039216
v -0.26716530 -0.13015747 0.10113692 0.59215686 0.62352941 0.58039216
v -0.25346458 -0.13015747 0.10112095 0.57647059 0.60784314 0.57647059
v -0.23976380 -0.13015747 0.10209554 0.61176471 0.61176471 0.54117647
v -0.22896236 -0.13015747 0.10275584 0.63529412 0.61568627 0.52549020
v -0.22606301 -0.13118422 0.10275584 0.62352941 0.61176471 0.53333333
v -0.21236223 -0.13240546 0.10275584 0.58823529 0.60000000 0.56862745
v -0.19866145 -0.13594830 0.10275584 0.58039216 0.59607843 0.58823529
v -0.18496066 -0.14009714 0.10275584 0.60392157 0.60784314 0.58823529
v 0.36307085 -0.14352620 0.10275584 0.65490196 0.55686275 0.47058824
v 0.37677169 -0.13927037 0.10275584 0.70588235 0.62352941 0.53333333
v 0.37677169 -0.13015747 0.09320068 0.70980392 0.62352941 0.52941176
v 0.38601124 -0.13015747 0.10275584 0.73333333 0.65490196 0.56862745
v -0.43108419 -0.11645669 0.10275584 0.59215686 0.59607843 0.56862745
v -0.30826771 -0.12000370 0.10275584 0.60000000 0.63529412 0.60392157
v -0.30699277 -0.11645669 0.10275584 0.60392157 0.63921569 0.60392157
v -0.29456693 -0.11645669 0.10127932 0.61568627 0.64313725 0.60000000
v -0.28086615 -0.11645669 0.10068357 0.62352941 0.63921569 0.57647059
v -0.26716530 -0.11645669 0.10186446 0.59607843 0.62352941 0.58039216
v -0.25346458 -0.11645669 0.10247332 0.58431373 0.61176471 0.57254902
v -0.25025690 -0.11645669 0.10275584 0.59215686 0.61568627 0.56470588
v -0.23976380 -0.12487561 0.10275584 0.62352941 0.61568627 0.53725490
v 0.39019060 -0.11645669 0.10275584 0.73333333 0.66274510 0.58039216
v -0.43091965 -0.10275590 0.10275584 0.59607843 0.60000000 0.56862745
v -0.30826771 -0.10275590 0.10205227 0.60392157 0.63529412 0.60000000
v -0.30826771 -0.11357200 0.10275584 0.60000000 0.63529412 0.60392157
v -0.31571645 -0.10275590 0.10275584 0.60000000 0.63137255 0.60000000
v -0.29456693 -0.10275590 0.10020673 0.61176471 0.64313725 0.60000000
v -0.28086615 -0.10275590 0.09969622 0.61568627 0.63529412 0.58039216
v -0.26716530 -0.10275590 0.10119605 0.58823529 0.61960784 0.58039216
v -0.25346458 -0.10275590 0.10158849 0.57254902 0.60784314 0.57254902
v -0.23976380 -0.10372061 0.10275584 0.60784314 0.61568627 0.54509804
v -0.23976380 -0.10275590 0.10269040 0.60784314 0.61568627 0.54509804
v -0.23871869 -0.10275590 0.10275584 0.61176471 0.61568627 0.54117647
v 0.39047241 -0.11584294 0.10275584 0.73333333 0.66274510 0.58039216
v 0.40335310 -0.10275590 0.10275584 0.69803922 0.63137255 0.55686275
v -0.42964166 -0.08905512 0.10275584 0.59607843 0.60000000 0.56862745
v -0.33566928 -0.08905512 0.10087055 0.60000000 0.62745098 0.60000000
v -0.33566928 -0.09549987 0.10275584 0.59607843 0.62745098 0.60392157
v -0.34346920 -0.08905512 0.10275584 0.60000000 0.62352941 0.60000000
v -0.32196850 -0.08905512 0.10006523 0.60000000 0.62745098 0.60000000
v -0.32196850 -0.09859920 0.10275584 0.60000000 0.63137255 0.60000000
v -0.30826771 -0.08905512 0.09883744 0.60392157 0.63529412 0.60392157
v -0.29456693 -0.08905512 0.09447873 0.61176471 0.63921569 0.59607843
v -0.26716530 -0.08905512 0.09867573 0.58823529 0.61960784 0.58431373
v -0.25346458 -0.08905512 0.09948957 0.56862745 0.60392157 0.57647059
v -0.23976380 -0.08905512 0.10061586 0.60392157 0.61176471 0.54509804
v -0.22606301 -0.09554636 0.10275584 0.60000000 0.61176471 0.54901961
v -0.22606301 -0.08905512 0.10177922 0.60784314 0.61176471 0.54509804
v -0.21402949 -0.08905512 0.10275584 0.58431373 0.60000000 0.56862745
v 0.40417325 -0.09568042 0.10275584 0.65098039 0.57254902 0.50196078
v 0.40966988 -0.08905512 0.10275584 0.65490196 0.57647059 0.50196078
v -0.41787404 -0.07725018 0.10275584 0.59215686 0.59607843 0.57254902
v -0.41787404 -0.07535434 0.10006368 0.59215686 0.59607843 0.57254902
v -0.41373909 -0.07535434 0.10275584 0.59607843 0.60000000 0.57254902
v -0.36307085 -0.07535434 0.09906214 0.59215686 0.61176471 0.59607843
v -0.36307085 -0.07749605 0.10275584 0.59215686 0.61176471 0.59215686
v -0.37022227 -0.07535434 0.10275584 0.59215686 0.60784314 0.59215686
v -0.34937006 -0.07535434 0.09404755 0.59607843 0.61960784 0.59215686
v -0.34937006 -0.08540523 0.10275584 0.59607843 0.61960784 0.59607843
v -0.25346458 -0.07535434 0.09121776 0.57254902 0.60784314 0.57647059
v -0.23976380 -0.07535434 0.09601414 0.61176471 0.60784314 0.54509804
v -0.22606301 -0.07535434 0.09849381 0.62352941 0.60784314 0.53725490
v -0.21236223 -0.08791655 0.10275584 0.58039216 0.59607843 0.57254902
v -0.21236223 -0.07535434 0.10075128 0.58823529 0.60000000 0.57254902
v -0.20452154 -0.07535434 0.10275584 0.57254902 0.59607843 0.58431373
v 0.41787398 -0.08474725 0.10275584 0.66666667 0.58823529 0.50588235
v 0.42679107 -0.07535434 0.10275584 0.69803922 0.63921569 0.56078431
v -0.40417325 -0.06583101 0.10275584 0.60000000 0.60392157 0.56862745
v -0.39047247 -0.06662804 0.10275584 0.60392157 0.61176471 0.57254902
v -0.37677163 -0.07099837 0.10275584 0.59607843 0.61176471 0.58823529
v -0.21236223 -0.06165355 0.09200639 0.58431373 0.60000000 0.57254902
v -0.19866145 -0.07098550 0.10275584 0.58039216 0.60000000 0.58431373
v -0.19866145 -0.06165355 0.09780151 0.58039216 0.60000000 0.58823529
v -0.18661731 -0.06165355 0.10275584 0.60000000 0.60392157 0.58039216
v 0.43030179 -0.06165355 0.10275584 0.69803922 0.64705882 0.57254902
v -0.18496066 -0.06017554 0.10275584 0.60392157 0.60392157 0.58039216
v -0.17125988 -0.04795271 0.09426755 0.61568627 0.60784314 0.56470588
v -0.17125988 -0.05142307 0.10275584 0.61568627 0.60784314 0.56470588
v -0.17067093 -0.04795271 0.10275584 0.61176471 0.60784314 0.56470588
v 0.43157482 -0.05860615 0.10275584 0.69411765 0.64313725 0.56862745
v 0.43157482 -0.04795271 0.09034163 0.65490196 0.59215686 0.52156863
v 0.44187582 -0.04795271 0.10275584 0.68627451 0.64313725 0.58431373
v -0.17045361 -0.03425193 0.10275584 0.60784314 0.60392157 0.56470588
v 0.44414854 -0.03425193 0.10275584 0.66274510 0.61568627 0.55686275
v -0.17041302 -0.02055115 0.10275584 0.61176471 0.60392157 0.56470588
v 0.44452238 -0.02055115 0.10275584 0.67058824 0.62745098 0.56862745
v -0.17031866 -0.00685036 0.10275584 0.61568627 0.60392157 0.56078431
v 0.44456744 -0.00685036 0.10275584 0.65490196 0.61176471 0.55294118
v -0.17015052 0.00685036 0.10275584 0.61176471 0.60392157 0.55686275
v 0.44443583 0.00685036 0.10275584 0.62352941 0.56862745 0.50980392
v -0.17030585 0.02055115 0.10275584 0.61176471 0.60392157 0.56078431
v 0.44396925 0.02055115 0.10275584 0.61176471 0.54901961 0.49411765
v -0.17125988 0.03425193 0.09079921 0.61568627 0.60000000 0.55686275
v -0.17059761 0.03425193 0.10275584 0.61960784 0.60392157 0.56078431
v 0.43157482 0.03425193 0.09140408 0.59607843 0.52156863 0.45882353
v 0.44145083 0.03425193 0.10275584 0.61176471 0.55294118 0.49411765
v -0.17125988 0.04795271 0.10101616 0.61568627 0.60392157 0.56078431
v -0.17091632 0.04795271 0.10275584 0.61960784 0.60784314 0.56078431
v 0.43157482 0.04596829 0.10275584 0.61176471 0.53725490 0.46666667
v 0.43040001 0.04795271 0.10275584 0.61176471 0.53333333 0.46274510
v -0.18496066 0.06165349 0.08907217 0.58431373 0.59607843 0.57254902
v -0.17125988 0.06165349 0.10056460 0.60784314 0.60392157 0.56862745
v -0.17078102 0.06165349 0.10275584 0.60784314 0.60784314 0.56862745
v 0.42586815 0.06165349 0.10275584 0.61176471 0.52156863 0.44705882
v -0.40417325 0.07535428 0.09471047 0.59607843 0.60000000 0.57254902
v -0.39047247 0.07535428 0.09239668 0.59607843 0.60392157 0.57254902
v -0.37677163 0.07535428 0.09093124 0.59215686 0.60000000 0.58039216
v -0.18496066 0.07535428 0.09298211 0.58039216 0.59215686 0.57647059
v -0.17125988 0.07535428 0.10089487 0.60392157 0.60392157 0.57254902
v -0.17072988 0.07535428 0.10275584 0.60392157 0.60392157 0.57254902
v 0.41787398 0.07108063 0.10275584 0.60784314 0.51372549 0.43921569
v 0.41039526 0.07535428 0.10275584 0.60392157 0.50980392 0.44313725
v -0.40417325 0.08905506 0.09999299 0.60000000 0.60000000 0.56862745
v -0.39047247 0.08905506 0.09982753 0.60392157 0.60784314 0.57254902
v -0.37677163 0.08905506 0.09945500 0.59215686 0.60392157 0.58039216
v -0.36307085 0.08905506 0.09595191 0.58823529 0.60000000 0.58431373
v -0.18496066 0.08905506 0.09431118 0.58823529 0.59607843 0.57647059
v -0.17125988 0.08905506 0.10045582 0.61176471 0.60392157 0.56862745
v -0.17060095 0.08905506 0.10275584 0.61176471 0.60392157 0.56862745
v 0.40417325 0.08026224 0.10275584 0.60000000 0.50980392 0.44705882
v 0.40287519 0.08905506 0.10275584 0.60392157 0.52156863 0.45490196
v -0.41787404 0.10275584 0.09815353 0.59215686 0.59607843 0.57254902
v -0.40798357 0.10275584 0.10275584 0.59607843 0.60000000 0.57254902
v -0.40417325 0.09808248 0.10275584 0.60000000 0.60392157 0.57254902
v -0.39047247 0.09951216 0.10275584 0.60392157 0.60784314 0.57254902
v -0.37677163 0.09902292 0.10275584 0.59215686 0.60392157 0.58039216
v -0.37212464 0.10275584 0.10275584 0.58823529 0.60000000 0.58039216
v -0.36307085 0.10275584 0.10044456 0.58823529 0.60000000 0.58431373
v -0.18496066 0.10275584 0.09010196 0.58431373 0.59607843 0.57647059
v -0.17125988 0.10275584 0.09797627 0.60784314 0.60392157 0.57254902
v -0.16996670 0.10275584 0.10275584 0.60392157 0.60392157 0.57254902
v 0.39047241 0.10201502 0.10275584 0.60784314 0.53725490 0.47843137
v 0.38983488 0.10275584 0.10275584 0.60784314 0.53725490 0.48235294
v -0.41787404 0.11645675 0.09974450 0.59215686 0.59607843 0.56862745
v -0.41370884 0.11645675 0.10275584 0.59607843 0.59607843 0.57254902
v -0.36307085 0.11268038 0.10275584 0.58823529 0.60000000 0.57647059
v -0.34937006 0.11645675 0.09221423 0.58823529 0.60000000 0.57254902
v -0.36042446 0.11645675 0.10275584 0.58823529 0.60000000 0.57647059
v -0.17125988 0.11645675 0.09011811 0.58823529 0.60392157 0.58039216
v -0.16756803 0.11645675 0.10275584 0.60000000 0.60784314 0.57647059
v 0.37677169 0.11594337 0.10275584 0.59215686 0.52549020 0.47450980
v 0.37529433 0.11645675 0.10275584 0.58823529 0.52156863 0.46666667
v -0.41787404 0.13015747 0.09843409 0.59607843 0.60000000 0.57254902
v -0.41309145 0.13015747 0.10275584 0.60000000 0.60000000 0.57254902
v -0.36307085 0.13015747 0.10265762 0.58823529 0.59607843 0.57254902
v -0.36307085 0.12863719 0.10275584 0.58823529 0.59607843 0.57254902
v -0.36335349 0.13015747 0.10275584 0.58823529 0.59607843 0.57254902
v -0.15755904 0.12893218 0.10275584 0.61568627 0.60392157 0.56078431
v -0.15724289 0.13015747 0.10275584 0.61568627 0.60392157 0.55686275
v 0.34937012 0.12830883 0.10275584 0.56470588 0.49411765 0.45490196
v 0.33747280 0.13015747 0.10275584 0.55686275 0.49019608 0.45490196
v 0.36307085 0.12706470 0.10275584 0.57254902 0.49803922 0.45098039
v -0.40417325 0.14385831 0.10227078 0.60784314 0.60784314 0.57254902
v -0.40417325 0.14191008 0.10275584 0.60392157 0.60784314 0.57254902
v -0.39651531 0.14385831 0.10275584 0.61176471 0.61176471 0.57254902
v -0.36307085 0.14385831 0.09787279 0.58823529 0.60000000 0.57647059
v -0.37591082 0.14385831 0.10275584 0.59607843 0.60392157 0.57647059
v -0.15381593 0.14385831 0.10275584 0.60000000 0.60000000 0.56470588
v 0.18496060 0.14207792 0.10275584 0.51764706 0.47058824 0.45882353
v 0.17619371 0.14385831 0.10275584 0.51764706 0.47058824 0.45490196
v 0.19866145 0.14097464 0.10275584 0.51372549 0.46274510 0.45098039
v 0.21236217 0.14170265 0.10275584 0.47843137 0.45490196 0.45490196
v 0.22606301 0.14102173 0.10275584 0.45490196 0.45490196 0.47058824
v 0.23976374 0.14095652 0.10275584 0.45490196 0.45490196 0.46666667
v 0.25346458 0.13977885 0.10275584 0.46274510 0.45490196 0.45882353
v 0.26716530 0.13931656 0.10275584 0.48627451 0.46274510 0.45490196
v 0.28086615 0.13967717 0.10275584 0.51372549 0.47450980 0.45490196
v 0.29456687 0.13993573 0.10275584 0.51372549 0.47058824 0.44705882
v 0.30826771 0.13942456 0.10275584 0.51372549 0.46274510 0.43137255
v 0.32196844 0.13788414 0.10275584 0.52549020 0.46274510 0.43529412
v 0.33566940 0.13181758 0.10275584 0.55294118 0.48627451 0.45490196
v -0.40417325 0.15755904 0.09911638 0.61176471 0.60784314 0.56862745
v -0.39047247 0.14669919 0.10275584 0.60784314 0.61176471 0.57254902
v -0.39047247 0.15755904 0.09776402 0.61176471 0.61176471 0.56862745
v -0.37677163 0.15755904 0.09704679 0.60392157 0.60784314 0.57254902
v -0.37677163 0.14456892 0.10275584 0.59607843 0.60392157 0.57647059
v -0.14385825 0.15411675 0.10275584 0.60000000 0.59607843 0.55686275
v -0.14385825 0.15755904 0.09332001 0.59607843 0.59215686 0.55294118
v -0.13189709 0.15755904 0.10275584 0.61568627 0.59607843 0.53725490
v -0.08905512 0.15755904 0.10219997 0.66666667 0.54509804 0.43137255
v -0.08905512 0.15733540 0.10275584 0.66666667 0.54509804 0.43137255
v -0.09752029 0.15755904 0.10275584 0.66274510 0.55686275 0.44705882
v -0.07535434 0.15755904 0.10189140 0.65098039 0.53333333 0.43529412
v -0.07535434 0.15720487 0.10275584 0.65098039 0.53333333 0.43921569
v -0.06165355 0.15755904 0.10152882 0.63529412 0.51372549 0.43529412
v -0.06165355 0.15705287 0.10275584 0.63529412 0.51372549 0.43529412
v -0.04795271 0.15755904 0.10100228 0.64313725 0.45882353 0.37647059
v -0.04795271 0.15687501 0.10275584 0.64313725 0.45882353 0.37647059
v -0.03425193 0.15755904 0.10050094 0.61568627 0.44705882 0.37647059
v -0.03425193 0.15670383 0.10275584 0.61568627 0.44705882 0.37647059
v -0.02055115 0.15755904 0.10058039 0.63921569 0.47058824 0.39607843
v -0.02055115 0.15668356 0.10275584 0.63529412 0.47450980 0.40000000
v -0.00685036 0.15755904 0.10018367 0.71764706 0.51372549 0.41568627
v -0.00685036 0.15648365 0.10275584 0.72156863 0.52156863 0.42352941
v 0.00685036 0.15755904 0.09883898 0.86666667 0.62352941 0.46274510
v 0.00685036 0.15597522 0.10275584 0.85882353 0.62745098 0.47450980
v 0.02055115 0.15755904 0.09798574 0.52549020 0.10196078 0.08235294
v 0.02055115 0.15568602 0.10275584 0.58823529 0.12549020 0.09803922
v 0.03425193 0.15755904 0.09268892 0.50196078 0.07843137 0.06666667
v 0.03425193 0.15511894 0.10275584 0.49803922 0.08235294 0.07058824
v 0.04795271 0.15444708 0.10275584 0.50980392 0.07450980 0.06274510
v 0.06165349 0.15755904 0.09587890 0.56078431 0.09019608 0.05490196
v 0.06165349 0.15479863 0.10275584 0.54901961 0.08627451 0.05882353
v 0.06594515 0.15755904 0.10275584 0.60000000 0.10196078 0.06666667
v 0.15755904 0.14926362 0.10275584 0.54509804 0.47843137 0.45098039
v 0.14727080 0.15755904 0.10275584 0.62352941 0.46274510 0.40000000
v 0.17125988 0.14714408 0.10275584 0.51372549 0.47450980 0.46666667
v -0.13015747 0.15913677 0.10275584 0.61568627 0.59607843 0.53725490
v -0.11645669 0.15796900 0.10275584 0.63137255 0.58431373 0.50980392
v -0.10275590 0.15811288 0.10275584 0.65882353 0.56862745 0.46274510
v 0.03425193 0.17125988 0.09590721 0.56862745 0.08235294 0.07843137
v 0.04795271 0.17125988 0.10155177 0.64313725 0.10588235 0.08235294
v 0.05270928 0.17125988 0.10275584 0.66274510 0.10980392 0.08235294
v 0.06165349 0.16372585 0.10275584 0.64705882 0.10980392 0.07450980
v 0.14385831 0.17125988 0.09743720 0.53725490 0.38823529 0.34117647
v 0.14385831 0.16111124 0.10275584 0.60000000 0.41960784 0.36470588
v 0.13794041 0.17125988 0.10275584 0.42745098 0.23137255 0.21176471
v 0.02055115 0.18496060 0.09743232 0.69411765 0.18823529 0.14901961
v 0.03425193 0.18496060 0.10156858 0.63529412 0.11372549 0.10980392
v 0.03987473 0.18496060 0.10275584 0.65098039 0.12156863 0.10980392
v 0.04795271 0.17687809 0.10275584 0.66274510 0.11764706 0.09019608
v 0.13015747 0.18496060 0.09090418 0.26666667 0.08627451 0.08235294
v 0.13015747 0.17890060 0.10275584 0.37647059 0.12549020 0.11372549
v 0.11970949 0.18496060 0.10275584 0.73333333 0.19215686 0.14901961
v -0.00685036 0.19866145 0.09109592 0.62745098 0.46274510 0.39215686
v 0.00685036 0.19866145 0.09993553 0.61960784 0.49411765 0.43137255
v 0.01850152 0.19866145 0.10275584 0.85098039 0.67450980 0.55294118
v 0.02055115 0.19717085 0.10275584 0.91372549 0.70980392 0.56862745
v 0.03425193 0.19025815 0.10275584 0.64705882 0.12549020 0.12156863
v 0.11645675 0.18819249 0.10275584 0.76078431 0.21568627 0.17254902
v 0.10523003 0.19866145 0.10275584 0.75294118 0.17647059 0.14901961
v -0.02055115 0.21236217 0.09956181 0.62745098 0.50980392 0.43529412
v -0.00822598 0.21236217 0.10275584 0.60784314 0.49411765 0.43529412
v -0.00685036 0.21146393 0.10275584 0.60784314 0.49019608 0.42745098
v 0.00685036 0.20539296 0.10275584 0.59215686 0.47058824 0.42352941
v 0.08905506 0.21236217 0.10241550 0.77254902 0.17254902 0.15686275
v 0.08905506 0.21166050 0.10275584 0.77254902 0.17254902 0.15294118
v 0.08821201 0.21236217 0.10275584 0.77254902 0.17254902 0.15686275
v 0.10275584 0.20113564 0.10275584 0.75686275 0.17254902 0.14509804
v -0.04795271 0.22606301 0.09792197 0.56470588 0.54901961 0.52549020
v -0.03927487 0.22606301 0.10275584 0.56078431 0.53725490 0.52549020
v -0.03425193 0.22202873 0.10275584 0.59215686 0.53725490 0.49803922
v -0.02055115 0.21706319 0.10275584 0.61568627 0.51764706 0.45098039
v 0.07535428 0.22606301 0.10119206 0.94509804 0.69019608 0.54901961
v 0.07535428 0.22312677 0.10275584 0.90980392 0.50588235 0.40000000
v 0.07247663 0.22606301 0.10275584 0.95294118 0.76078431 0.61568627
v -0.08905512 0.23976374 0.09564120 0.57647059 0.58823529 0.58823529
v -0.08607286 0.23976374 0.10275584 0.58039216 0.59607843 0.60000000
v -0.07535434 0.22976661 0.10275584 0.58823529 0.60000000 0.59215686
v -0.06165355 0.22968137 0.10275584 0.58431373 0.59607843 0.58431373
v -0.04795271 0.22879803 0.10275584 0.55686275 0.55686275 0.54509804
v 0.06165349 0.23976374 0.10003519 0.51764706 0.49411765 0.48235294
v 0.06165349 0.23590827 0.10275584 0.55294118 0.51372549 0.48627451
v 0.05767554 0.23976374 0.10275584 0.49411765 0.48627451 0.49411765
v -0.10192508 0.25346458 0.10275584 0.57254902 0.58823529 0.59607843
v -0.08905512 0.24050391 0.10275584 0.57647059 0.59215686 0.60000000
v 0.04795271 0.25346458 0.09991914 0.50196078 0.50196078 0.51764706
v 0.04795271 0.24973917 0.10275584 0.50196078 0.50196078 0.51764706
v 0.04486668 0.25346458 0.10275584 0.50196078 0.50196078 0.51764706
v -0.11228698 0.26716530 0.10275584 0.58431373 0.60000000 0.60784314
v -0.10275590 0.25725114 0.10275584 0.57254902 0.58823529 0.59607843
v 0.03425193 0.26716530 0.09907389 0.51372549 0.51764706 0.53333333
v 0.03425193 0.26391554 0.10275584 0.50980392 0.51764706 0.52941176
v 0.03102899 0.26716530 0.10275584 0.52156863 0.52549020 0.53333333
v -0.12852037 0.28086615 0.10275584 0.60000000 0.61568627 0.62352941
v -0.11645669 0.27106357 0.10275584 0.58823529 0.60392157 0.61176471
v 0.02055115 0.28086615 0.09416038 0.53725490 0.54117647 0.54901961
v 0.02055115 0.27719176 0.10275584 0.54901961 0.54901961 0.54901961
v 0.01758856 0.28086615 0.10275584 0.54901961 0.55294118 0.55686275
v -0.15631199 0.29456687 0.10275584 0.60784314 0.61960784 0.62352941
v -0.14385825 0.28234053 0.10275584 0.60000000 0.61568627 0.62352941
v -0.13015747 0.28122485 0.10275584 0.60000000 0.61568627 0.62352941
v 0.00685036 0.29134405 0.10275584 0.57647059 0.58039216 0.58039216
v 0.00439233 0.29456687 0.10275584 0.58431373 0.58823529 0.58431373
v -0.17002404 0.30826771 0.10275584 0.62352941 0.63529412 0.62352941
v -0.15755904 0.29558873 0.10275584 0.60784314 0.62352941 0.62352941
v -0.00685036 0.30574310 0.10275584 0.60000000 0.60392157 0.58823529
v -0.01152056 0.30826771 0.10275584 0.60000000 0.60392157 0.59215686
v -0.17102832 0.32196844 0.10275584 0.62745098 0.63529412 0.61960784
v -0.02055115 0.31727982 0.10275584 0.59607843 0.60392157 0.59215686
v -0.02496856 0.32196844 0.10275584 0.60000000 0.60784314 0.59607843
v -0.18397444 0.33566940 0.10275584 0.63529412 0.64705882 0.62352941
v -0.17125988 0.32247913 0.10275584 0.62745098 0.63529412 0.61960784
v -0.04795271 0.33566940 0.08920515 0.60000000 0.61176471 0.60000000
v -0.04795271 0.33543432 0.10275584 0.60784314 0.61960784 0.60784314
v -0.05713964 0.33566940 0.10275584 0.61176471 0.61960784 0.60784314
v -0.03425193 0.33137286 0.10275584 0.60392157 0.61568627 0.60784314
v -0.18467963 0.34937012 0.10275584 0.63529412 0.64313725 0.61960784
v -0.06165355 0.33863389 0.10275584 0.61568627 0.62745098 0.61176471
v -0.06886554 0.34937012 0.10275584 0.61960784 0.62745098 0.60784314
v -0.18468153 0.36307085 0.10275584 0.62745098 0.63921569 0.61176471
v -0.08905512 0.36263371 0.10275584 0.59607843 0.61176471 0.60392157
v -0.09021330 0.36307085 0.10275584 0.59607843 0.60784314 0.60392157
v -0.07535434 0.35582340 0.10275584 0.61176471 0.61960784 0.60000000
v -0.18336606 0.37677169 0.10275584 0.63921569 0.64313725 0.61568627
v -0.11645669 0.37677169 0.10020435 0.61568627 0.62352941 0.60000000
v -0.11602169 0.37677169 0.10275584 0.61960784 0.62352941 0.60392157
v -0.10275590 0.37256145 0.10275584 0.60000000 0.61176471 0.60392157
v -0.17125988 0.38890004 0.10275584 0.64313725 0.64313725 0.61568627
v -0.15755904 0.38897252 0.10275584 0.62745098 0.63529412 0.61176471
v -0.14385825 0.38807070 0.10275584 0.62352941 0.63137255 0.61568627
v -0.13015747 0.38535142 0.10275584 0.62352941 0.63137255 0.60784314
v -0.11645669 0.37719285 0.10275584 0.61960784 0.62352941 0.60392157
v -0.08905512 -0.30826771 0.11513919 0.63529412 0.64705882 0.63529412
v -0.09229922 -0.30826771 0.11645675 0.63921569 0.64705882 0.63529412
v -0.08905512 -0.31141925 0.11645675 0.63921569 0.64705882 0.63529412
v -0.07554597 -0.30826771 0.11645675 0.64705882 0.65490196 0.64313725
v -0.06165355 -0.30826771 0.10325283 0.61960784 0.63529412 0.63921569
v -0.07535261 -0.30826771 0.11645675 0.64705882 0.65490196 0.64313725
v -0.06165355 -0.32185787 0.11645675 0.65490196 0.66274510 0.64705882
v -0.04795271 -0.32105386 0.11645675 0.63529412 0.64313725 0.63529412
v -0.04795271 -0.30826771 0.10635757 0.61176471 0.62352941 0.62352941
v -0.03425193 -0.32014924 0.11645675 0.63137255 0.63921569 0.62745098
v -0.03425193 -0.30826771 0.10376674 0.60000000 0.61176471 0.61176471
v -0.02055115 -0.31762069 0.11645675 0.63529412 0.63921569 0.62352941
v -0.02055115 -0.30826771 0.10720700 0.61176471 0.62352941 0.61568627
v -0.00910163 -0.30826771 0.11645675 0.62352941 0.63137255 0.61960784
v -0.08905512 -0.30608565 0.11645675 0.63921569 0.64705882 0.63921569
v -0.08742750 -0.29456693 0.11645675 0.64705882 0.65490196 0.64313725
v -0.07535434 -0.29456693 0.10476673 0.63137255 0.64313725 0.63921569
v -0.07535434 -0.30826277 0.11645675 0.64705882 0.65490196 0.64313725
v -0.04795271 -0.29456693 0.10656947 0.60784314 0.61960784 0.61960784
v -0.00685036 -0.30687237 0.11645675 0.61960784 0.62745098 0.61960784
v -0.00685036 -0.29456693 0.10414696 0.61568627 0.62352941 0.61568627
v 0.00685036 -0.30270165 0.11645675 0.61176471 0.62352941 0.61568627
v 0.00685036 -0.29456693 0.10787791 0.60392157 0.61568627 0.61568627
v 0.01683712 -0.29456693 0.11645675 0.61176471 0.62352941 0.62352941
v -0.08874023 -0.28086615 0.11645675 0.63921569 0.64705882 0.63921569
v 0.02055115 -0.29312676 0.11645675 0.61568627 0.62745098 0.62352941
v 0.03425193 -0.28769368 0.11645675 0.62352941 0.63529412 0.62352941
v 0.03425193 -0.28086615 0.10896933 0.60000000 0.61176471 0.60784314
v 0.04122174 -0.28086615 0.11645675 0.61176471 0.61960784 0.61176471
v -0.08905512 -0.26716530 0.11492419 0.61568627 0.62352941 0.62352941
v -0.09056801 -0.26716530 0.11645675 0.61960784 0.62745098 0.62352941
v -0.08905512 -0.27295005 0.11645675 0.62745098 0.63529412 0.63137255
v -0.07535434 -0.26716530 0.10457081 0.61960784 0.63137255 0.62352941
v -0.06165355 -0.26716530 0.10316020 0.61960784 0.63137255 0.62745098
v 0.04795271 -0.27745247 0.11645675 0.57647059 0.58823529 0.58823529
v 0.05936956 -0.26716530 0.11645675 0.53333333 0.54117647 0.55294118
v -0.08905512 -0.26558858 0.11645675 0.61960784 0.62745098 0.62352941
v -0.07535434 -0.25437790 0.11645675 0.61568627 0.62745098 0.62745098
v -0.06165355 -0.25346458 0.10431027 0.61568627 0.62352941 0.61568627
v -0.07415527 -0.25346458 0.11645675 0.61568627 0.63137255 0.62745098
v 0.06165349 -0.26569802 0.11645675 0.52156863 0.52941176 0.54901961
v 0.07535428 -0.25824392 0.11645675 0.48627451 0.49019608 0.51764706
v 0.07535428 -0.25346458 0.10977465 0.49019608 0.46666667 0.47843137
v 0.08013690 -0.25346458 0.11645675 0.47843137 0.48235294 0.50588235
v -0.06165355 -0.24080819 0.11645675 0.61960784 0.62352941 0.60784314
v -0.06056219 -0.23976380 0.11645675 0.62352941 0.61960784 0.60392157
v 0.08905506 -0.24909127 0.11645675 0.49411765 0.49803922 0.51372549
v 0.09842110 -0.23976380 0.11645675 0.62745098 0.57647059 0.52549020
v -0.04795271 -0.22712809 0.11645675 0.62352941 0.59607843 0.55686275
v -0.04688412 -0.22606301 0.11645675 0.61960784 0.59215686 0.55294118
v 0.10275584 -0.23674178 0.11645675 0.80784314 0.70196078 0.61568627
v 0.11349398 -0.22606301 0.11645675 0.94117647 0.57254902 0.43137255
v -0.03425193 -0.21576244 0.11645675 0.60392157 0.54117647 0.49803922
v -0.02055115 -0.21341908 0.11645675 0.60784314 0.52941176 0.47450980
v -0.01797867 -0.21236223 0.11645675 0.60392157 0.52549020 0.47058824
v 0.11645675 -0.22338468 0.11645675 0.89411765 0.38431373 0.28627451
v 0.12751204 -0.21236223 0.11645675 0.83529412 0.23529412 0.16470588
v -0.00685036 -0.20207810 0.11645675 0.57254902 0.47450980 0.42745098
v -0.00245798 -0.19866145 0.11645675 0.57647059 0.45490196 0.40000000
v 0.13015747 -0.21052635 0.11645675 0.83529412 0.23529412 0.16862745
v 0.14203966 -0.19866145 0.11645675 0.82745098 0.23137255 0.16078431
v -0.13015747 -0.18496066 0.11045521 0.65882353 0.63529412 0.60784314
v -0.11645669 -0.18496066 0.11233491 0.66666667 0.63921569 0.60784314
v -0.10275590 -0.18496066 0.10909462 0.62352941 0.60000000 0.54901961
v -0.08905512 -0.18496066 0.10553360 0.61176471 0.57647059 0.51764706
v -0.07535434 -0.18496066 0.10413265 0.61176471 0.56862745 0.51372549
v 0.00685036 -0.18895555 0.11645675 0.51764706 0.40000000 0.35686275
v 0.02055115 -0.18519127 0.11645675 0.42352941 0.34509804 0.32549020
v 0.02098292 -0.18496066 0.11645675 0.42352941 0.34901961 0.32549020
v 0.14385831 -0.19652063 0.11645675 0.82745098 0.23529412 0.16078431
v 0.15529358 -0.18496066 0.11645675 0.82352941 0.23529412 0.15294118
v -0.41787404 -0.17125988 0.11072963 0.60000000 0.60392157 0.57647059
v -0.40417325 -0.17125988 0.11636680 0.61176471 0.61568627 0.57647059
v -0.40212089 -0.17125988 0.11645675 0.61568627 0.61960784 0.58039216
v -0.39047247 -0.17461973 0.11645675 0.61960784 0.62745098 0.58431373
v -0.37677163 -0.17125988 0.11571300 0.60784314 0.61960784 0.59215686
v -0.38271144 -0.17125988 0.11645675 0.61176471 0.62352941 0.58823529
v -0.36307085 -0.17125988 0.11122024 0.60000000 0.61960784 0.59607843
v -0.14955926 -0.17125988 0.11645675 0.62745098 0.63529412 0.59215686
v -0.14385825 -0.17694819 0.11645675 0.58431373 0.59607843 0.56862745
v -0.13015747 -0.18323910 0.11645675 0.63921569 0.62352941 0.59607843
v -0.11645669 -0.18355584 0.11645675 0.65098039 0.63137255 0.60000000
v -0.10275590 -0.18292004 0.11645675 0.63137255 0.61176471 0.56078431
v -0.08905512 -0.18211663 0.11645675 0.62352941 0.58823529 0.52549020
v -0.07535434 -0.18179172 0.11645675 0.61568627 0.57647059 0.51372549
v -0.06165355 -0.18121982 0.11645675 0.61568627 0.55294118 0.48627451
v -0.04795271 -0.18002963 0.11645675 0.62745098 0.50980392 0.43529412
v -0.03425193 -0.17808175 0.11645675 0.63529412 0.45882353 0.37647059
v -0.02055115 -0.17760843 0.11645675 0.61960784 0.45882353 0.38039216
v -0.00685036 -0.17679155 0.11645675 0.59607843 0.45882353 0.38823529
v 0.00685036 -0.17246568 0.11645675 0.49803922 0.38823529 0.34901961
v 0.02055115 -0.17125988 0.10969079 0.41176471 0.24705882 0.23137255
v 0.01118225 -0.17125988 0.11645675 0.40392157 0.29411765 0.27843137
v 0.02741253 -0.17377138 0.11090714 0.46274510 0.27843137 0.25098039
v 0.02959406 -0.17125988 0.11645675 0.42745098 0.19607843 0.17254902
v 0.03425193 -0.17125988 0.11161941 0.50588235 0.19215686 0.15294118
v 0.15632677 -0.17125988 0.11645675 0.81960784 0.22745098 0.14117647
v -0.41787404 -0.15755904 0.11572134 0.60392157 0.60392157 0.57647059
v -0.41661933 -0.15755904 0.11645675 0.60392157 0.60784314 0.57647059
v -0.40417325 -0.17115301 0.11645675 0.61176471 0.61568627 0.57647059
v -0.37677163 -0.17034620 0.11645675 0.60784314 0.61960784 0.59215686
v -0.36307085 -0.16407639 0.11645675 0.60000000 0.61568627 0.59607843
v -0.34937006 -0.15755904 0.10918331 0.60000000 0.62352941 0.60000000
v -0.35690403 -0.15755904 0.11645675 0.60000000 0.61960784 0.60000000
v -0.15691441 -0.15755904 0.11645675 0.64313725 0.61960784 0.56078431
v 0.02055115 -0.17090660 0.11645675 0.33333333 0.19607843 0.19215686
v 0.15755904 -0.16693145 0.11645675 0.81176471 0.21568627 0.14509804
v 0.17125988 -0.16948324 0.11645675 0.87058824 0.31372549 0.22352941
v 0.18496060 -0.16868627 0.11645675 0.56078431 0.23921569 0.19607843
v 0.19866145 -0.16307920 0.11645675 0.63137255 0.47450980 0.40784314
v 0.21236217 -0.15758777 0.11645675 0.58823529 0.48235294 0.43529412
v 0.21236217 -0.15755904 0.11642170 0.58823529 0.48235294 0.43529412
v 0.21241462 -0.15755904 0.11645675 0.58823529 0.48235294 0.43529412
v 0.23976374 -0.15755904 0.10757047 0.54901961 0.47450980 0.43529412
v 0.25346458 -0.15755904 0.10559332 0.54509804 0.47058824 0.43137255
v 0.26716530 -0.15755904 0.10454977 0.55686275 0.46666667 0.41960784
v 0.28086615 -0.15755904 0.10691816 0.56862745 0.47843137 0.43529412
v 0.29456687 -0.15755904 0.11027849 0.56470588 0.48235294 0.43921569
v 0.30826771 -0.15755904 0.10499293 0.57647059 0.48627451 0.42352941
v -0.42729694 -0.14385825 0.11645675 0.59607843 0.60000000 0.57647059
v -0.41787404 -0.15410268 0.11645675 0.60392157 0.60392157 0.57647059
v -0.34937006 -0.14385825 0.11342371 0.59607843 0.61960784 0.60392157
v -0.35177457 -0.14385825 0.11645675 0.59607843 0.61568627 0.60000000
v -0.33566928 -0.14385825 0.10794973 0.59607843 0.62352941 0.60784314
v -0.17125988 -0.14385825 0.10366207 0.62352941 0.61960784 0.58431373
v -0.16833645 -0.14385825 0.11645675 0.64313725 0.62745098 0.56862745
v -0.15755904 -0.15622926 0.11645675 0.64705882 0.61960784 0.56078431
v 0.22606301 -0.15634394 0.11645675 0.57254902 0.47843137 0.43137255
v 0.23976374 -0.15627754 0.11645675 0.55686275 0.47058824 0.42745098
v 0.25346458 -0.15604764 0.11645675 0.53725490 0.46666667 0.43137255
v 0.26716530 -0.15599674 0.11645675 0.55686275 0.46666667 0.42352941
v 0.28086615 -0.15607649 0.11645675 0.56862745 0.47450980 0.43137255
v 0.29456687 -0.15619069 0.11645675 0.55294118 0.47843137 0.43921569
v 0.30826771 -0.15576202 0.11645675 0.54509804 0.47843137 0.43921569
v 0.32196844 -0.15489465 0.11645675 0.59215686 0.50196078 0.43921569
v 0.33566940 -0.15358621 0.11645675 0.65490196 0.55294118 0.47058824
v 0.34937012 -0.15088421 0.11645675 0.65882353 0.55686275 0.47058824
v 0.35823607 -0.14385825 0.11645675 0.66274510 0.56078431 0.46666667
v -0.42867994 -0.13015747 0.11645675 0.59215686 0.59607843 0.57254902
v -0.34937006 -0.13015747 0.11487120 0.59607843 0.61960784 0.59607843
v -0.35060382 -0.13015747 0.11645675 0.59607843 0.61960784 0.59607843
v -0.33566928 -0.13015747 0.10988939 0.60000000 0.62745098 0.60000000
v -0.32196850 -0.13015747 0.10809642 0.59607843 0.62745098 0.60000000
v -0.22606301 -0.13015747 0.10369259 0.62745098 0.61176471 0.53333333
v -0.21236223 -0.13015747 0.10466808 0.59215686 0.60000000 0.56862745
v -0.19866145 -0.13015747 0.10726929 0.58823529 0.60000000 0.58431373
v -0.18496066 -0.13015747 0.10984147 0.62352941 0.61568627 0.57647059
v -0.17125988 -0.13015747 0.11184198 0.64705882 0.62745098 0.56470588
v -0.17026246 -0.13015747 0.11645675 0.65490196 0.62745098 0.56078431
v 0.36307085 -0.14283872 0.11645675 0.66666667 0.56470588 0.47058824
v 0.37677169 -0.14158034 0.11645675 0.70980392 0.62352941 0.53333333
v 0.38821459 -0.13015747 0.11645675 0.72549020 0.65490196 0.56862745
v -0.42795900 -0.11645669 0.11645675 0.59215686 0.59607843 0.57254902
v -0.34937006 -0.11645669 0.11469239 0.59607843 0.61960784 0.59607843
v -0.35064703 -0.11645669 0.11645675 0.59607843 0.61960784 0.59607843
v -0.33566928 -0.11645669 0.10982352 0.60392157 0.62745098 0.60000000
v -0.32196850 -0.11645669 0.10947150 0.59607843 0.62745098 0.60000000
v -0.30826771 -0.11645669 0.10396266 0.60000000 0.63529412 0.60392157
v -0.23976380 -0.11645669 0.10691422 0.61960784 0.61960784 0.53333333
v -0.22606301 -0.11645669 0.10892332 0.63137255 0.61960784 0.52941176
v -0.21236223 -0.11645669 0.10918134 0.60000000 0.60392157 0.56470588
v -0.19866145 -0.11645669 0.11062801 0.59215686 0.60392157 0.58039216
v -0.18496066 -0.11645669 0.11230713 0.62352941 0.61568627 0.57254902
v -0.17125988 -0.11645669 0.11474550 0.64705882 0.62745098 0.56470588
v -0.17085588 -0.11645669 0.11645675 0.65098039 0.62745098 0.56470588
v 0.39047241 -0.12774134 0.11645675 0.72549020 0.65882353 0.58039216
v 0.39047241 -0.11645669 0.10399312 0.73333333 0.66274510 0.58039216
v 0.40172458 -0.11645669 0.11645675 0.73725490 0.67058824 0.58823529
v -0.41787404 -0.10400516 0.11645675 0.59215686 0.59607843 0.56862745
v -0.41787404 -0.10275590 0.11626697 0.59215686 0.59607843 0.56862745
v -0.41751820 -0.10275590 0.11645675 0.59607843 0.59607843 0.56862745
v -0.34937006 -0.10275590 0.11277556 0.59607843 0.61960784 0.59607843
v -0.35309905 -0.10275590 0.11645675 0.59607843 0.61960784 0.59607843
v -0.33566928 -0.10275590 0.10736865 0.60000000 0.62745098 0.60000000
v -0.32196850 -0.10275590 0.10595602 0.60000000 0.62745098 0.60000000
v -0.22606301 -0.10275590 0.10666943 0.61176471 0.61568627 0.54117647
v -0.21236223 -0.10275590 0.10845119 0.58823529 0.60000000 0.56862745
v -0.19866145 -0.10275590 0.11085981 0.58823529 0.59607843 0.58039216
v -0.18496066 -0.10275590 0.11258507 0.60392157 0.60784314 0.58039216
v -0.17125988 -0.10275590 0.11603731 0.62745098 0.61960784 0.57647059
v -0.17115545 -0.10275590 0.11645675 0.62745098 0.61960784 0.57647059
v 0.40390074 -0.10275590 0.11645675 0.70980392 0.64313725 0.56078431
v -0.41787404 -0.08905512 0.11452562 0.59607843 0.60000000 0.56862745
v -0.41406125 -0.08905512 0.11645675 0.59607843 0.60000000 0.56862745
v -0.36307085 -0.08905512 0.11446041 0.59215686 0.61176471 0.58823529
v -0.36307085 -0.09163493 0.11645675 0.59215686 0.61176471 0.58823529
v -0.36737955 -0.08905512 0.11645675 0.59215686 0.61176471 0.58431373
v -0.34937006 -0.08905512 0.10624617 0.59607843 0.61960784 0.59607843
v -0.21236223 -0.08905512 0.10340750 0.58039216 0.59607843 0.57254902
v -0.19866145 -0.08905512 0.10939819 0.58039216 0.59607843 0.58039216
v -0.18496066 -0.08905512 0.11206275 0.59607843 0.60392157 0.58431373
v -0.17245579 -0.08905512 0.11645675 0.61176471 0.61568627 0.58039216
v -0.17125988 -0.09461010 0.11645675 0.61176471 0.61568627 0.58431373
v 0.40417325 -0.10215402 0.11645675 0.70588235 0.63921569 0.55686275
v 0.41672051 -0.08905512 0.11645675 0.68627451 0.60784314 0.52156863
v -0.40417325 -0.07535434 0.11225092 0.60392157 0.60784314 0.57254902
v -0.40417325 -0.07917553 0.11645675 0.60392157 0.61176471 0.57647059
v -0.39047247 -0.07535434 0.11192828 0.60392157 0.61568627 0.58039216
v -0.39047247 -0.07931823 0.11645675 0.60392157 0.61960784 0.58431373
v -0.37677163 -0.07535434 0.10713655 0.59607843 0.61176471 0.58823529
v -0.37677163 -0.08210421 0.11645675 0.59607843 0.61176471 0.58823529
v -0.19866145 -0.07535434 0.10675842 0.58431373 0.60000000 0.58039216
v -0.18496066 -0.07535434 0.11107379 0.60784314 0.60784314 0.57647059
v -0.17257655 -0.07535434 0.11645675 0.62352941 0.61176471 0.56862745
v 0.41787398 -0.07535434 0.11525106 0.69803922 0.61960784 0.52941176
v 0.41778207 -0.07535434 0.11645675 0.69803922 0.61960784 0.52941176
v -0.18496066 -0.06165355 0.10423791 0.60392157 0.60392157 0.58039216
v -0.17125988 -0.07337153 0.11645675 0.62352941 0.61176471 0.56470588
v -0.17125988 -0.06165355 0.11395365 0.62352941 0.61176471 0.56078431
v -0.17086762 -0.06165355 0.11645675 0.62352941 0.61176471 0.56078431
v 0.41787398 -0.07435179 0.11645675 0.70196078 0.62352941 0.52941176
v 0.42847836 -0.06165355 0.11645675 0.71764706 0.65098039 0.56862745
v -0.17053080 -0.04795271 0.11645675 0.60784314 0.60784314 0.56862745
v 0.43157482 -0.05877829 0.11645675 0.71764706 0.65882353 0.57254902
v 0.44145393 -0.04795271 0.11645675 0.70196078 0.65098039 0.57647059
v -0.17034769 -0.03425193 0.11645675 0.60392157 0.60784314 0.56862745
v 0.44331169 -0.03425193 0.11645675 0.67843137 0.62352941 0.54901961
v -0.17037630 -0.02055115 0.11645675 0.61960784 0.60784314 0.55686275
v 0.44372857 -0.02055115 0.11645675 0.68627451 0.63529412 0.55686275
v -0.17029184 -0.00685036 0.11645675 0.61960784 0.60784314 0.55686275
v 0.44377136 -0.00685036 0.11645675 0.67450980 0.61960784 0.54117647
v -0.17009038 0.00685036 0.11645675 0.61176471 0.60784314 0.56470588
v 0.44354033 0.00685036 0.11645675 0.64705882 0.58039216 0.50196078
v -0.17023790 0.02055115 0.11645675 0.61176471 0.60784314 0.56470588
v 0.44278014 0.02055115 0.11645675 0.63137255 0.56078431 0.48627451
v -0.17043108 0.03425193 0.11645675 0.61960784 0.60784314 0.55686275
v 0.44080627 0.03425193 0.11645675 0.63529412 0.56470588 0.48627451
v -0.17051184 0.04795271 0.11645675 0.61960784 0.60784314 0.56078431
v 0.43157482 0.04580277 0.11645675 0.64705882 0.55686275 0.46666667
v 0.42954159 0.04795271 0.11645675 0.64705882 0.55294118 0.46274510
v -0.17046756 0.06165349 0.11645675 0.60784314 0.61176471 0.57254902
v 0.41787398 0.06165349 0.11361015 0.63921569 0.53725490 0.44313725
v 0.41787398 0.05965394 0.11645675 0.64705882 0.54509804 0.45098039
v 0.41772425 0.06165349 0.11645675 0.64705882 0.54117647 0.44705882
v -0.17035860 0.07535428 0.11645675 0.60392157 0.60784314 0.57647059
v 0.41697359 0.07535428 0.11645675 0.64313725 0.53725490 0.44705882
v -0.17004234 0.08905506 0.11645675 0.60392157 0.60784314 0.57254902
v 0.40417325 0.08888644 0.11645675 0.62352941 0.53725490 0.45882353
v 0.40400398 0.08905506 0.11645675 0.62352941 0.53725490 0.45882353
v -0.40417325 0.10275584 0.10655951 0.60000000 0.60392157 0.57254902
v -0.39047247 0.10275584 0.10532022 0.60392157 0.60784314 0.57647059
v -0.37677163 0.10275584 0.10609633 0.59215686 0.60392157 0.58039216
v -0.16919446 0.10275584 0.11645675 0.60000000 0.60392157 0.57254902
v 0.39047241 0.10275584 0.10750347 0.61568627 0.54509804 0.48235294
v 0.39724243 0.10275584 0.11645675 0.63529412 0.56862745 0.49411765
v -0.40417325 0.11645675 0.11229229 0.59607843 0.60392157 0.57647059
v -0.39047247 0.11645675 0.11050355 0.59607843 0.60784314 0.58039216
v -0.37677163 0.11645675 0.11154473 0.59215686 0.60000000 0.57647059
v -0.36307085 0.11645675 0.10540676 0.58823529 0.60000000 0.57254902
v -0.16572005 0.11645675 0.11645675 0.60392157 0.60784314 0.56862745
v 0.37677169 0.11586225 0.11645675 0.60784314 0.54117647 0.48235294
v 0.37419617 0.11645675 0.11645675 0.60392157 0.53333333 0.47843137
v 0.39047241 0.10953945 0.11645675 0.63921569 0.57647059 0.50980392
v -0.40417325 0.13015747 0.11167419 0.60000000 0.60392157 0.57647059
v -0.39047247 0.13015747 0.11031109 0.60000000 0.60784314 0.58039216
v -0.37677163 0.13015747 0.11083651 0.59215686 0.60000000 0.57647059
v -0.15755904 0.12500769 0.11645675 0.61568627 0.60784314 0.55686275
v -0.15561861 0.13015747 0.11645675 0.61176471 0.60392157 0.55686275
v 0.33566940 0.13015747 0.10680169 0.55294118 0.49019608 0.45490196
v 0.33566940 0.12880015 0.11645675 0.55686275 0.49411765 0.45490196
v 0.32845187 0.13015747 0.11645675 0.53333333 0.48235294 0.45098039
v 0.34937012 0.12642491 0.11645675 0.57254902 0.50196078 0.45882353
v 0.36307085 0.12462580 0.11645675 0.58431373 0.51372549 0.46274510
v -0.39047247 0.14385831 0.10543114 0.60784314 0.61176471 0.57647059
v -0.37677163 0.14385831 0.10343105 0.59607843 0.60392157 0.57647059
v -0.14727098 0.14385831 0.11645675 0.61176471 0.60392157 0.56078431
v 0.15755904 0.14385831 0.11026120 0.69411765 0.52941176 0.45490196
v 0.15755904 0.14185512 0.11645675 0.78431373 0.54117647 0.44705882
v 0.15520763 0.14385831 0.11645675 0.73333333 0.52156863 0.43921569
v 0.17125988 0.14385831 0.11236548 0.54901961 0.47843137 0.44313725
v 0.17125988 0.14339209 0.11645675 0.57254902 0.49019608 0.44705882
v 0.18496060 0.14182830 0.11645675 0.54117647 0.47843137 0.45490196
v 0.19866145 0.13590086 0.11645675 0.54901961 0.47058824 0.43921569
v 0.21236217 0.14119840 0.11645675 0.49411765 0.45882353 0.45098039
v 0.22606301 0.14063084 0.11645675 0.45882353 0.44705882 0.45490196
v 0.23976374 0.14029276 0.11645675 0.45490196 0.44705882 0.45490196
v 0.25346458 0.13903522 0.11645675 0.46666667 0.45490196 0.45882353
v 0.26716530 0.13851881 0.11645675 0.48235294 0.45882353 0.45490196
v 0.28086615 0.13859653 0.11645675 0.50588235 0.47058824 0.45882353
v 0.29456687 0.13707530 0.11645675 0.50588235 0.47058824 0.45882353
v 0.30826771 0.13522124 0.11645675 0.50588235 0.47058824 0.45882353
v 0.32196844 0.13324320 0.11645675 0.51764706 0.47450980 0.45098039
v -0.14385825 0.14725900 0.11645675 0.61176471 0.60392157 0.56078431
v -0.13015747 0.15755904 0.10439336 0.61568627 0.59607843 0.53725490
v -0.13015747 0.15417171 0.11645675 0.62352941 0.60392157 0.54509804
v -0.11645669 0.15755904 0.10319799 0.63137255 0.58823529 0.50980392
v -0.11645669 0.15252256 0.11645675 0.64705882 0.59607843 0.51372549
v -0.10275590 0.15755904 0.10337001 0.65882353 0.56862745 0.46274510
v -0.10275590 0.15269351 0.11645675 0.67843137 0.57647059 0.46666667
v -0.08905512 0.15222025 0.11645675 0.69019608 0.55686275 0.44313725
v -0.07535434 0.15200663 0.11645675 0.65490196 0.53333333 0.43921569
v -0.06165355 0.15186524 0.11645675 0.63921569 0.51372549 0.43137255
v -0.04795271 0.15169704 0.11645675 0.65882353 0.45098039 0.37254902
v -0.03425193 0.15159917 0.11645675 0.63137255 0.43921569 0.37254902
v -0.02055115 0.15147030 0.11645675 0.62745098 0.48627451 0.41960784
v -0.00685036 0.15121591 0.11645675 0.70588235 0.54117647 0.44705882
v 0.00685036 0.15080607 0.11645675 0.82745098 0.61568627 0.48627451
v 0.02055115 0.15050185 0.11645675 0.84705882 0.42745098 0.32156863
v 0.03425193 0.15086424 0.11645675 0.48235294 0.09019608 0.08235294
v 0.04795271 0.15077996 0.11645675 0.47843137 0.08235294 0.07058824
v 0.06165349 0.15064478 0.11645675 0.51764706 0.08235294 0.07058824
v 0.07535428 0.15755904 0.11133742 0.64705882 0.11372549 0.07843137
v 0.07535428 0.15120757 0.11645675 0.55686275 0.09411765 0.07843137
v 0.08905506 0.15755904 0.11443633 0.65882353 0.12156863 0.08627451
v 0.08905506 0.15295804 0.11645675 0.60784314 0.10980392 0.08235294
v 0.10275584 0.15755904 0.11428410 0.65882353 0.11764706 0.08627451
v 0.10275584 0.15281296 0.11645675 0.59607843 0.10588235 0.08235294
v 0.11645675 0.15755904 0.11512828 0.64313725 0.10980392 0.09019608
v 0.11645675 0.15472841 0.11645675 0.58823529 0.09019608 0.07843137
v 0.13015747 0.15755904 0.11436671 0.83529412 0.32156863 0.22352941
v 0.13015747 0.15376914 0.11645675 0.78431373 0.26666667 0.20000000
v 0.14385831 0.15755904 0.10621351 0.66274510 0.45882353 0.38823529
v 0.14385831 0.15379691 0.11645675 0.71372549 0.50980392 0.42352941
v 0.06165349 0.17125988 0.10841358 0.68627451 0.12549020 0.09019608
v 0.07535428 0.17125988 0.11261308 0.72549020 0.14117647 0.10588235
v 0.08905506 0.17125988 0.11462581 0.72549020 0.14509804 0.10980392
v 0.10275584 0.17125988 0.11470217 0.72549020 0.14509804 0.10980392
v 0.11645675 0.17125988 0.11435992 0.72549020 0.16470588 0.13333333
v 0.13015747 0.17125988 0.11039060 0.59607843 0.19607843 0.15686275
v 0.04795271 0.18496060 0.10754311 0.67843137 0.12941176 0.10980392
v 0.06165349 0.18496060 0.11189997 0.72156863 0.14117647 0.11372549
v 0.07535428 0.18496060 0.11383605 0.75294118 0.15294118 0.12156863
v 0.08905506 0.18496060 0.11407346 0.74509804 0.14901961 0.12549020
v 0.10275584 0.18496060 0.11344296 0.74117647 0.15686275 0.13333333
v 0.11645675 0.18496060 0.10596234 0.77254902 0.21568627 0.17254902
v 0.02055115 0.19866145 0.10418779 0.90196078 0.71372549 0.58431373
v 0.03425193 0.19866145 0.10795122 0.67843137 0.16470588 0.16470588
v 0.04795271 0.19866145 0.11113298 0.69019608 0.14509804 0.14117647
v 0.06165349 0.19866145 0.11301643 0.73333333 0.14901961 0.13725490
v 0.07535428 0.19866145 0.11317092 0.76078431 0.15686275 0.13725490
v 0.08905506 0.19866145 0.11259168 0.76078431 0.16078431 0.14509804
v 0.10275584 0.19866145 0.10520375 0.75686275 0.17647059 0.14901961
v -0.00685036 0.21236217 0.10364187 0.60392157 0.49411765 0.43529412
v 0.00685036 0.21236217 0.10838753 0.58039216 0.47058824 0.42745098
v 0.02055115 0.21236217 0.11072749 0.56470588 0.45882353 0.42745098
v 0.03425193 0.21236217 0.11180472 0.71764706 0.59215686 0.52941176
v 0.04795271 0.21236217 0.11323100 0.94901961 0.81176471 0.70196078
v 0.06165349 0.21236217 0.11325598 0.88627451 0.43137255 0.36470588
v 0.07535428 0.21236217 0.11173183 0.84313725 0.29803922 0.25490196
v -0.03425193 0.22606301 0.10673177 0.56862745 0.54117647 0.52549020
v -0.02055115 0.22606301 0.11057252 0.58039216 0.54509804 0.50980392
v -0.00685036 0.22606301 0.11214781 0.57647059 0.53725490 0.49803922
v 0.00685036 0.22606301 0.11342442 0.54901961 0.50980392 0.50588235
v 0.02055115 0.22606301 0.11402851 0.52941176 0.49803922 0.50196078
v 0.03425193 0.22606301 0.11407459 0.51764706 0.48627451 0.47843137
v 0.04795271 0.22606301 0.11362106 0.50588235 0.48235294 0.48627451
v 0.06165349 0.22606301 0.11179239 0.62745098 0.56078431 0.51372549
v -0.07535434 0.23976374 0.11290199 0.58431373 0.60392157 0.61568627
v -0.06165355 0.23976374 0.11311656 0.58431373 0.60392157 0.61176471
v -0.04795271 0.23976374 0.11379391 0.56470588 0.57254902 0.58039216
v -0.03425193 0.23976374 0.11479360 0.54901961 0.55294118 0.55686275
v -0.02055115 0.23976374 0.11557096 0.55294118 0.55294118 0.55294118
v -0.00685036 0.23976374 0.11621076 0.55294118 0.54509804 0.53725490
v 0.00535506 0.23976374 0.11645675 0.54117647 0.52941176 0.53333333
v 0.00685036 0.23959494 0.11645675 0.54117647 0.52941176 0.53333333
v 0.00735140 0.23976374 0.11645675 0.53725490 0.52549020 0.53333333
v 0.02055115 0.23976374 0.11592835 0.51764706 0.50980392 0.52941176
v 0.03425193 0.23976374 0.11439276 0.50980392 0.50588235 0.51764706
v 0.04795271 0.23976374 0.11164916 0.49803922 0.49803922 0.51372549
v -0.08905512 0.25346458 0.11618936 0.57647059 0.59215686 0.60392157
v -0.08837724 0.25346458 0.11645675 0.57647059 0.59215686 0.60392157
v -0.07535434 0.24193299 0.11645675 0.58431373 0.60392157 0.61568627
v -0.06165355 0.24482465 0.11645675 0.58823529 0.60784314 0.61568627
v -0.04795271 0.24366736 0.11645675 0.56862745 0.58039216 0.58431373
v -0.03425193 0.24241757 0.11645675 0.54901961 0.55686275 0.56470588
v -0.02055115 0.24137294 0.11645675 0.55294118 0.55686275 0.55294118
v -0.00685036 0.24043882 0.11645675 0.54901961 0.54509804 0.54117647
v 0.02055115 0.25346458 0.11635798 0.51372549 0.51764706 0.53725490
v 0.02000189 0.25346458 0.11645675 0.51372549 0.51764706 0.53725490
v 0.03425193 0.25346458 0.11256289 0.50588235 0.50980392 0.53333333
v -0.10275590 0.26716530 0.11313641 0.58039216 0.59215686 0.60392157
v -0.09977728 0.26716530 0.11645675 0.57647059 0.59215686 0.60392157
v -0.08905512 0.25473547 0.11645675 0.57647059 0.59215686 0.60392157
v 0.02055115 0.26716530 0.11270213 0.54901961 0.54509804 0.54901961
v 0.01167393 0.26716530 0.11645675 0.55294118 0.54901961 0.55294118
v -0.12851226 0.28086615 0.11645675 0.61568627 0.62745098 0.62745098
v -0.11645669 0.27216208 0.11645675 0.59607843 0.61176471 0.61960784
v -0.10275590 0.26966941 0.11645675 0.58039216 0.59607843 0.60784314
v 0.00685036 0.28086615 0.11357528 0.58823529 0.59215686 0.59215686
v 0.00685036 0.27219391 0.11645675 0.56078431 0.56078431 0.55686275
v 0.00256187 0.28086615 0.11645675 0.60392157 0.60784314 0.60392157
v -0.15732527 0.29456687 0.11645675 0.63137255 0.64313725 0.63137255
v -0.14385825 0.28203022 0.11645675 0.62352941 0.63529412 0.63137255
v -0.13015747 0.28111744 0.11645675 0.61568627 0.62745098 0.62745098
v -0.00685036 0.29456687 0.11424178 0.61176471 0.61960784 0.60784314
v -0.00685036 0.29022360 0.11645675 0.61568627 0.62352941 0.61176471
v -0.01055551 0.29456687 0.11645675 0.61960784 0.62745098 0.61176471
v -0.17043376 0.30826771 0.11645675 0.64705882 0.65490196 0.62745098
v -0.15755904 0.29472697 0.11645675 0.63137255 0.64313725 0.63137255
v -0.02055115 0.30826771 0.11198986 0.60784314 0.61176471 0.60000000
v -0.02055115 0.30431044 0.11645675 0.61568627 0.62352941 0.60784314
v -0.02285677 0.30826771 0.11645675 0.61176471 0.61960784 0.60784314
v -0.17125988 0.32196844 0.10877854 0.63529412 0.64705882 0.62352941
v -0.17659181 0.32196844 0.11645675 0.65490196 0.66274510 0.62745098
v -0.17125988 0.31661630 0.11645675 0.64705882 0.65490196 0.62352941
v -0.03425193 0.32196844 0.11267424 0.60784314 0.61960784 0.60784314
v -0.03425193 0.31993389 0.11645675 0.61176471 0.61960784 0.60784314
v -0.03578836 0.32196844 0.11645675 0.61176471 0.62352941 0.61176471
v -0.18340850 0.33566940 0.11645675 0.65882353 0.66666667 0.63921569
v -0.06165355 0.33566940 0.10709405 0.61960784 0.62745098 0.61176471
v -0.06165355 0.32209086 0.11645675 0.61960784 0.62352941 0.60784314
v -0.06336868 0.33566940 0.11645675 0.62745098 0.63137255 0.61568627
v -0.04795271 0.33387876 0.11645675 0.61960784 0.62745098 0.61176471
v -0.18446875 0.34937012 0.11645675 0.65882353 0.66274510 0.63137255
v -0.07535434 0.34937012 0.11298478 0.62352941 0.62745098 0.60784314
v -0.07535434 0.34843409 0.11645675 0.62745098 0.63137255 0.61176471
v -0.07686436 0.34937012 0.11645675 0.62745098 0.63137255 0.61176471
v -0.18406349 0.36307085 0.11645675 0.65098039 0.65882353 0.62352941
v -0.08905512 0.36008334 0.11645675 0.61568627 0.62352941 0.61176471
v -0.09413999 0.36307085 0.11645675 0.60784314 0.61960784 0.61176471
v -0.17125988 0.37595832 0.11645675 0.65098039 0.65882353 0.62352941
v -0.17125988 0.37677169 0.11500001 0.65098039 0.65490196 0.61960784
v -0.16444016 0.37677169 0.11645675 0.64313725 0.65098039 0.61960784
v -0.11645669 0.37677169 0.10342783 0.61960784 0.62352941 0.60392157
v -0.11645669 0.37469578 0.11645675 0.63529412 0.63921569 0.60784314
v -0.12670130 0.37677169 0.11645675 0.63529412 0.63921569 0.61176471
v -0.10275590 0.37047195 0.11645675 0.61568627 0.62352941 0.61176471
v -0.15755904 0.38334846 0.11645675 0.63921569 0.64313725 0.61960784
v -0.14385825 0.38422382 0.11645675 0.63529412 0.63921569 0.61960784
v -0.13015747 0.37912989 0.11645675 0.63529412 0.63921569 0.61176471
v -0.11645669 -0.34937006 0.12993586 0.71372549 0.70196078 0.65490196
v -0.11732781 -0.34937006 0.13015747 0.71764706 0.70196078 0.65490196
v -0.11645669 -0.34982502 0.13015747 0.71372549 0.70196078 0.65490196
v -0.11557090 -0.34937006 0.13015747 0.71372549 0.70196078 0.65490196
v -0.11645669 -0.33566928 0.12415987 0.71764706 0.70588235 0.65882353
v -0.12833542 -0.33566928 0.13015747 0.72549020 0.71372549 0.66274510
v -0.10275590 -0.34614038 0.13015747 0.69019608 0.68627451 0.65098039
v -0.10275590 -0.33566928 0.12386364 0.69411765 0.68627451 0.65098039
v -0.08905512 -0.34565729 0.13015747 0.68235294 0.68235294 0.65490196
v -0.08905512 -0.33566928 0.12280649 0.68627451 0.67843137 0.65098039
v -0.07535434 -0.33682173 0.13015747 0.70588235 0.69803922 0.65882353
v -0.07535434 -0.33566928 0.12905508 0.70588235 0.69803922 0.65882353
v -0.07361329 -0.33566928 0.13015747 0.70588235 0.69803922 0.65882353
v -0.04795271 -0.33566928 0.12125468 0.66666667 0.66274510 0.63921569
v -0.05850101 -0.33566928 0.13015747 0.69411765 0.68627451 0.65098039
v -0.04795271 -0.34469026 0.13015747 0.67058824 0.66274510 0.63529412
v -0.03908080 -0.33566928 0.13015747 0.65490196 0.65098039 0.62745098
v -0.11645669 -0.32196850 0.12466890 0.68235294 0.68235294 0.65490196
v -0.12585086 -0.32196850 0.13015747 0.68627451 0.69019608 0.66274510
v -0.10275590 -0.32196850 0.12040186 0.66666667 0.66666667 0.64705882
v -0.08905512 -0.32196850 0.11804050 0.65490196 0.65882353 0.64313725
v -0.07535434 -0.32196850 0.11984646 0.66274510 0.67058824 0.65098039
v -0.06165355 -0.33477157 0.13015747 0.70196078 0.69019608 0.65490196
v -0.06165355 -0.32196850 0.11661965 0.65490196 0.66274510 0.64705882
v -0.04795271 -0.32196850 0.11672294 0.63921569 0.64705882 0.63529412
v -0.03425193 -0.32364196 0.13015747 0.64705882 0.65098039 0.63137255
v -0.03425193 -0.32196850 0.12808317 0.64313725 0.64705882 0.63137255
v -0.02055115 -0.32404810 0.13015747 0.66274510 0.65882353 0.63529412
v -0.02055115 -0.32196850 0.12793541 0.65490196 0.65490196 0.63137255
v -0.01844525 -0.32196850 0.13015747 0.65490196 0.65490196 0.63137255
v -0.13015747 -0.30826771 0.12902945 0.65882353 0.66666667 0.65490196
v -0.13139653 -0.30826771 0.13015747 0.65882353 0.66666667 0.65490196
v -0.13015747 -0.31169730 0.13015747 0.65098039 0.66274510 0.65098039
v -0.11645669 -0.30826771 0.12350833 0.66274510 0.66666667 0.65098039
v -0.10275590 -0.30826771 0.11839110 0.64313725 0.65098039 0.63921569
v -0.07535434 -0.30826771 0.11646080 0.64705882 0.65490196 0.64313725
v -0.00685036 -0.31721133 0.13015747 0.63529412 0.63921569 0.62745098
v -0.00685036 -0.30826771 0.11884469 0.62352941 0.63137255 0.61960784
v 0.00303578 -0.30826771 0.13015747 0.61960784 0.62745098 0.61960784
v -0.13015747 -0.30640107 0.13015747 0.65882353 0.67058824 0.65882353
v -0.11645669 -0.29456693 0.12990904 0.67843137 0.68235294 0.66274510
v -0.11684465 -0.29456693 0.13015747 0.67843137 0.68235294 0.66274510
v -0.10275590 -0.29456693 0.12520421 0.66666667 0.66666667 0.64705882
v -0.08905512 -0.29456693 0.12114483 0.66274510 0.66274510 0.64313725
v 0.00685036 -0.30596119 0.13015747 0.61568627 0.62745098 0.61960784
v 0.02055115 -0.29829526 0.13015747 0.61568627 0.62745098 0.62352941
v 0.02055115 -0.29456693 0.12453693 0.62745098 0.63529412 0.62745098
v 0.02428854 -0.29456693 0.13015747 0.62352941 0.63137255 0.62352941
v -0.11645669 -0.29430044 0.13015747 0.67843137 0.68235294 0.66274510
v -0.10275590 -0.28813720 0.13015747 0.67058824 0.67450980 0.65490196
v -0.08905512 -0.28086615 0.11731333 0.64313725 0.64705882 0.64313725
v -0.10062367 -0.28086615 0.13015747 0.65882353 0.66274510 0.64705882
v 0.03425193 -0.28966475 0.13015747 0.63529412 0.63921569 0.62352941
v 0.04313397 -0.28086615 0.13015747 0.62745098 0.63529412 0.62352941
v -0.10116255 -0.26716530 0.13015747 0.62352941 0.63137255 0.63137255
v 0.04795271 -0.27790451 0.13015747 0.60000000 0.61176471 0.60784314
v 0.05903542 -0.26716530 0.13015747 0.53725490 0.54901961 0.56470588
v -0.08905512 -0.25425541 0.13015747 0.60784314 0.61960784 0.61960784
v -0.07535434 -0.25346458 0.11792386 0.61568627 0.62745098 0.62745098
v -0.08736694 -0.25346458 0.13015747 0.61176471 0.61960784 0.61960784
v 0.06165349 -0.26510572 0.13015747 0.52941176 0.54117647 0.56078431
v 0.07535428 -0.25346458 0.12599254 0.49411765 0.50196078 0.52549020
v 0.07470757 -0.25346458 0.13015747 0.49803922 0.50588235 0.53333333
v -0.07535434 -0.24358273 0.13015747 0.61960784 0.62745098 0.61568627
v -0.06165355 -0.23976380 0.11868346 0.61960784 0.62352941 0.60784314
v -0.06958735 -0.23976380 0.13015747 0.62745098 0.63137255 0.62352941
v 0.07535428 -0.25290489 0.13015747 0.49803922 0.50588235 0.53333333
v 0.08905506 -0.24548596 0.13015747 0.49803922 0.50196078 0.52549020
v 0.09479243 -0.23976380 0.13015747 0.50196078 0.50196078 0.51764706
v -0.06165355 -0.23183513 0.13015747 0.63137255 0.62352941 0.60392157
v -0.04795271 -0.22606301 0.12756377 0.61568627 0.59607843 0.56862745
v -0.04873586 -0.22606301 0.13015747 0.61568627 0.60000000 0.57254902
v 0.10275584 -0.23295254 0.13015747 0.54117647 0.50196078 0.48627451
v 0.10966337 -0.22606301 0.13015747 0.68627451 0.56470588 0.49803922
v -0.04795271 -0.22530597 0.13015747 0.61568627 0.59607843 0.56862745
v -0.03425193 -0.21542507 0.13015747 0.59607843 0.55294118 0.52156863
v -0.02055115 -0.21351814 0.13015747 0.59607843 0.54117647 0.50196078
v -0.01667523 -0.21236223 0.13015747 0.59215686 0.53725490 0.49803922
v 0.11645675 -0.21884924 0.13015747 0.91372549 0.72549020 0.59607843
v 0.12292475 -0.21236223 0.13015747 0.94901961 0.61176471 0.45882353
v -0.00685036 -0.20347857 0.13015747 0.56862745 0.50196078 0.48235294
v -0.00046867 -0.19866145 0.13015747 0.58823529 0.47450980 0.43529412
v 0.13015747 -0.20770621 0.13015747 0.89803922 0.40000000 0.30196078
v 0.13918984 -0.19866145 0.13015747 0.84313725 0.27843137 0.20784314
v 0.00685036 -0.19135332 0.13015747 0.56470588 0.44313725 0.39215686
v 0.02055115 -0.18588555 0.13015747 0.48235294 0.39215686 0.36078431
v 0.02244192 -0.18496066 0.13015747 0.47450980 0.38823529 0.36078431
v 0.14385831 -0.18496066 0.13004720 0.83529412 0.23529412 0.15294118
v 0.14380848 -0.18496066 0.13015747 0.83529412 0.23529412 0.15294118
v -0.39047247 -0.17125988 0.11980313 0.61960784 0.62745098 0.58823529
v -0.14385825 -0.17125988 0.12272364 0.61568627 0.62745098 0.58823529
v -0.13480973 -0.17125988 0.13015747 0.64313725 0.63921569 0.60000000
v -0.13015747 -0.17538399 0.13015747 0.63529412 0.62352941 0.59607843
v -0.11645669 -0.17617571 0.13015747 0.65490196 0.63921569 0.60784314
v -0.10275590 -0.17508608 0.13015747 0.63137255 0.61568627 0.56862745
v -0.08905512 -0.17326260 0.13015747 0.62745098 0.59215686 0.52941176
v -0.07535434 -0.17176259 0.13015747 0.63137255 0.57647059 0.50980392
v -0.06165355 -0.17125988 0.12931031 0.63137255 0.54901961 0.47843137
v -0.07233161 -0.17125988 0.13015747 0.63137255 0.57254902 0.50588235
v -0.04795271 -0.17125988 0.12746847 0.63921569 0.50196078 0.41960784
v -0.03425193 -0.17125988 0.12458313 0.63921569 0.44313725 0.36078431
v -0.02055115 -0.17125988 0.12362385 0.62352941 0.47058824 0.39607843
v -0.00685036 -0.17125988 0.12249422 0.61176471 0.48627451 0.41568627
v 0.00685036 -0.17125988 0.11770916 0.50196078 0.38431373 0.34901961
v 0.03425193 -0.17288291 0.13015747 0.60000000 0.36078431 0.31372549
v 0.03425193 -0.17125988 0.11838394 0.49411765 0.20784314 0.16470588
v 0.03688157 -0.17125988 0.13015747 0.66274510 0.35294118 0.28627451
v 0.14385831 -0.18459564 0.13015747 0.83529412 0.23529412 0.14901961
v 0.15210509 -0.17125988 0.13015747 0.82352941 0.22352941 0.14509804
v -0.40417325 -0.15755904 0.12857467 0.61568627 0.61960784 0.58823529
v -0.39047247 -0.15755904 0.12798166 0.61960784 0.62745098 0.60000000
v -0.37677163 -0.15755904 0.12723917 0.60784314 0.61960784 0.59607843
v -0.36307085 -0.15755904 0.12254071 0.60000000 0.61568627 0.59215686
v -0.15411317 -0.15755904 0.13015747 0.65098039 0.62352941 0.56470588
v -0.14385825 -0.16806817 0.13015747 0.65882353 0.65882353 0.60784314
v -0.06165355 -0.17084104 0.13015747 0.63137255 0.54901961 0.47843137
v -0.04795271 -0.17010236 0.13015747 0.63529412 0.50196078 0.41960784
v -0.03425193 -0.16928893 0.13015747 0.62352941 0.44705882 0.37254902
v -0.02055115 -0.16915721 0.13015747 0.61568627 0.45882353 0.39607843
v -0.00685036 -0.16905701 0.13015747 0.65098039 0.50588235 0.43137255
v 0.00685036 -0.16873538 0.13015747 0.54509804 0.40000000 0.35686275
v 0.02055115 -0.16854250 0.13015747 0.38431373 0.23137255 0.22352941
v 0.03425193 -0.16902375 0.13015747 0.65490196 0.32549020 0.26666667
v 0.15755904 -0.16289735 0.13015747 0.80784314 0.20784314 0.14901961
v 0.17125988 -0.16721243 0.13015747 0.81176471 0.28235294 0.20784314
v 0.18496060 -0.16704869 0.13015747 0.64705882 0.40000000 0.33725490
v 0.19866145 -0.15755904 0.12329513 0.62352941 0.48627451 0.41960784
v 0.19554400 -0.15755904 0.13015747 0.62745098 0.47843137 0.41176471
v 0.21236217 -0.15755904 0.11649573 0.58823529 0.48235294 0.43529412
v -0.41787404 -0.14385825 0.12585264 0.60000000 0.60392157 0.57647059
v -0.40417325 -0.14385825 0.13002741 0.60784314 0.61568627 0.58823529
v -0.40007034 -0.14385825 0.13015747 0.61176471 0.61960784 0.59215686
v -0.39047247 -0.14772767 0.13015747 0.61176471 0.62352941 0.60000000
v -0.37764561 -0.14385825 0.13015747 0.60392157 0.61568627 0.59607843
v -0.37677163 -0.14385825 0.13012147 0.60392157 0.61568627 0.59607843
v -0.36307085 -0.14385825 0.12740332 0.59607843 0.61568627 0.59215686
v -0.16669321 -0.14385825 0.13015747 0.65098039 0.62745098 0.56862745
v -0.15755904 -0.15320778 0.13015747 0.65882353 0.62745098 0.56078431
v 0.19866145 -0.15058142 0.13015747 0.58431373 0.48627451 0.43529412
v 0.21236217 -0.15580934 0.13015747 0.58039216 0.48627451 0.43921569
v 0.22606301 -0.15510207 0.13015747 0.56470588 0.48235294 0.44313725
v 0.23976374 -0.15464532 0.13015747 0.54509804 0.47450980 0.43921569
v 0.25346458 -0.15394205 0.13015747 0.52941176 0.47058824 0.43921569
v 0.26716530 -0.15365601 0.13015747 0.54509804 0.47450980 0.43529412
v 0.28086615 -0.15354753 0.13015747 0.55294118 0.47843137 0.44705882
v 0.29456687 -0.15324467 0.13015747 0.53725490 0.47843137 0.45098039
v 0.30826771 -0.15295058 0.13015747 0.53333333 0.48235294 0.45098039
v 0.32196844 -0.15248066 0.13015747 0.58431373 0.50196078 0.44705882
v 0.33566940 -0.15104657 0.13015747 0.64705882 0.54117647 0.46274510
v 0.34937012 -0.14385825 0.12885064 0.66666667 0.55686275 0.46666667
v 0.34813082 -0.14385825 0.13015747 0.66666667 0.55686275 0.46666667
v -0.41787404 -0.13015747 0.12722838 0.59215686 0.60000000 0.57647059
v -0.41043830 -0.13015747 0.13015747 0.60000000 0.60392157 0.57647059
v -0.40417325 -0.14204884 0.13015747 0.60784314 0.61568627 0.58823529
v -0.37677163 -0.14340663 0.13015747 0.60392157 0.61568627 0.59607843
v -0.36938596 -0.13015747 0.13015747 0.58823529 0.60784314 0.59215686
v -0.36307085 -0.13015747 0.12880099 0.58823529 0.60784314 0.59215686
v -0.16955858 -0.13015747 0.13015747 0.65490196 0.62745098 0.56470588
v 0.34937012 -0.14348549 0.13015747 0.66666667 0.56078431 0.46666667
v 0.36307085 -0.14049554 0.13015747 0.67843137 0.57254902 0.47058824
v 0.37677169 -0.13848788 0.13015747 0.71764706 0.63137255 0.53725490
v 0.38512814 -0.13015747 0.13015747 0.73333333 0.65098039 0.56078431
v -0.41787404 -0.11645669 0.12650818 0.59215686 0.59607843 0.57254902
v -0.40609914 -0.11645669 0.13015747 0.60000000 0.60784314 0.57254902
v -0.36307085 -0.11645669 0.12863421 0.58823529 0.60784314 0.58823529
v -0.37153888 -0.11645669 0.13015747 0.58823529 0.60784314 0.58823529
v -0.17037421 -0.11645669 0.13015747 0.64705882 0.62745098 0.56470588
v 0.39047241 -0.12733275 0.13015747 0.72941176 0.66274510 0.58039216
v 0.40132356 -0.11645669 0.13015747 0.74117647 0.67450980 0.58823529
v -0.40417325 -0.10275590 0.12907350 0.60000000 0.60784314 0.57647059
v -0.40417325 -0.11433071 0.13015747 0.60392157 0.60784314 0.57254902
v -0.39047247 -0.10275590 0.12942457 0.60392157 0.61568627 0.58431373
v -0.39047247 -0.10717458 0.13015747 0.60392157 0.61568627 0.58431373
v -0.37677163 -0.10275590 0.12884319 0.59607843 0.61176471 0.58431373
v -0.37677163 -0.11146325 0.13015747 0.59607843 0.61176471 0.58431373
v -0.36307085 -0.10275590 0.12569988 0.59215686 0.61176471 0.58431373
v -0.17064047 -0.10275590 0.13015747 0.62352941 0.61960784 0.57647059
v 0.40417325 -0.11055481 0.13015747 0.74509804 0.67450980 0.58823529
v 0.40417325 -0.10275590 0.11996955 0.70980392 0.64313725 0.56078431
v 0.41194010 -0.10275590 0.13015747 0.72549020 0.65882353 0.56862745
v -0.40417325 -0.08905512 0.12630349 0.60000000 0.61176471 0.57647059
v -0.39047247 -0.08905512 0.12571865 0.60392157 0.61568627 0.58823529
v -0.37677163 -0.08905512 0.12333566 0.59607843 0.61176471 0.58431373
v -0.17125988 -0.08905512 0.11768574 0.61568627 0.61568627 0.58039216
v -0.17069757 -0.08905512 0.13015747 0.61176471 0.61176471 0.58039216
v 0.41698086 -0.08905512 0.13015747 0.69411765 0.61568627 0.52156863
v -0.17125988 -0.07535434 0.11787283 0.62352941 0.61568627 0.56470588
v -0.17069507 -0.07535434 0.13015747 0.62352941 0.61176471 0.56862745
v 0.41787398 -0.08186090 0.13015747 0.70196078 0.61960784 0.52549020
v 0.41787398 -0.07535434 0.11874974 0.70196078 0.62352941 0.52941176
v 0.42430592 -0.07535434 0.13015747 0.71764706 0.64705882 0.55294118
v -0.17063916 -0.06165355 0.13015747 0.61960784 0.61176471 0.56470588
v 0.43028438 -0.06165355 0.13015747 0.72549020 0.66274510 0.57647059
v -0.17053890 -0.04795271 0.13015747 0.60784314 0.60784314 0.57254902
v 0.43157482 -0.04859120 0.13015747 0.69803922 0.62745098 0.53725490
v 0.43220294 -0.04795271 0.13015747 0.69411765 0.62745098 0.53725490
v -0.17039496 -0.03425193 0.13015747 0.60392157 0.60392157 0.57254902
v 0.43861103 -0.03425193 0.13015747 0.67843137 0.61568627 0.53725490
v -0.17043376 -0.02055115 0.13015747 0.61568627 0.60392157 0.56078431
v 0.43984759 -0.02055115 0.13015747 0.68235294 0.62352941 0.54509804
v -0.17036057 -0.00685036 0.13015747 0.61960784 0.60392157 0.55686275
v 0.44012654 -0.00685036 0.13015747 0.67058824 0.61176471 0.53333333
v -0.17019236 0.00685036 0.13015747 0.60784314 0.60784314 0.56470588
v 0.43928540 0.00685036 0.13015747 0.64705882 0.57647059 0.49803922
v -0.17031956 0.02055115 0.13015747 0.60784314 0.60784314 0.56862745
v 0.43605340 0.02055115 0.13015747 0.63921569 0.56078431 0.47843137
v -0.17046297 0.03425193 0.13015747 0.61568627 0.60784314 0.56078431
v 0.43157482 0.03425193 0.12790996 0.65098039 0.56078431 0.47450980
v 0.43157482 0.02806395 0.13015747 0.64705882 0.55686275 0.47450980
v 0.43137574 0.03425193 0.13015747 0.64705882 0.56078431 0.47450980
v -0.17049295 0.04795271 0.13015747 0.61568627 0.60784314 0.56470588
v 0.43067932 0.04795271 0.13015747 0.64705882 0.56078431 0.47450980
v -0.17023170 0.06165349 0.13015747 0.60784314 0.61176471 0.57254902
v 0.41787398 0.06165349 0.11814153 0.65098039 0.54509804 0.45098039
v 0.42774451 0.06165349 0.13015747 0.65098039 0.55686275 0.46666667
v -0.16977000 0.07535428 0.13015747 0.60392157 0.60784314 0.57254902
v 0.41787398 0.07171702 0.13015747 0.64705882 0.54509804 0.45490196
v 0.41703594 0.07535428 0.13015747 0.64705882 0.54901961 0.45490196
v -0.16912973 0.08905506 0.13015747 0.60392157 0.60784314 0.57254902
v 0.40417325 0.08895606 0.13015747 0.63137255 0.54509804 0.46274510
v 0.40394223 0.08905506 0.13015747 0.63137255 0.54509804 0.46274510
v -0.16715366 0.10275584 0.13015747 0.60392157 0.60784314 0.57254902
v 0.39047241 0.10275584 0.12872535 0.63137255 0.56078431 0.48627451
v 0.39047241 0.10250777 0.13015747 0.63137255 0.56078431 0.48627451
v 0.38998759 0.10275584 0.13015747 0.63137255 0.55686275 0.48627451
v -0.15755904 0.11383480 0.13015747 0.61960784 0.61176471 0.56078431
v -0.15755904 0.11645675 0.12641758 0.61960784 0.60784314 0.56078431
v -0.15654439 0.11645675 0.13015747 0.61960784 0.60784314 0.56078431
v 0.37677169 0.11337823 0.13015747 0.61176471 0.54117647 0.47843137
v 0.36783707 0.11645675 0.13015747 0.58823529 0.51372549 0.45882353
v -0.15075153 0.13015747 0.13015747 0.61176471 0.60000000 0.56078431
v 0.19866145 0.13015747 0.12914449 0.59607843 0.49019608 0.43529412
v 0.19866145 0.13001060 0.13015747 0.60784314 0.49411765 0.43921569
v 0.19842589 0.13015747 0.13015747 0.60784314 0.49411765 0.43921569
v 0.19896650 0.13015747 0.13015747 0.60000000 0.49019608 0.43921569
v 0.32196844 0.13015747 0.12942398 0.52156863 0.47843137 0.45490196
v 0.32196844 0.13005280 0.13015747 0.52156863 0.47843137 0.45490196
v 0.32097554 0.13015747 0.13015747 0.51764706 0.47843137 0.45882353
v 0.33566940 0.12688780 0.13015747 0.56470588 0.50196078 0.46274510
v 0.34937012 0.12479252 0.13015747 0.57647059 0.50980392 0.46274510
v 0.36307085 0.12090135 0.13015747 0.58823529 0.51764706 0.46274510
v -0.14385825 0.13742411 0.13015747 0.61568627 0.60392157 0.56078431
v -0.14385825 0.14385831 0.12015760 0.61568627 0.60392157 0.55686275
v -0.13015747 0.14385831 0.12849003 0.63137255 0.60784314 0.54901961
v -0.13015747 0.14264274 0.13015747 0.63137255 0.60784314 0.55294118
v -0.11645669 0.14385831 0.12696433 0.65098039 0.60392157 0.52156863
v -0.11645669 0.14171636 0.13015747 0.64705882 0.60392157 0.52941176
v -0.10275590 0.14385831 0.12756121 0.67058824 0.58039216 0.48235294
v -0.10275590 0.14198315 0.13015747 0.66274510 0.58039216 0.48627451
v -0.08905512 0.14385831 0.12734431 0.68235294 0.55686275 0.45098039
v -0.08905512 0.14193642 0.13015747 0.67058824 0.55294118 0.45490196
v -0.07535434 0.14385831 0.12702107 0.65882353 0.53333333 0.43921569
v -0.07535434 0.14173365 0.13015747 0.65882353 0.53333333 0.43529412
v -0.06165355 0.14385831 0.12672609 0.64313725 0.51372549 0.42745098
v -0.06165355 0.14157665 0.13015747 0.64705882 0.51372549 0.42745098
v -0.04795271 0.14385831 0.12667030 0.65490196 0.45098039 0.36862745
v -0.04795271 0.14170444 0.13015747 0.65490196 0.45490196 0.36862745
v -0.03425193 0.14385831 0.12665498 0.63137255 0.44705882 0.37647059
v -0.03425193 0.14175856 0.13015747 0.63137255 0.44705882 0.38039216
v -0.02055115 0.14385831 0.12663972 0.63137255 0.48627451 0.42745098
v -0.02055115 0.14176857 0.13015747 0.63529412 0.48235294 0.41960784
v -0.00685036 0.14385831 0.12648588 0.76862745 0.57647059 0.46274510
v -0.00685036 0.14175737 0.13015747 0.80000000 0.59215686 0.47058824
v 0.00685036 0.14385831 0.12606061 0.87058824 0.62352941 0.49803922
v 0.00685036 0.14166999 0.13015747 0.87450980 0.59215686 0.47058824
v 0.02055115 0.14385831 0.12559110 0.73725490 0.22745098 0.19607843
v 0.02055115 0.14155579 0.13015747 0.69803922 0.18431373 0.16470588
v 0.03425193 0.14385831 0.12625164 0.50588235 0.09803922 0.08627451
v 0.03425193 0.14181793 0.13015747 0.51372549 0.09019608 0.08235294
v 0.04795271 0.14385831 0.12644953 0.48627451 0.08235294 0.07058824
v 0.04795271 0.14200783 0.13015747 0.49019608 0.07843137 0.06666667
v 0.06165349 0.14385831 0.12580204 0.57647059 0.10196078 0.08627451
v 0.06165349 0.14175701 0.13015747 0.58823529 0.10980392 0.09019608
v 0.07535428 0.14385831 0.12515986 0.59215686 0.11372549 0.09803922
v 0.07535428 0.14165878 0.13015747 0.60392157 0.12156863 0.09803922
v 0.08905506 0.14385831 0.12449390 0.55686275 0.11372549 0.09019608
v 0.08905506 0.14160657 0.13015747 0.57254902 0.11764706 0.09411765
v 0.10275584 0.14385831 0.12538135 0.56862745 0.11764706 0.09411765
v 0.10275584 0.14201427 0.13015747 0.58431373 0.12549020 0.10196078
v 0.11645675 0.14385831 0.12719291 0.54901961 0.10196078 0.09019608
v 0.11645675 0.14248109 0.13015747 0.58039216 0.11764706 0.09803922
v 0.13015747 0.14385831 0.12642992 0.54901961 0.10588235 0.09803922
v 0.13015747 0.14183068 0.13015747 0.55686275 0.10980392 0.09803922
v 0.14385831 0.14385831 0.13006961 0.81176471 0.38823529 0.30980392
v 0.14385831 0.14381897 0.13015747 0.80784314 0.38431373 0.30588235
v 0.15755904 0.14076078 0.13015747 0.87058824 0.61568627 0.49019608
v 0.17125988 0.14142978 0.13015747 0.61568627 0.50588235 0.44705882
v 0.18496060 0.14099455 0.13015747 0.53725490 0.47058824 0.44705882
v 0.21236217 0.13987219 0.13015747 0.50196078 0.47058824 0.46666667
v 0.22606301 0.14018595 0.13015747 0.46274510 0.45490196 0.46666667
v 0.23976374 0.13931870 0.13015747 0.45490196 0.45098039 0.46274510
v 0.25346458 0.13803804 0.13015747 0.46274510 0.45490196 0.46274510
v 0.26716530 0.13760269 0.13015747 0.47843137 0.46274510 0.46274510
v 0.28086615 0.13752282 0.13015747 0.50196078 0.47450980 0.46666667
v 0.29456687 0.13573897 0.13015747 0.50588235 0.47843137 0.46666667
v 0.30826771 0.13253105 0.13015747 0.50588235 0.47843137 0.46666667
v 0.00685036 0.23976374 0.11657882 0.54117647 0.52941176 0.53333333
v -0.07535434 0.25346458 0.12796319 0.59215686 0.60784314 0.61568627
v -0.06165355 0.25346458 0.12479872 0.59607843 0.61176471 0.62352941
v -0.04795271 0.25346458 0.12510729 0.58431373 0.60000000 0.61568627
v -0.03425193 0.25346458 0.12540686 0.56470588 0.58431373 0.60000000
v -0.02055115 0.25346458 0.12528193 0.56078431 0.57254902 0.58431373
v -0.00685036 0.25346458 0.12454516 0.54901961 0.55686275 0.56470588
v 0.00685036 0.25346458 0.12281013 0.54509804 0.54901961 0.56470588
v -0.08905512 0.26716530 0.12634456 0.58039216 0.59607843 0.60392157
v -0.07985801 0.26716530 0.13015747 0.58823529 0.60000000 0.60784314
v -0.07535434 0.26257300 0.13015747 0.59215686 0.60784314 0.61568627
v -0.06165355 0.25935113 0.13015747 0.60392157 0.61568627 0.62745098
v -0.05277395 0.26716530 0.13015747 0.60000000 0.61568627 0.61960784
v -0.04795271 0.26716530 0.12829733 0.60000000 0.61176471 0.61568627
v -0.03425193 0.26716530 0.12869531 0.59607843 0.60784314 0.60784314
v -0.02055115 0.26716530 0.12774789 0.60000000 0.60784314 0.60784314
v -0.00685036 0.26716530 0.12596577 0.58431373 0.59215686 0.58823529
v 0.00685036 0.26716530 0.12091035 0.55294118 0.55294118 0.55294118
v -0.11645669 0.28086615 0.12951583 0.61960784 0.63137255 0.62352941
v -0.10275590 0.28086615 0.12968749 0.61176471 0.61960784 0.61568627
v -0.08905512 0.28086615 0.12534505 0.61176471 0.61960784 0.61568627
v -0.08465779 0.28086615 0.13015747 0.61176471 0.61960784 0.61176471
v -0.04795271 0.27068138 0.13015747 0.60000000 0.61176471 0.61176471
v -0.03842551 0.28086615 0.13015747 0.60784314 0.61568627 0.60784314
v -0.03425193 0.28086615 0.12681353 0.60784314 0.61568627 0.61176471
v -0.02055115 0.28086615 0.12836623 0.61568627 0.62352941 0.61176471
v -0.00685036 0.28086615 0.12531656 0.61568627 0.62352941 0.61176471
v -0.15659481 0.29456687 0.13015747 0.64313725 0.65098039 0.63137255
v -0.14385825 0.28265762 0.13015747 0.63529412 0.64313725 0.63137255
v -0.13015747 0.28241980 0.13015747 0.62745098 0.63921569 0.63137255
v -0.11645669 0.28118587 0.13015747 0.61960784 0.63137255 0.62352941
v -0.10275590 0.28139865 0.13015747 0.61176471 0.62352941 0.61568627
v -0.08905512 0.28493202 0.13015747 0.61960784 0.62352941 0.61568627
v -0.07891470 0.29456687 0.13015747 0.61960784 0.62352941 0.61176471
v -0.07535434 0.29456687 0.12817997 0.62352941 0.62745098 0.61176471
v -0.07535434 0.29069984 0.13015747 0.62352941 0.63137255 0.61568627
v -0.07343364 0.29456687 0.13015747 0.62352941 0.63137255 0.61176471
v -0.03425193 0.29456687 0.12639028 0.61568627 0.62745098 0.61568627
v -0.03613478 0.29456687 0.13015747 0.61568627 0.62745098 0.61568627
v -0.02055115 0.29456687 0.12599307 0.62745098 0.63529412 0.61960784
v -0.17013502 0.30826771 0.13015747 0.65882353 0.66666667 0.63137255
v -0.15755904 0.29515588 0.13015747 0.64705882 0.65098039 0.63529412
v -0.07535434 0.29982984 0.13015747 0.61960784 0.62352941 0.60784314
v -0.06571889 0.30826771 0.13015747 0.62352941 0.62745098 0.60784314
v -0.06165355 0.30826771 0.12896973 0.61960784 0.62745098 0.61176471
v -0.06165355 0.30690682 0.13015747 0.61960784 0.62745098 0.61176471
v -0.05978101 0.30826771 0.13015747 0.61568627 0.62352941 0.61176471
v -0.03425193 0.30826771 0.12794286 0.61568627 0.62745098 0.61176471
v -0.03727657 0.30826771 0.13015747 0.61176471 0.62745098 0.61176471
v -0.17125988 0.32196844 0.12282622 0.65882353 0.66274510 0.63137255
v -0.17066878 0.32196844 0.13015747 0.66274510 0.66666667 0.63529412
v -0.06165355 0.32196844 0.11653101 0.61960784 0.62352941 0.60784314
v -0.06758934 0.32196844 0.13015747 0.63137255 0.63137255 0.60784314
v -0.04795271 0.31895459 0.13015747 0.61568627 0.62745098 0.61568627
v -0.04795271 0.32196844 0.12848556 0.61960784 0.62745098 0.61568627
v -0.17125988 0.33566940 0.12923002 0.66274510 0.66666667 0.63921569
v -0.17051560 0.33566940 0.13015747 0.66274510 0.66666667 0.63921569
v -0.07535434 0.33566940 0.12988102 0.63529412 0.63921569 0.61960784
v -0.07535434 0.33481359 0.13015747 0.63529412 0.63921569 0.61568627
v -0.07581365 0.33566940 0.13015747 0.63529412 0.63921569 0.61960784
v -0.17499232 0.34937012 0.13015747 0.66666667 0.67058824 0.63529412
v -0.17125988 0.34395206 0.13015747 0.66274510 0.66666667 0.63921569
v -0.08905512 0.34937012 0.12898296 0.62745098 0.63137255 0.61568627
v -0.08905512 0.34819889 0.13015747 0.62745098 0.63137255 0.61568627
v -0.09065181 0.34937012 0.13015747 0.62352941 0.63137255 0.61568627
v -0.17125988 0.35424995 0.13015747 0.66274510 0.66666667 0.63137255
v -0.17125988 0.36307085 0.12953329 0.65882353 0.66274510 0.62745098
v -0.16665268 0.36307085 0.13015747 0.65098039 0.65882353 0.62745098
v -0.10275590 0.36307085 0.12549192 0.62352941 0.62745098 0.61176471
v -0.10275590 0.35956955 0.13015747 0.62352941 0.63137255 0.61568627
v -0.10945141 0.36307085 0.13015747 0.63529412 0.63921569 0.61568627
v -0.15755904 0.37677169 0.12310821 0.64313725 0.64705882 0.62352941
v -0.15755904 0.37105393 0.13015747 0.63921569 0.64705882 0.62745098
v -0.14385825 0.37677169 0.12458122 0.63529412 0.64313725 0.62352941
v -0.14385825 0.37290835 0.13015747 0.63137255 0.63921569 0.62352941
v -0.13015747 0.37677169 0.11892790 0.63529412 0.63921569 0.61176471
v -0.13015747 0.37184405 0.13015747 0.64705882 0.64705882 0.61568627
v -0.11645669 0.36839092 0.13015747 0.64313725 0.64705882 0.61176471
v -0.15755904 -0.37677163 0.14106119 0.69803922 0.70196078 0.66666667
v -0.16611230 -0.37677163 0.14385831 0.69411765 0.69803922 0.65490196
v -0.15755904 -0.37967080 0.14385831 0.69803922 0.70588235 0.67058824
v -0.14385825 -0.38126391 0.14385831 0.69019608 0.69803922 0.66666667
v -0.14385825 -0.37677163 0.13933289 0.69019608 0.69411765 0.66666667
v -0.13015747 -0.37734050 0.14385831 0.70980392 0.70196078 0.65490196
v -0.13015747 -0.37677163 0.14326489 0.70980392 0.70196078 0.65490196
v -0.12930065 -0.37677163 0.14385831 0.70980392 0.70196078 0.65490196
v -0.17125988 -0.36307085 0.13379920 0.68627451 0.69019608 0.65882353
v -0.18131423 -0.36307085 0.14385831 0.69019608 0.69411765 0.65882353
v -0.17125988 -0.37604901 0.14385831 0.69411765 0.69803922 0.65490196
v -0.15755904 -0.36307085 0.13563919 0.68627451 0.69019608 0.65882353
v -0.14385825 -0.36307085 0.13414824 0.69411765 0.69411765 0.66274510
v -0.13015747 -0.36307085 0.13275087 0.69803922 0.69803922 0.66274510
v -0.11645669 -0.37275714 0.14385831 0.70196078 0.69803922 0.65490196
v -0.11645669 -0.36307085 0.13340104 0.69803922 0.69019608 0.65490196
v -0.10275590 -0.36638242 0.14385831 0.67843137 0.68235294 0.65490196
v -0.10275590 -0.36307085 0.14028811 0.68235294 0.68235294 0.65490196
v -0.09691608 -0.36307085 0.14385831 0.67450980 0.67843137 0.65490196
v -0.17125988 -0.35199392 0.14385831 0.69803922 0.69803922 0.65490196
v -0.15755904 -0.34937006 0.14010608 0.70196078 0.70588235 0.67058824
v -0.16261923 -0.34937006 0.14385831 0.70196078 0.70588235 0.66666667
v -0.14385825 -0.34937006 0.13574469 0.70196078 0.70196078 0.67058824
v -0.13015747 -0.34937006 0.13160920 0.71764706 0.70980392 0.66274510
v -0.10275590 -0.34937006 0.13170600 0.69019608 0.68627451 0.65098039
v -0.08905512 -0.35947800 0.14385831 0.67843137 0.67843137 0.65490196
v -0.08905512 -0.34937006 0.13351119 0.68235294 0.68235294 0.65490196
v -0.07598901 -0.34937006 0.14385831 0.70588235 0.69411765 0.65882353
v -0.15755904 -0.34340525 0.14385831 0.70980392 0.71372549 0.67450980
v -0.14385825 -0.33566928 0.13863325 0.70196078 0.70588235 0.67058824
v -0.15120500 -0.33566928 0.14385831 0.69019608 0.70196078 0.67843137
v -0.13015747 -0.33566928 0.13080156 0.72549020 0.71372549 0.66666667
v -0.07535434 -0.34898329 0.14385831 0.70588235 0.69803922 0.65882353
v -0.06165355 -0.34588361 0.14385831 0.70588235 0.69411765 0.65098039
v -0.06165355 -0.33566928 0.13294387 0.70196078 0.69411765 0.65490196
v -0.04795271 -0.34879589 0.14385831 0.67058824 0.66666667 0.63529412
v -0.03517944 -0.33566928 0.14385831 0.65882353 0.65882353 0.63137255
v -0.14385825 -0.32196850 0.13485408 0.66666667 0.67843137 0.66274510
v -0.15597683 -0.32196850 0.14385831 0.65882353 0.67450980 0.65490196
v -0.13015747 -0.32196850 0.13117874 0.68235294 0.68627451 0.66274510
v -0.03425193 -0.32919401 0.14385831 0.65098039 0.65490196 0.63529412
v -0.02055115 -0.32770264 0.14385831 0.66666667 0.66274510 0.63529412
v -0.01479298 -0.32196850 0.14385831 0.65882353 0.65882353 0.63529412
v -0.14385825 -0.30826771 0.13324881 0.64313725 0.65882353 0.65490196
v -0.15525788 -0.30826771 0.14385831 0.63529412 0.65098039 0.64705882
v -0.00685036 -0.31834215 0.14385831 0.63921569 0.64313725 0.63137255
v 0.00362337 -0.30826771 0.14385831 0.61960784 0.62745098 0.61960784
v -0.14385825 -0.29456693 0.13831806 0.65882353 0.67843137 0.67058824
v -0.14942062 -0.29456693 0.14385831 0.65098039 0.67058824 0.66666667
v -0.13015747 -0.29456693 0.13413143 0.67450980 0.68235294 0.67058824
v 0.00685036 -0.30547458 0.14385831 0.61568627 0.62745098 0.61960784
v 0.02055115 -0.29456693 0.13712323 0.61960784 0.63137255 0.62352941
v 0.01920491 -0.29456693 0.14385831 0.61568627 0.63137255 0.62352941
v -0.14385825 -0.28894603 0.14385831 0.66666667 0.68627451 0.67843137
v -0.13015747 -0.28554720 0.14385831 0.69019608 0.69803922 0.68627451
v -0.11645669 -0.28135490 0.14385831 0.68235294 0.68627451 0.67058824
v -0.10275590 -0.28086615 0.13351572 0.66274510 0.66666667 0.65098039
v -0.11583030 -0.28086615 0.14385831 0.68235294 0.68627451 0.66666667
v 0.02055115 -0.29351687 0.14385831 0.61568627 0.63137255 0.62352941
v 0.03425193 -0.28339088 0.14385831 0.63137255 0.63921569 0.62352941
v 0.03678459 -0.28086615 0.14385831 0.62745098 0.63137255 0.61960784
v -0.10275590 -0.26716530 0.13953614 0.62352941 0.63921569 0.63529412
v -0.10642713 -0.26716530 0.14385831 0.62745098 0.63921569 0.63529412
v 0.04795271 -0.27377993 0.14385831 0.59215686 0.60392157 0.60392157
v 0.05458826 -0.26716530 0.14385831 0.55294118 0.56470588 0.57254902
v -0.10275590 -0.26362193 0.14385831 0.61568627 0.63137255 0.63137255
v -0.08905512 -0.25346458 0.13415575 0.60784314 0.61960784 0.61960784
v -0.09537029 -0.25346458 0.14385831 0.60000000 0.61568627 0.61568627
v 0.06165349 -0.26097727 0.14385831 0.53725490 0.54901961 0.56862745
v 0.06921566 -0.25346458 0.14385831 0.51372549 0.52549020 0.55686275
v -0.08905512 -0.24717480 0.14385831 0.60392157 0.61568627 0.61568627
v -0.07535434 -0.24181908 0.14385831 0.62745098 0.63137255 0.62352941
v -0.07003623 -0.23976380 0.14385831 0.63529412 0.63921569 0.63137255
v 0.07535428 -0.24840140 0.14385831 0.50980392 0.52156863 0.54901961
v 0.08905506 -0.23976380 0.13612235 0.50196078 0.50588235 0.52156863
v 0.08414626 -0.23976380 0.14385831 0.50588235 0.50980392 0.53333333
v -0.06165355 -0.23153454 0.14385831 0.63529412 0.63137255 0.61960784
v -0.04795271 -0.22606301 0.13129699 0.61568627 0.60000000 0.57254902
v -0.04795271 -0.22747809 0.14385831 0.61960784 0.61176471 0.59215686
v -0.04288757 -0.22606301 0.14385831 0.61176471 0.60000000 0.57647059
v 0.08905506 -0.23538339 0.14385831 0.50588235 0.50588235 0.52156863
v 0.10275584 -0.22606301 0.13729799 0.54117647 0.49411765 0.47450980
v 0.09839183 -0.22606301 0.14385831 0.50980392 0.49019608 0.49411765
v -0.03425193 -0.21888810 0.14385831 0.60000000 0.57254902 0.54509804
v -0.02055115 -0.21514976 0.14385831 0.59215686 0.55294118 0.52941176
v -0.00783712 -0.21236223 0.14385831 0.58039216 0.54117647 0.52549020
v 0.10275584 -0.22175747 0.14385831 0.52156863 0.48235294 0.46666667
v 0.11645675 -0.21236223 0.13676083 0.89019608 0.65490196 0.52941176
v 0.11205000 -0.21236223 0.14385831 0.65882353 0.51372549 0.44313725
v -0.00685036 -0.21140933 0.14385831 0.57647059 0.54117647 0.52156863
v 0.00685036 -0.19866145 0.13935268 0.58823529 0.47450980 0.43529412
v 0.00685036 -0.20036077 0.14385831 0.58823529 0.49019608 0.45882353
v 0.00971711 -0.19866145 0.14385831 0.57647059 0.48235294 0.45098039
v 0.11645675 -0.20844787 0.14385831 0.76078431 0.53333333 0.44313725
v 0.13015747 -0.19866145 0.13934577 0.88627451 0.37647059 0.27843137
v 0.12626386 -0.19866145 0.14385831 0.90980392 0.47843137 0.35686275
v 0.02055115 -0.18940085 0.14385831 0.54509804 0.44313725 0.40392157
v 0.03251529 -0.18496066 0.14385831 0.57254902 0.43529412 0.39215686
v 0.13015747 -0.19476718 0.14385831 0.91372549 0.45098039 0.33725490
v 0.13981652 -0.18496066 0.14385831 0.91372549 0.40392157 0.30588235
v -0.13015747 -0.17125988 0.13431644 0.66666667 0.65490196 0.61568627
v -0.11645669 -0.17125988 0.13517141 0.67450980 0.65490196 0.61960784
v -0.10275590 -0.17125988 0.13416505 0.63529412 0.61176471 0.56078431
v -0.08905512 -0.17125988 0.13224447 0.62352941 0.58431373 0.52156863
v -0.07535434 -0.17125988 0.13067520 0.63137255 0.57647059 0.50980392
v 0.03425193 -0.18314117 0.14385831 0.58039216 0.43921569 0.39215686
v 0.04643130 -0.17125988 0.14385831 0.80392157 0.41568627 0.32549020
v 0.14385831 -0.17125988 0.13848197 0.83921569 0.23137255 0.15294118
v 0.14166486 -0.17125988 0.14385831 0.86274510 0.25490196 0.17647059
v -0.14385825 -0.15755904 0.14253020 0.66274510 0.63529412 0.57647059
v -0.14206105 -0.15755904 0.14385831 0.66666667 0.63921569 0.58431373
v -0.13015747 -0.16666925 0.14385831 0.71764706 0.70196078 0.65098039
v -0.11645669 -0.16571885 0.14385831 0.71372549 0.69019608 0.64313725
v -0.10275590 -0.16564977 0.14385831 0.63921569 0.60784314 0.54901961
v -0.08905512 -0.16468805 0.14385831 0.63137255 0.59215686 0.52549020
v -0.07535434 -0.16399699 0.14385831 0.64313725 0.58431373 0.51372549
v -0.06165355 -0.16321951 0.14385831 0.63921569 0.55686275 0.49019608
v -0.04795271 -0.16227728 0.14385831 0.64313725 0.50196078 0.41176471
v -0.03425193 -0.16127425 0.14385831 0.62745098 0.43921569 0.36078431
v -0.02055115 -0.16141909 0.14385831 0.64313725 0.47058824 0.40392157
v -0.00685036 -0.16178203 0.14385831 0.71372549 0.50980392 0.42745098
v 0.00685036 -0.16241944 0.14385831 0.57254902 0.35686275 0.31372549
v 0.02055115 -0.16294783 0.14385831 0.61960784 0.32549020 0.28627451
v 0.03425193 -0.16318667 0.14385831 0.85882353 0.51372549 0.40392157
v 0.06165349 -0.15755904 0.14344442 0.60784314 0.11764706 0.09803922
v 0.06165349 -0.15790135 0.14385831 0.61568627 0.12156863 0.10196078
v 0.06009471 -0.15755904 0.14385831 0.59607843 0.10980392 0.09411765
v 0.06236601 -0.15755904 0.14385831 0.62352941 0.12549020 0.10588235
v 0.14385831 -0.15755904 0.14385366 0.58431373 0.09019608 0.07058824
v 0.14385080 -0.15755904 0.14385831 0.58431373 0.09019608 0.07058824
v 0.15755904 -0.15755904 0.13638496 0.74117647 0.15686275 0.11764706
v 0.16690195 -0.15755904 0.14385831 0.87450980 0.40000000 0.27843137
v 0.17125988 -0.16113108 0.14385831 0.77254902 0.36470588 0.27450980
v 0.18496060 -0.15910584 0.14385831 0.63921569 0.46274510 0.40000000
v 0.18652976 -0.15755904 0.14385831 0.63529412 0.47058824 0.40784314
v -0.39047247 -0.14385825 0.13330913 0.61176471 0.61960784 0.59607843
v -0.15755904 -0.14385825 0.14134490 0.64705882 0.62745098 0.57647059
v -0.15623176 -0.14385825 0.14385831 0.64313725 0.62352941 0.58039216
v -0.14385825 -0.15665090 0.14385831 0.66274510 0.63529412 0.57647059
v 0.06165349 -0.15736645 0.14385831 0.61568627 0.12156863 0.10196078
v 0.14385831 -0.15755606 0.14385831 0.58431373 0.09019608 0.07058824
v 0.15755904 -0.15553683 0.14385831 0.68627451 0.13725490 0.10196078
v 0.19866145 -0.14385825 0.14111078 0.62352941 0.42352941 0.36470588
v 0.19825089 -0.14385825 0.14385831 0.61176471 0.38431373 0.32941176
v 0.20001924 -0.14385825 0.14385831 0.59607843 0.41176471 0.35686275
v 0.21236217 -0.15202075 0.14385831 0.54509804 0.48235294 0.45882353
v 0.22606301 -0.15363663 0.14385831 0.53725490 0.49019608 0.47058824
v 0.23976374 -0.15275472 0.14385831 0.51764706 0.48627451 0.47450980
v 0.25346458 -0.15191483 0.14385831 0.50196078 0.48235294 0.47450980
v 0.26716530 -0.15155250 0.14385831 0.52156863 0.48235294 0.46666667
v 0.28086615 -0.15131491 0.14385831 0.53333333 0.48627451 0.47058824
v 0.29456687 -0.15078062 0.14385831 0.53333333 0.48627451 0.46274510
v 0.30826771 -0.15025461 0.14385831 0.54509804 0.49019608 0.45098039
v 0.32196844 -0.14982229 0.14385831 0.58823529 0.50588235 0.45098039
v 0.33566940 -0.14657646 0.14385831 0.65490196 0.54509804 0.47058824
v 0.33890653 -0.14385825 0.14385831 0.67450980 0.56078431 0.47843137
v -0.40417325 -0.13015747 0.13644326 0.60392157 0.61176471 0.57647059
v -0.39047247 -0.13015747 0.13754785 0.60784314 0.61568627 0.58039216
v -0.37677163 -0.13015747 0.13519299 0.59607843 0.61176471 0.58823529
v -0.16775292 -0.13015747 0.14385831 0.64313725 0.62745098 0.58039216
v -0.15755904 -0.14202791 0.14385831 0.64705882 0.62745098 0.58039216
v 0.19866145 -0.14346898 0.14385831 0.61568627 0.38039216 0.32156863
v 0.34937012 -0.14030951 0.14385831 0.68627451 0.57254902 0.47450980
v 0.36307085 -0.13770908 0.14385831 0.69019608 0.58039216 0.47058824
v 0.37677169 -0.13015747 0.14045537 0.73333333 0.63921569 0.53333333
v 0.37278903 -0.13015747 0.14385831 0.72549020 0.61960784 0.50980392
v -0.40417325 -0.11645669 0.13209188 0.60392157 0.60784314 0.57254902
v -0.39047247 -0.11645669 0.13688505 0.60784314 0.61568627 0.57647059
v -0.37677163 -0.11645669 0.13390136 0.59607843 0.60784314 0.58431373
v -0.16958624 -0.11645669 0.14385831 0.63529412 0.62352941 0.58039216
v 0.37677169 -0.12826991 0.14385831 0.73725490 0.63921569 0.53333333
v 0.39047241 -0.12258875 0.14385831 0.74509804 0.67058824 0.58823529
v 0.39660180 -0.11645669 0.14385831 0.74901961 0.67450980 0.59215686
v -0.17014503 -0.10275590 0.14385831 0.61960784 0.61568627 0.58039216
v 0.40417325 -0.10275590 0.14252150 0.72549020 0.65098039 0.56470588
v 0.40385795 -0.10275590 0.14385831 0.72549020 0.65098039 0.56470588
v -0.17043018 -0.08905512 0.14385831 0.61176471 0.60784314 0.58039216
v 0.40417325 -0.10254991 0.14385831 0.72549020 0.65098039 0.56470588
v 0.41657090 -0.08905512 0.14385831 0.69019608 0.60784314 0.51372549
v -0.17060447 -0.07535434 0.14385831 0.61960784 0.60784314 0.57254902
v 0.41787398 -0.08647251 0.14385831 0.69019608 0.60784314 0.51372549
v 0.42894721 -0.07535434 0.14385831 0.72549020 0.66274510 0.57254902
v -0.17066741 -0.06165355 0.14385831 0.61568627 0.60784314 0.56862745
v 0.43070531 -0.06165355 0.14385831 0.71764706 0.65490196 0.57254902
v -0.17060101 -0.04795271 0.14385831 0.60784314 0.60392157 0.57254902
v 0.43157482 -0.04795271 0.13081884 0.69411765 0.62352941 0.53725490
v 0.43100941 -0.04795271 0.14385831 0.67450980 0.61176471 0.53333333
v -0.17048615 -0.03425193 0.14385831 0.60392157 0.60392157 0.57254902
v 0.43157482 -0.03425193 0.13992393 0.65882353 0.59215686 0.51372549
v 0.43136203 -0.03425193 0.14385831 0.65490196 0.58431373 0.50980392
v -0.17051429 -0.02055115 0.14385831 0.61568627 0.60392157 0.56470588
v 0.43157482 -0.03022468 0.14385831 0.65490196 0.58823529 0.51372549
v 0.43849635 -0.02055115 0.14385831 0.66274510 0.61176471 0.54901961
v -0.17045283 -0.00685036 0.14385831 0.61568627 0.60392157 0.56078431
v 0.44069624 -0.00685036 0.14385831 0.65490196 0.60392157 0.54509804
v -0.17034930 0.00685036 0.14385831 0.60784314 0.60392157 0.56862745
v 0.43830931 0.00685036 0.14385831 0.62745098 0.56862745 0.50980392
v -0.17042005 0.02055115 0.14385831 0.60784314 0.60392157 0.56862745
v 0.43157482 0.02055115 0.13928640 0.62745098 0.54901961 0.47843137
v 0.43157482 0.01779729 0.14385831 0.61960784 0.54901961 0.48235294
v 0.43147194 0.02055115 0.14385831 0.61960784 0.54901961 0.48235294
v -0.17033881 0.03425193 0.14385831 0.61568627 0.60392157 0.56078431
v 0.43106616 0.03425193 0.14385831 0.62352941 0.55294118 0.48627451
v -0.17006600 0.04795271 0.14385831 0.61568627 0.60784314 0.56470588
v 0.43074763 0.04795271 0.14385831 0.62745098 0.55686275 0.48627451
v -0.16947919 0.06165349 0.14385831 0.60784314 0.60784314 0.56862745
v 0.42808020 0.06165349 0.14385831 0.63529412 0.55294118 0.47450980
v -0.16833758 0.07535428 0.14385831 0.60784314 0.60392157 0.57254902
v 0.41787398 0.07189697 0.14385831 0.63529412 0.54117647 0.45490196
v 0.41615474 0.07535428 0.14385831 0.63921569 0.54117647 0.45882353
v -0.16517109 0.08905506 0.14385831 0.61176471 0.60784314 0.57254902
v 0.40417325 0.08771324 0.14385831 0.63529412 0.54509804 0.47058824
v 0.40125048 0.08905506 0.14385831 0.63529412 0.54509804 0.47450980
v -0.15755904 0.09817052 0.14385831 0.61960784 0.61568627 0.57254902
v -0.15755904 0.10275584 0.14094675 0.61960784 0.61568627 0.57254902
v -0.15613717 0.10275584 0.14385831 0.61960784 0.61568627 0.57254902
v 0.39047241 0.09973961 0.14385831 0.63921569 0.55294118 0.48235294
v 0.38578987 0.10275584 0.14385831 0.63137255 0.54509804 0.47450980
v -0.15075570 0.11645675 0.14385831 0.61568627 0.60784314 0.56862745
v 0.36307085 0.11645675 0.13910317 0.58039216 0.50196078 0.44705882
v 0.36307085 0.11532247 0.14385831 0.58039216 0.49803922 0.44313725
v 0.36006308 0.11645675 0.14385831 0.58039216 0.49803922 0.44705882
v 0.37677169 0.11096954 0.14385831 0.60784314 0.52941176 0.46666667
v -0.14385825 0.12383604 0.14385831 0.61568627 0.61176471 0.56862745
v -0.14385825 0.13015747 0.13752425 0.61568627 0.60784314 0.56470588
v -0.13015747 0.13015747 0.14325976 0.62745098 0.61568627 0.56470588
v -0.13015747 0.12956762 0.14385831 0.62745098 0.61568627 0.56470588
v -0.11645669 0.13015747 0.14261580 0.63529412 0.61176471 0.54901961
v -0.11645669 0.12902528 0.14385831 0.63529412 0.61176471 0.54901961
v -0.10275590 0.13015747 0.14383209 0.65098039 0.58431373 0.49803922
v -0.10275590 0.13013422 0.14385831 0.65098039 0.58431373 0.49803922
v -0.10153687 0.13015747 0.14385831 0.65098039 0.58039216 0.49411765
v 0.19866145 0.13015747 0.13232851 0.61960784 0.50196078 0.44313725
v 0.30826771 0.13015747 0.14207160 0.51372549 0.48235294 0.46274510
v 0.30826771 0.12997687 0.14385831 0.51764706 0.48235294 0.46274510
v 0.30740643 0.13015747 0.14385831 0.51764706 0.48235294 0.46274510
v 0.32196844 0.12822837 0.14385831 0.53333333 0.48235294 0.45490196
v 0.33566940 0.12545073 0.14385831 0.57647059 0.50588235 0.47058824
v 0.34937012 0.12296748 0.14385831 0.58431373 0.50980392 0.46666667
v -0.08905512 0.13077533 0.14385831 0.65098039 0.55686275 0.46666667
v -0.07535434 0.13061321 0.14385831 0.65882353 0.53725490 0.44313725
v -0.06165355 0.13124585 0.14385831 0.65098039 0.50980392 0.42352941
v -0.04795271 0.13264751 0.14385831 0.63921569 0.45490196 0.36470588
v -0.03425193 0.13355088 0.14385831 0.60000000 0.43921569 0.37647059
v -0.02055115 0.13392293 0.14385831 0.65098039 0.48627451 0.41568627
v -0.00685036 0.13433909 0.14385831 0.87450980 0.65098039 0.52549020
v 0.00685036 0.13497984 0.14385831 0.85490196 0.42745098 0.34117647
v 0.02055115 0.13515818 0.14385831 0.66274510 0.16470588 0.14901961
v 0.03425193 0.13496649 0.14385831 0.65098039 0.12156863 0.11372549
v 0.04795271 0.13549602 0.14385831 0.64313725 0.11372549 0.09803922
v 0.06165349 0.13610971 0.14385831 0.65098039 0.14509804 0.10588235
v 0.07535428 0.13657653 0.14385831 0.61960784 0.12941176 0.09411765
v 0.08905506 0.13666224 0.14385831 0.56862745 0.09803922 0.08235294
v 0.10275584 0.13798845 0.14385831 0.50588235 0.08627451 0.07450980
v 0.11645675 0.13529837 0.14385831 0.53333333 0.10196078 0.07843137
v 0.13015747 0.13958335 0.14385831 0.51372549 0.10588235 0.09019608
v 0.14385831 0.13959563 0.14385831 0.56470588 0.12549020 0.10980392
v 0.15755904 0.13900173 0.14385831 0.78823529 0.30588235 0.24313725
v 0.17125988 0.13913620 0.14385831 0.75294118 0.49803922 0.41568627
v 0.18496060 0.13911712 0.14385831 0.56078431 0.47843137 0.44313725
v 0.19866145 0.13327765 0.14385831 0.59607843 0.49411765 0.44705882
v 0.21236217 0.13923347 0.14385831 0.49411765 0.47843137 0.48627451
v 0.22606301 0.13902545 0.14385831 0.46666667 0.46666667 0.48627451
v 0.23976374 0.13777876 0.14385831 0.45490196 0.46274510 0.48235294
v 0.25346458 0.13642645 0.14385831 0.45882353 0.46274510 0.47843137
v 0.26716530 0.13625598 0.14385831 0.47450980 0.47058824 0.47843137
v 0.28086615 0.13663340 0.14385831 0.49411765 0.48235294 0.47843137
v 0.29456687 0.13453877 0.14385831 0.50980392 0.48627451 0.47450980
v -0.07535434 0.26716530 0.13469303 0.59215686 0.60784314 0.61568627
v -0.06165355 0.26716530 0.13799787 0.60392157 0.61568627 0.62352941
v -0.07535434 0.28086615 0.13914895 0.61568627 0.62745098 0.61960784
v -0.06165355 0.28086615 0.14246213 0.61960784 0.63137255 0.62745098
v -0.04795271 0.28086615 0.13945389 0.61176471 0.62352941 0.61568627
v -0.14728314 0.29456687 0.14385831 0.63529412 0.64313725 0.63137255
v -0.14385825 0.29115438 0.14385831 0.63921569 0.64705882 0.62745098
v -0.13015747 0.28860402 0.14385831 0.64313725 0.65098039 0.62745098
v -0.11645669 0.29231453 0.14385831 0.64313725 0.64313725 0.61960784
v -0.10275590 0.29456687 0.14267766 0.61960784 0.62745098 0.61568627
v -0.11075139 0.29456687 0.14385831 0.63137255 0.63529412 0.61568627
v -0.08905512 0.29456687 0.13979590 0.61176471 0.62352941 0.61176471
v -0.06165355 0.29456687 0.14143634 0.62745098 0.63529412 0.61960784
v -0.04795271 0.29456687 0.14183211 0.61960784 0.63137255 0.61960784
v -0.16254526 0.30826771 0.14385831 0.64705882 0.65882353 0.63529412
v -0.15755904 0.30327249 0.14385831 0.63921569 0.65098039 0.63137255
v -0.10275590 0.29832792 0.14385831 0.61568627 0.62745098 0.61568627
v -0.09031528 0.30826771 0.14385831 0.60392157 0.61960784 0.61568627
v -0.08905512 0.30826771 0.14365017 0.60784314 0.61960784 0.61568627
v -0.07535434 0.30826771 0.13761914 0.61960784 0.62352941 0.60784314
v -0.04795271 0.30826771 0.14060962 0.61176471 0.62745098 0.61568627
v -0.16533118 0.32196844 0.14385831 0.65882353 0.66274510 0.63529412
v -0.08905512 0.32196844 0.14340949 0.61568627 0.62745098 0.61568627
v -0.09133667 0.32196844 0.14385831 0.61176471 0.62352941 0.61568627
v -0.07535434 0.32196844 0.13786542 0.62745098 0.63137255 0.61176471
v -0.15755904 0.33311403 0.14385831 0.65098039 0.65490196 0.63529412
v -0.15755904 0.33566940 0.14345467 0.65098039 0.65882353 0.63921569
v -0.15118212 0.33566940 0.14385831 0.63921569 0.64705882 0.63529412
v -0.08905512 0.33566940 0.14067972 0.62745098 0.63137255 0.61960784
v -0.10043561 0.33566940 0.14385831 0.62745098 0.63529412 0.61960784
v -0.17125988 0.34937012 0.13390505 0.66666667 0.67058824 0.63921569
v -0.15755904 0.34937012 0.14202452 0.64705882 0.65490196 0.63529412
v -0.14385825 0.34544349 0.14385831 0.63921569 0.64705882 0.63137255
v -0.14385825 0.34937012 0.14341092 0.63921569 0.64705882 0.63137255
v -0.13015747 0.34937012 0.14362705 0.65098039 0.65098039 0.62352941
v -0.13015747 0.34820259 0.14385831 0.65098039 0.65098039 0.62352941
v -0.11645669 0.34937012 0.14275277 0.65098039 0.65098039 0.61960784
v -0.11645669 0.34509444 0.14385831 0.64705882 0.65098039 0.62352941
v -0.10275590 0.34937012 0.13955402 0.62745098 0.63529412 0.61960784
v -0.10275590 0.33785450 0.14385831 0.63137255 0.63921569 0.62352941
v -0.15755904 0.36307085 0.13804364 0.63921569 0.65098039 0.62745098
v -0.14385825 0.36307085 0.14024043 0.63137255 0.64313725 0.62745098
v -0.13015747 0.36307085 0.13958311 0.65098039 0.65098039 0.61960784
v -0.11645669 0.36307085 0.13563669 0.64705882 0.64705882 0.61176471
v -0.17125988 -0.37677163 0.14396214 0.69411765 0.69803922 0.65490196
v -0.18484825 -0.37677163 0.15755904 0.69803922 0.70588235 0.66274510
v -0.17125988 -0.39031175 0.15755904 0.72941176 0.72156863 0.65098039
v -0.15755904 -0.38995197 0.15755904 0.70588235 0.71372549 0.67058824
v -0.14385825 -0.38748676 0.15755904 0.70196078 0.70588235 0.67058824
v -0.13015747 -0.38452682 0.15755904 0.72549020 0.70980392 0.65098039
v -0.11729324 -0.37677163 0.15755904 0.72156863 0.70588235 0.65098039
v -0.18496066 -0.36307085 0.14645958 0.69019608 0.69411765 0.65882353
v -0.19602424 -0.36307085 0.15755904 0.69803922 0.70196078 0.66274510
v -0.18496066 -0.37625799 0.15755904 0.69803922 0.70588235 0.66274510
v -0.11645669 -0.37643218 0.15755904 0.72156863 0.70588235 0.65098039
v -0.10275590 -0.37106937 0.15755904 0.69411765 0.69019608 0.65490196
v -0.08905512 -0.36545414 0.15755904 0.68627451 0.68627451 0.65490196
v -0.08905512 -0.36307085 0.15295982 0.68235294 0.68235294 0.65882353
v -0.08657080 -0.36307085 0.15755904 0.69019608 0.68627451 0.65490196
v -0.18496066 -0.35177517 0.15755904 0.70196078 0.70588235 0.65882353
v -0.17125988 -0.34937006 0.14498854 0.70196078 0.70196078 0.65490196
v -0.18343759 -0.34937006 0.15755904 0.70588235 0.70588235 0.65882353
v -0.07535434 -0.35623634 0.15755904 0.70588235 0.69411765 0.65882353
v -0.07535434 -0.34937006 0.14462924 0.70588235 0.69803922 0.65882353
v -0.06781739 -0.34937006 0.15755904 0.72156863 0.70588235 0.66274510
v -0.17125988 -0.33627701 0.15755904 0.71764706 0.71764706 0.66274510
v -0.15755904 -0.33566928 0.14653754 0.70196078 0.70980392 0.67450980
v -0.16931725 -0.33566928 0.15755904 0.71764706 0.71764706 0.66666667
v -0.06165355 -0.34645379 0.15755904 0.70980392 0.69411765 0.65490196
v -0.04795271 -0.34888488 0.15755904 0.67843137 0.67058824 0.63529412
v -0.03492355 -0.33566928 0.15755904 0.66274510 0.65882353 0.63137255
v -0.15755904 -0.32196850 0.14460778 0.65882353 0.67450980 0.65490196
v -0.16845655 -0.32196850 0.15755904 0.67843137 0.69019608 0.65882353
v -0.03425193 -0.32772857 0.15755904 0.65882353 0.65882353 0.63921569
v -0.02055115 -0.32196850 0.15390933 0.65882353 0.65882353 0.63921569
v -0.02485180 -0.32196850 0.15755904 0.65882353 0.66274510 0.63921569
v -0.15755904 -0.30826771 0.14548576 0.63137255 0.65098039 0.64313725
v -0.16878545 -0.30826771 0.15755904 0.65882353 0.67058824 0.65882353
v -0.02055115 -0.32155812 0.15755904 0.66274510 0.66274510 0.63921569
v -0.00685036 -0.31448323 0.15755904 0.63921569 0.64705882 0.63137255
v -0.00062162 -0.30826771 0.15755904 0.63529412 0.64313725 0.62745098
v -0.15755904 -0.29456693 0.14969742 0.65098039 0.67450980 0.66666667
v -0.16533583 -0.29456693 0.15755904 0.67450980 0.69019608 0.67843137
v 0.00685036 -0.30028540 0.15755904 0.63529412 0.64313725 0.63137255
v 0.01259893 -0.29456693 0.15755904 0.63529412 0.64705882 0.63529412
v -0.15755904 -0.28671545 0.15755904 0.68235294 0.70196078 0.68627451
v -0.14385825 -0.28143549 0.15755904 0.67843137 0.69411765 0.68235294
v -0.13015747 -0.28086615 0.15480661 0.69019608 0.69803922 0.68235294
v -0.13585609 -0.28086615 0.15755904 0.69019608 0.69803922 0.68235294
v -0.11645669 -0.28086615 0.14456463 0.68235294 0.68627451 0.67058824
v 0.02055115 -0.28763270 0.15755904 0.64313725 0.65490196 0.63921569
v 0.03425193 -0.28086615 0.14642990 0.62352941 0.63137255 0.61960784
v 0.02735871 -0.28086615 0.15755904 0.63921569 0.64705882 0.63137255
v -0.13015747 -0.27879435 0.15755904 0.69411765 0.69803922 0.67843137
v -0.11645669 -0.27283335 0.15755904 0.67450980 0.68235294 0.66274510
v -0.10856342 -0.26716530 0.15755904 0.64705882 0.65882353 0.64705882
v 0.03425193 -0.27498591 0.15755904 0.62352941 0.62745098 0.61568627
v 0.04795271 -0.26716530 0.15062308 0.56862745 0.58039216 0.58823529
v 0.04215640 -0.26716530 0.15755904 0.59215686 0.60000000 0.60000000
v -0.10275590 -0.26171166 0.15755904 0.62745098 0.63921569 0.63529412
v -0.09393638 -0.25346458 0.15755904 0.61568627 0.62745098 0.62745098
v 0.04795271 -0.26130474 0.15755904 0.55686275 0.56470588 0.56862745
v 0.06165349 -0.25346458 0.15155005 0.52941176 0.54117647 0.56078431
v 0.05584377 -0.25346458 0.15755904 0.54117647 0.54901961 0.55294118
v -0.08905512 -0.24861056 0.15755904 0.61960784 0.63137255 0.62745098
v -0.07535434 -0.24286258 0.15755904 0.63921569 0.64313725 0.63137255
v -0.06165355 -0.23976380 0.15568471 0.63529412 0.63921569 0.62745098
v -0.06165355 -0.24013770 0.15755904 0.63921569 0.63921569 0.62745098
v -0.05972362 -0.23976380 0.15755904 0.63529412 0.63529412 0.62745098
v 0.06165349 -0.24595779 0.15755904 0.52941176 0.53725490 0.54509804
v 0.07535428 -0.23976380 0.15277731 0.51764706 0.52156863 0.53725490
v 0.06802070 -0.23976380 0.15755904 0.52156863 0.52549020 0.53725490
v -0.04795271 -0.23164409 0.15755904 0.61960784 0.62352941 0.61176471
v -0.03425193 -0.22606301 0.15161836 0.61176471 0.60000000 0.57647059
v -0.03425193 -0.22902721 0.15755904 0.62352941 0.61568627 0.59607843
v -0.02070451 -0.22606301 0.15755904 0.63137255 0.60392157 0.57647059
v 0.07535428 -0.23309404 0.15755904 0.52156863 0.52156863 0.52941176
v 0.08905506 -0.22606301 0.15340817 0.52156863 0.50980392 0.51764706
v 0.08251375 -0.22606301 0.15755904 0.52941176 0.51764706 0.52549020
v -0.02055115 -0.22593379 0.15755904 0.63137255 0.60392157 0.57254902
v -0.00685036 -0.21236223 0.14484012 0.57647059 0.54117647 0.52549020
v -0.00685036 -0.21942747 0.15755904 0.60000000 0.56862745 0.54509804
v 0.00685036 -0.21236223 0.15692425 0.58823529 0.53333333 0.50588235
v 0.00685036 -0.21325880 0.15755904 0.58823529 0.53333333 0.50980392
v 0.00864398 -0.21236223 0.15755904 0.58823529 0.52941176 0.50588235
v 0.08905506 -0.21677631 0.15755904 0.53333333 0.50980392 0.50980392
v 0.10275584 -0.21236223 0.15332913 0.51764706 0.46666667 0.44705882
v 0.09333009 -0.21236223 0.15755904 0.52941176 0.50196078 0.49411765
v 0.02055115 -0.19866145 0.15364349 0.57254902 0.47843137 0.45490196
v 0.02055115 -0.20412832 0.15755904 0.56470588 0.49411765 0.47450980
v 0.03425193 -0.19866145 0.15706837 0.55686275 0.47450980 0.45098039
v 0.03425193 -0.19948238 0.15755904 0.55294118 0.47843137 0.45490196
v 0.03605115 -0.19866145 0.15755904 0.55294118 0.47450980 0.45490196
v 0.10275584 -0.20266271 0.15755904 0.52941176 0.47450980 0.44705882
v 0.11645675 -0.19866145 0.15371656 0.65882353 0.45882353 0.38823529
v 0.10666174 -0.19866145 0.15755904 0.58823529 0.48235294 0.43137255
v 0.03425193 -0.18496066 0.14556909 0.57647059 0.43529412 0.39215686
v 0.04795271 -0.19090503 0.15755904 0.59607843 0.45490196 0.39607843
v 0.04795271 -0.18496066 0.15360236 0.62745098 0.45098039 0.38431373
v 0.06165349 -0.18496066 0.15732229 0.70588235 0.50196078 0.39607843
v 0.06165349 -0.18546838 0.15755904 0.69411765 0.49411765 0.39607843
v 0.06317174 -0.18496066 0.15755904 0.71764706 0.50980392 0.40392157
v 0.11645675 -0.19185072 0.15755904 0.72941176 0.53725490 0.45098039
v 0.13015747 -0.18496066 0.15358245 0.87843137 0.48235294 0.34901961
v 0.12318307 -0.18496066 0.15755904 0.85882353 0.56078431 0.43921569
v 0.04795271 -0.17125988 0.14532006 0.79607843 0.37254902 0.29411765
v 0.06165349 -0.17125988 0.15379083 0.71764706 0.21960784 0.16862745
v 0.07535428 -0.17550313 0.15755904 0.64313725 0.17647059 0.12941176
v 0.07535428 -0.17125988 0.15643191 0.43921569 0.06666667 0.05490196
v 0.08345973 -0.17125988 0.15755904 0.27058824 0.03137255 0.02745098
v 0.13015747 -0.17125988 0.15611827 0.71372549 0.14117647 0.10588235
v 0.12607968 -0.17125988 0.15755904 0.74509804 0.16862745 0.12549020
v -0.13015747 -0.15755904 0.15318382 0.72156863 0.69411765 0.63137255
v -0.11645669 -0.15755904 0.15238202 0.72156863 0.69803922 0.63921569
v -0.10275590 -0.15755904 0.15266120 0.64705882 0.60784314 0.54117647
v -0.08905512 -0.15755904 0.15173745 0.63529412 0.58823529 0.52156863
v -0.07535434 -0.15755904 0.15090871 0.63921569 0.58431373 0.51372549
v -0.06165355 -0.15755904 0.14996326 0.63529412 0.56078431 0.49411765
v -0.04795271 -0.15755904 0.14891040 0.64705882 0.50196078 0.40392157
v -0.03425193 -0.15755904 0.14781797 0.62352941 0.43529412 0.35294118
v -0.02055115 -0.15755904 0.14798927 0.63921569 0.47058824 0.40392157
v -0.00685036 -0.15755904 0.14839125 0.71372549 0.50980392 0.42745098
v 0.00685036 -0.15755904 0.14905298 0.74117647 0.45490196 0.38039216
v 0.02055115 -0.15755904 0.14972353 0.80784314 0.42745098 0.35294118
v 0.03425193 -0.15755904 0.15003121 0.87450980 0.43921569 0.34509804
v 0.04795271 -0.15755904 0.14805019 0.71372549 0.16078431 0.13725490
v 0.07535428 -0.15755904 0.15097070 0.62745098 0.12941176 0.09803922
v 0.08905506 -0.16791129 0.15755904 0.21960784 0.01960784 0.01960784
v 0.08905506 -0.15755904 0.15488601 0.39607843 0.04313725 0.03921569
v 0.10275584 -0.15755904 0.15610576 0.46274510 0.05490196 0.04313725
v 0.10275584 -0.16338921 0.15755904 0.44705882 0.05098039 0.03921569
v 0.11645675 -0.15755904 0.15680099 0.64313725 0.10980392 0.07843137
v 0.11645675 -0.16033989 0.15755904 0.65490196 0.11372549 0.08235294
v 0.13015747 -0.15755904 0.15301836 0.56470588 0.08627451 0.06274510
v 0.17125988 -0.15755904 0.14774239 0.84313725 0.44313725 0.32549020
v 0.18496060 -0.15755904 0.14548349 0.64705882 0.47450980 0.40784314
v -0.14385825 -0.14385825 0.15710664 0.66274510 0.63137255 0.57647059
v -0.14307106 -0.14385825 0.15755904 0.66274510 0.63137255 0.57647059
v -0.13015747 -0.15368903 0.15755904 0.69803922 0.67058824 0.61176471
v -0.11645669 -0.15283972 0.15755904 0.68235294 0.67450980 0.61960784
v -0.10275590 -0.15357667 0.15755904 0.65098039 0.60784314 0.53725490
v -0.08905512 -0.15311021 0.15755904 0.64313725 0.58823529 0.51764706
v -0.07535434 -0.15277308 0.15755904 0.61960784 0.58039216 0.52156863
v -0.06165355 -0.15236568 0.15755904 0.60392157 0.56078431 0.50980392
v -0.04795271 -0.15194982 0.15755904 0.65490196 0.50196078 0.41568627
v -0.03425193 -0.15185797 0.15755904 0.65098039 0.43529412 0.36078431
v -0.02055115 -0.15208948 0.15755904 0.61568627 0.45098039 0.38431373
v -0.00685036 -0.15208012 0.15755904 0.72941176 0.51372549 0.41960784
v 0.00685036 -0.15182900 0.15755904 0.91764706 0.68235294 0.54509804
v 0.02055115 -0.15174520 0.15755904 0.88627451 0.50196078 0.39215686
v 0.03425193 -0.15146774 0.15755904 0.70980392 0.20000000 0.16078431
v 0.04795271 -0.15085059 0.15755904 0.37254902 0.05490196 0.04705882
v 0.06165349 -0.14828974 0.15755904 0.49411765 0.07843137 0.06666667
v 0.07535428 -0.14680105 0.15755904 0.51372549 0.08627451 0.06666667
v 0.08905506 -0.14999473 0.15755904 0.51764706 0.08235294 0.06274510
v 0.10275584 -0.14665425 0.15755904 0.63529412 0.11764706 0.08235294
v 0.10634214 -0.14385825 0.15755904 0.65098039 0.12156863 0.08235294
v 0.11645675 -0.14385825 0.15691137 0.67058824 0.13333333 0.08627451
v 0.13015747 -0.14385825 0.15549338 0.67843137 0.13725490 0.08627451
v 0.14385831 -0.15010005 0.15755904 0.68235294 0.14901961 0.09803922
v 0.13595176 -0.14385825 0.15755904 0.69019608 0.13725490 0.09019608
v 0.15755904 -0.15271145 0.15755904 0.69411765 0.14901961 0.11372549
v 0.17125988 -0.15424281 0.15755904 0.78039216 0.26274510 0.19215686
v 0.18496060 -0.15353310 0.15755904 0.63921569 0.40784314 0.34509804
v 0.19866145 -0.14583099 0.15755904 0.54901961 0.36862745 0.32941176
v 0.19866145 -0.14385825 0.15057790 0.58823529 0.34117647 0.28627451
v 0.21236217 -0.14668739 0.15755904 0.55294118 0.48235294 0.45490196
v 0.22606301 -0.15112829 0.15755904 0.53333333 0.50196078 0.49019608
v 0.23976374 -0.14994276 0.15755904 0.50980392 0.49411765 0.49411765
v 0.25346458 -0.14871776 0.15755904 0.49803922 0.48627451 0.49019608
v 0.26716530 -0.14795667 0.15755904 0.51764706 0.49411765 0.48235294
v 0.28086615 -0.14753479 0.15755904 0.52549020 0.49411765 0.48235294
v 0.29456687 -0.14673817 0.15755904 0.52549020 0.48627451 0.47058824
v 0.30826771 -0.14581901 0.15755904 0.53333333 0.48627451 0.45490196
v 0.32196844 -0.14385825 0.15560532 0.58039216 0.50588235 0.45490196
v 0.31602252 -0.14385825 0.15755904 0.54901961 0.49411765 0.45098039
v 0.33566940 -0.14385825 0.14760256 0.66274510 0.55294118 0.47450980
v -0.15755904 -0.13015747 0.15531242 0.63921569 0.62745098 0.58431373
v -0.15560222 -0.13015747 0.15755904 0.64313725 0.62745098 0.58039216
v -0.14385825 -0.14330959 0.15755904 0.66274510 0.63137255 0.57647059
v 0.11645675 -0.14280641 0.15755904 0.67450980 0.13333333 0.08627451
v 0.13015747 -0.14197057 0.15755904 0.68627451 0.13725490 0.08627451
v 0.32196844 -0.14300644 0.15755904 0.57647059 0.50588235 0.45490196
v 0.33566940 -0.14023495 0.15755904 0.65098039 0.55294118 0.48235294
v 0.34937012 -0.13737220 0.15755904 0.67450980 0.57254902 0.48627451
v 0.36307085 -0.13182110 0.15755904 0.67843137 0.58431373 0.48235294
v 0.36476672 -0.13015747 0.15755904 0.68235294 0.58431373 0.48235294
v -0.16623259 -0.11645669 0.15755904 0.63921569 0.62352941 0.57647059
v -0.15755904 -0.12675351 0.15755904 0.64313725 0.62745098 0.58039216
v 0.37677169 -0.12425286 0.15755904 0.72549020 0.64313725 0.54509804
v 0.39047241 -0.11645669 0.15053570 0.75294118 0.67450980 0.58039216
v 0.38508368 -0.11645669 0.15755904 0.73725490 0.66274510 0.56862745
v -0.16891170 -0.10275590 0.15755904 0.62352941 0.61568627 0.57647059
v 0.39047241 -0.11236334 0.15755904 0.74117647 0.67058824 0.58039216
v 0.39962256 -0.10275590 0.15755904 0.72156863 0.65098039 0.56470588
v -0.16971439 -0.08905512 0.15755904 0.61568627 0.60784314 0.57254902
v 0.40417325 -0.09873295 0.15755904 0.70196078 0.62745098 0.53725490
v 0.41381323 -0.08905512 0.15755904 0.68235294 0.60392157 0.50980392
v -0.17012686 -0.07535434 0.15755904 0.62745098 0.61176471 0.56470588
v 0.41787398 -0.07638198 0.15755904 0.68627451 0.61176471 0.51764706
v 0.41890490 -0.07535434 0.15755904 0.68627451 0.61176471 0.51764706
v -0.17036766 -0.06165355 0.15755904 0.62352941 0.60784314 0.56078431
v 0.43021297 -0.06165355 0.15755904 0.70196078 0.64705882 0.57254902
v -0.17049617 -0.04795271 0.15755904 0.61176471 0.60392157 0.56470588
v 0.43053961 -0.04795271 0.15755904 0.65098039 0.59607843 0.53333333
v -0.17052907 -0.03425193 0.15755904 0.60784314 0.60392157 0.56470588
v 0.43129647 -0.03425193 0.15755904 0.62352941 0.57254902 0.51764706
v -0.17060322 -0.02055115 0.15755904 0.61568627 0.60392157 0.55686275
v 0.43157482 -0.03238791 0.15755904 0.62352941 0.57647059 0.51764706
v 0.44114006 -0.02055115 0.15755904 0.63921569 0.60784314 0.56078431
v -0.17052519 -0.00685036 0.15755904 0.61960784 0.60392157 0.55686275
v 0.44233632 -0.00685036 0.15755904 0.62745098 0.59607843 0.55686275
v -0.17027396 0.00685036 0.15755904 0.61176471 0.60392157 0.56078431
v 0.43926728 0.00685036 0.15755904 0.60000000 0.56078431 0.51764706
v -0.17008603 0.02055115 0.15755904 0.61176471 0.60392157 0.56078431
v 0.43157482 0.01612067 0.15755904 0.59215686 0.53725490 0.49019608
v 0.43112373 0.02055115 0.15755904 0.59215686 0.53725490 0.49019608
v -0.16980082 0.03425193 0.15755904 0.61960784 0.60392157 0.55294118
v 0.43059158 0.03425193 0.15755904 0.59215686 0.54117647 0.49411765
v -0.16888809 0.04795271 0.15755904 0.61960784 0.60784314 0.55686275
v 0.42965734 0.04795271 0.15755904 0.60000000 0.54509804 0.49411765
v -0.16704816 0.06165349 0.15755904 0.61568627 0.60784314 0.56470588
v 0.41787398 0.06165349 0.15619636 0.61176471 0.54117647 0.47058824
v 0.41787398 0.06096733 0.15755904 0.61176471 0.54117647 0.47450980
v 0.41730905 0.06165349 0.15755904 0.61176471 0.54117647 0.47450980
v -0.16022646 0.07535428 0.15755904 0.62352941 0.61176471 0.56078431
v 0.41287303 0.07535428 0.15755904 0.61568627 0.54117647 0.47058824
v -0.15755904 0.07826155 0.15755904 0.62352941 0.61176471 0.56078431
v -0.15755904 0.08905506 0.15183175 0.61960784 0.61176471 0.57254902
v -0.15474677 0.08905506 0.15755904 0.62352941 0.61568627 0.56862745
v 0.40417325 0.08405811 0.15755904 0.61568627 0.54117647 0.47450980
v 0.39770889 0.08905506 0.15755904 0.61960784 0.54117647 0.47450980
v -0.14782494 0.10275584 0.15755904 0.62352941 0.61176471 0.56862745
v 0.39047241 0.09631729 0.15755904 0.61568627 0.53725490 0.47058824
v 0.38120449 0.10275584 0.15755904 0.60000000 0.52549020 0.46274510
v -0.14385825 0.10688299 0.15755904 0.62745098 0.61568627 0.56862745
v -0.14385825 0.11645675 0.15093887 0.61960784 0.61176471 0.57254902
v -0.13015747 0.11645675 0.15632010 0.63137255 0.61960784 0.57254902
v -0.13015747 0.11452264 0.15755904 0.63137255 0.61960784 0.57254902
v -0.11645669 0.11645675 0.15627241 0.63921569 0.61568627 0.55686275
v -0.11645669 0.11459023 0.15755904 0.63921569 0.61568627 0.55294118
v -0.10361063 0.11645675 0.15755904 0.64705882 0.58823529 0.50588235
v 0.36307085 0.11251301 0.15755904 0.56862745 0.49411765 0.44313725
v 0.35281777 0.11645675 0.15755904 0.56862745 0.50196078 0.45882353
v 0.37677169 0.10715729 0.15755904 0.59215686 0.52156863 0.45882353
v -0.10275590 0.11673003 0.15755904 0.65098039 0.58431373 0.50196078
v -0.08905512 0.13015747 0.14449191 0.65098039 0.55686275 0.46666667
v -0.08905512 0.11846656 0.15755904 0.67058824 0.55686275 0.46274510
v -0.07535434 0.13015747 0.14432633 0.65882353 0.53725490 0.44313725
v -0.07535434 0.11908442 0.15755904 0.65098039 0.54509804 0.45098039
v -0.06165355 0.13015747 0.14497888 0.64705882 0.50980392 0.42352941
v -0.06165355 0.12037164 0.15755904 0.63137255 0.51372549 0.43137255
v -0.04795271 0.13015747 0.14644146 0.63529412 0.45098039 0.36470588
v -0.04795271 0.12192196 0.15755904 0.64313725 0.43921569 0.35686275
v -0.03425193 0.13015747 0.14741373 0.58431373 0.43137255 0.36470588
v -0.03425193 0.12297088 0.15755904 0.60392157 0.40392157 0.34117647
v -0.02055115 0.13015747 0.14785433 0.69019608 0.52549020 0.44313725
v -0.02055115 0.12358433 0.15755904 0.75294118 0.53333333 0.43921569
v -0.00685036 0.13015747 0.14837384 0.91372549 0.67843137 0.54901961
v -0.00685036 0.12407511 0.15755904 0.93725490 0.66666667 0.52941176
v 0.00685036 0.13015747 0.14922178 0.75294118 0.25490196 0.21568627
v 0.00685036 0.12461090 0.15755904 0.77254902 0.21960784 0.19215686
v 0.02055115 0.13015747 0.14958072 0.63921569 0.15686275 0.13725490
v 0.02055115 0.12490731 0.15755904 0.58039216 0.10196078 0.09803922
v 0.03425193 0.13015747 0.14947021 0.71372549 0.15294118 0.13725490
v 0.03425193 0.12492722 0.15755904 0.51372549 0.07058824 0.07058824
v 0.04795271 0.13015747 0.15045190 0.63137255 0.10196078 0.09411765
v 0.04795271 0.12562603 0.15755904 0.51372549 0.07058824 0.06666667
v 0.06165349 0.13015747 0.15199232 0.55294118 0.09019608 0.07450980
v 0.06165349 0.12687546 0.15755904 0.52941176 0.08235294 0.06666667
v 0.07535428 0.13015747 0.15272045 0.52941176 0.08627451 0.06666667
v 0.07535428 0.12731987 0.15755904 0.52941176 0.08235294 0.06274510
v 0.08905506 0.13015747 0.15268350 0.52156863 0.07450980 0.05882353
v 0.08905506 0.12709212 0.15755904 0.52549020 0.07843137 0.06274510
v 0.10275584 0.13015747 0.15456629 0.54509804 0.08235294 0.06274510
v 0.10275584 0.12825137 0.15755904 0.55294118 0.07843137 0.06274510
v 0.11645675 0.13015747 0.14961112 0.57254902 0.10196078 0.07058824
v 0.11645675 0.12552863 0.15755904 0.63921569 0.11372549 0.08235294
v 0.13015747 0.13015747 0.15650010 0.65098039 0.12156863 0.08627451
v 0.13015747 0.12946433 0.15755904 0.65490196 0.12156863 0.09019608
v 0.13334167 0.13015747 0.15755904 0.65490196 0.12156863 0.09019608
v 0.19866145 0.13015747 0.15468144 0.81568627 0.54901961 0.44705882
v 0.19866145 0.13000023 0.15755904 0.83137255 0.56470588 0.45882353
v 0.19326782 0.13015747 0.15755904 0.87058824 0.49803922 0.39215686
v 0.19930458 0.13015747 0.15755904 0.81176471 0.56078431 0.46274510
v 0.30826771 0.12874776 0.15755904 0.50980392 0.48235294 0.46666667
v 0.30102158 0.13015747 0.15755904 0.50980392 0.48627451 0.47450980
v 0.32196844 0.12606078 0.15755904 0.53333333 0.49019608 0.46274510
v 0.33566940 0.12391013 0.15755904 0.56862745 0.50588235 0.47450980
v 0.34937012 0.11941493 0.15755904 0.57254902 0.50588235 0.46666667
v 0.14385831 0.13533401 0.15755904 0.64705882 0.12941176 0.09803922
v 0.15755904 0.13554502 0.15755904 0.65490196 0.14117647 0.11372549
v 0.17125988 0.13540864 0.15755904 0.73333333 0.22352941 0.18039216
v 0.18496060 0.13162899 0.15755904 0.79607843 0.30196078 0.23921569
v 0.21236217 0.13855720 0.15755904 0.49411765 0.47843137 0.49019608
v 0.22606301 0.13833201 0.15755904 0.47450980 0.48235294 0.50196078
v 0.23976374 0.13732111 0.15755904 0.46274510 0.47450980 0.49803922
v 0.25346458 0.13601196 0.15755904 0.46274510 0.47450980 0.49803922
v 0.26716530 0.13563311 0.15755904 0.47843137 0.48235294 0.49803922
v 0.28086615 0.13570416 0.15755904 0.49411765 0.49019608 0.49411765
v 0.29456687 0.13268209 0.15755904 0.50588235 0.49019608 0.48235294
v -0.14385825 0.29456687 0.14730442 0.63529412 0.64705882 0.63137255
v -0.13015747 0.29456687 0.14988232 0.65098039 0.65098039 0.62352941
v -0.11645669 0.29456687 0.14607263 0.64313725 0.64313725 0.61568627
v -0.15755904 0.30826771 0.14887536 0.63921569 0.65098039 0.63137255
v -0.14385825 0.30826771 0.15455329 0.63921569 0.64705882 0.63137255
v -0.13015747 0.30826771 0.15415084 0.65098039 0.65098039 0.62352941
v -0.11645669 0.30826771 0.15254247 0.64313725 0.64313725 0.61568627
v -0.10275590 0.30826771 0.14951515 0.61176471 0.62745098 0.61568627
v -0.15755904 0.32196844 0.15166330 0.64313725 0.65098039 0.63529412
v -0.14385825 0.32196844 0.15407944 0.63529412 0.64705882 0.63137255
v -0.13015747 0.32196844 0.15371549 0.65098039 0.65098039 0.61960784
v -0.11645669 0.32196844 0.15247142 0.64313725 0.64313725 0.61568627
v -0.10275590 0.32196844 0.14949000 0.61960784 0.63137255 0.61960784
v -0.14385825 0.33566940 0.14740753 0.63921569 0.65098039 0.63137255
v -0.13015747 0.33566940 0.14933944 0.65098039 0.65490196 0.63137255
v -0.11645669 0.33566940 0.14871001 0.64705882 0.65098039 0.62352941
v -0.10275590 0.33566940 0.14564478 0.62745098 0.63921569 0.62352941
v -0.15755904 -0.39047247 0.16148329 0.71372549 0.71372549 0.67058824
v -0.17081219 -0.39047247 0.17125988 0.74117647 0.73333333 0.65882353
v -0.15755904 -0.39549798 0.17125988 0.72156863 0.72156863 0.67450980
v -0.15044898 -0.39047247 0.17125988 0.71372549 0.71372549 0.67843137
v -0.18496066 -0.37677163 0.15811968 0.70196078 0.70588235 0.66274510
v -0.19583601 -0.37677163 0.17125988 0.71372549 0.71764706 0.67058824
v -0.18496066 -0.38769448 0.17125988 0.72941176 0.72941176 0.66274510
v -0.17125988 -0.39046386 0.17125988 0.74117647 0.73333333 0.65882353
v -0.14385825 -0.38899183 0.17125988 0.71764706 0.71764706 0.67450980
v -0.13015747 -0.38566318 0.17125988 0.72941176 0.71764706 0.66274510
v -0.11645669 -0.37892175 0.17125988 0.72941176 0.71372549 0.65882353
v -0.11645669 -0.37677163 0.16179979 0.72549020 0.70980392 0.65490196
v -0.11417907 -0.37677163 0.17125988 0.72549020 0.70980392 0.65882353
v -0.19779700 -0.36307085 0.17125988 0.71764706 0.71764706 0.67450980
v -0.10275590 -0.37184623 0.17125988 0.71372549 0.69803922 0.65098039
v -0.08905512 -0.36326253 0.17125988 0.70980392 0.69411765 0.65098039
v -0.08886677 -0.36307085 0.17125988 0.70980392 0.69411765 0.65098039
v -0.18496066 -0.34937006 0.16291809 0.71372549 0.71372549 0.66666667
v -0.19292903 -0.34937006 0.17125988 0.72156863 0.72156863 0.67843137
v -0.07535434 -0.35218805 0.17125988 0.72156863 0.70196078 0.66274510
v -0.07251400 -0.34937006 0.17125988 0.72549020 0.70588235 0.66274510
v -0.18496066 -0.34139872 0.17125988 0.73333333 0.72941176 0.67450980
v -0.17125988 -0.33566928 0.15918159 0.72156863 0.71764706 0.66274510
v -0.18101150 -0.33566928 0.17125988 0.73333333 0.72549020 0.66666667
v -0.06165355 -0.33671188 0.17125988 0.72156863 0.70196078 0.65882353
v -0.04795271 -0.34772038 0.17125988 0.70196078 0.67843137 0.63921569
v -0.03595352 -0.33566928 0.17125988 0.68627451 0.67058824 0.63137255
v -0.17125988 -0.32396561 0.17125988 0.71372549 0.71372549 0.66274510
v -0.17065072 -0.32196850 0.17125988 0.70980392 0.70980392 0.66274510
v -0.03425193 -0.32196850 0.16533697 0.66666667 0.66274510 0.64313725
v -0.03443098 -0.32196850 0.17125988 0.67450980 0.66666667 0.63921569
v -0.17044228 -0.30826771 0.17125988 0.69019608 0.70196078 0.67058824
v -0.03425193 -0.31929159 0.17125988 0.67058824 0.66666667 0.64313725
v -0.02055115 -0.31827164 0.17125988 0.66666667 0.66666667 0.63921569
v -0.00685036 -0.30826771 0.16410720 0.64705882 0.65490196 0.63529412
v -0.01032996 -0.30826771 0.17125988 0.65882353 0.66274510 0.63921569
v -0.16998029 -0.29456693 0.17125988 0.70588235 0.71372549 0.68627451
v -0.00685036 -0.30283540 0.17125988 0.66666667 0.66666667 0.64313725
v 0.00685036 -0.29456693 0.16342509 0.65490196 0.66274510 0.64313725
v 0.00125492 -0.29456693 0.17125988 0.67450980 0.67450980 0.64705882
v -0.15755904 -0.28129160 0.17125988 0.70980392 0.71764706 0.68627451
v -0.14385825 -0.28086615 0.16027093 0.68235294 0.69803922 0.68235294
v -0.15442294 -0.28086615 0.17125988 0.70980392 0.71764706 0.68627451
v 0.00685036 -0.28592116 0.17125988 0.68235294 0.67843137 0.64705882
v 0.02055115 -0.28086615 0.16442728 0.65490196 0.65882353 0.63921569
v 0.01188821 -0.28086615 0.17125988 0.67058824 0.67058824 0.64313725
v -0.14385825 -0.27398479 0.17125988 0.69411765 0.70196078 0.67450980
v -0.13015747 -0.27312267 0.17125988 0.71372549 0.70980392 0.67843137
v -0.11645669 -0.27149582 0.17125988 0.70980392 0.70588235 0.67058824
v -0.10275590 -0.26716530 0.17005920 0.68235294 0.67843137 0.64705882
v -0.10275590 -0.26746231 0.17125988 0.68627451 0.68235294 0.64705882
v -0.10266411 -0.26716530 0.17125988 0.68627451 0.67843137 0.64705882
v 0.02055115 -0.26716530 0.17082059 0.63137255 0.63529412 0.61960784
v 0.01963955 -0.26716530 0.17125988 0.63137255 0.63529412 0.61960784
v 0.03425193 -0.26716530 0.16544831 0.61176471 0.61960784 0.61176471
v -0.08905512 -0.25346458 0.16321242 0.63529412 0.64313725 0.63137255
v -0.08905512 -0.25452244 0.17125988 0.66274510 0.65882353 0.63137255
v -0.07978016 -0.25346458 0.17125988 0.66274510 0.66274510 0.63921569
v 0.02055115 -0.26508760 0.17125988 0.62745098 0.62745098 0.61568627
v 0.03069019 -0.25346458 0.17125988 0.58431373 0.58823529 0.58039216
v 0.03425193 -0.25346458 0.17034841 0.58039216 0.58431373 0.57647059
v 0.04795271 -0.25346458 0.16536403 0.55294118 0.56078431 0.55686275
v -0.07535434 -0.24974394 0.17125988 0.66666667 0.66666667 0.64313725
v -0.06165355 -0.24827302 0.17125988 0.65882353 0.65882353 0.63921569
v -0.04795271 -0.23976380 0.16601288 0.62745098 0.63137255 0.61568627
v -0.04795271 -0.24356216 0.17125988 0.63921569 0.63921569 0.61960784
v -0.03425193 -0.23976380 0.16918755 0.63137255 0.62745098 0.61176471
v -0.03425193 -0.24173564 0.17125988 0.63137255 0.63137255 0.61176471
v -0.02188838 -0.23976380 0.17125988 0.63529412 0.63529412 0.61176471
v 0.03425193 -0.24108821 0.17125988 0.58039216 0.58039216 0.56862745
v 0.03483510 -0.23976380 0.17125988 0.58039216 0.58039216 0.56470588
v 0.04795271 -0.23976380 0.16875958 0.56078431 0.55686275 0.54901961
v 0.06165349 -0.23976380 0.16357315 0.53725490 0.53725490 0.54117647
v -0.02055115 -0.22606301 0.15768945 0.63137255 0.60392157 0.57647059
v -0.02055115 -0.23899734 0.17125988 0.63529412 0.63529412 0.61176471
v -0.00685036 -0.22606301 0.16433978 0.62745098 0.60784314 0.58431373
v -0.00685036 -0.23468655 0.17125988 0.64705882 0.63529412 0.60784314
v 0.00685036 -0.22606301 0.16846871 0.61568627 0.59607843 0.56862745
v 0.00685036 -0.23241895 0.17125988 0.63529412 0.61960784 0.59215686
v 0.02055115 -0.22606301 0.17069912 0.59215686 0.57647059 0.55686275
v 0.02055115 -0.22938901 0.17125988 0.60392157 0.58823529 0.56862745
v 0.03425193 -0.22606301 0.17095149 0.57254902 0.55686275 0.54117647
v 0.03425193 -0.23669487 0.17125988 0.58431373 0.57647059 0.56078431
v 0.04795271 -0.22606301 0.17028630 0.55294118 0.54117647 0.53725490
v 0.06165349 -0.22606301 0.16828406 0.53333333 0.52941176 0.53333333
v 0.07535428 -0.22606301 0.16424775 0.52549020 0.52156863 0.52941176
v 0.02055115 -0.21236223 0.16522515 0.56470588 0.53333333 0.52549020
v 0.03425193 -0.21236223 0.16774035 0.54509804 0.52941176 0.53333333
v 0.04795271 -0.21236223 0.16896725 0.53333333 0.52156863 0.52941176
v 0.06165349 -0.21236223 0.16890013 0.52156863 0.51372549 0.52941176
v 0.07535428 -0.21236223 0.16719890 0.51764706 0.51372549 0.52941176
v 0.08905506 -0.21236223 0.16159129 0.52549020 0.51372549 0.52156863
v 0.04795271 -0.19866145 0.16439033 0.52941176 0.50980392 0.51372549
v 0.06165349 -0.19866145 0.16666675 0.51372549 0.50588235 0.51764706
v 0.07535428 -0.19866145 0.16699231 0.50980392 0.49803922 0.50980392
v 0.08905506 -0.19866145 0.16596854 0.51764706 0.50588235 0.50588235
v 0.10275584 -0.19866145 0.16131639 0.54117647 0.50196078 0.48235294
v 0.07535428 -0.18496066 0.16251719 0.81176471 0.65098039 0.53725490
v 0.08905506 -0.18496066 0.16507423 0.85098039 0.69803922 0.58039216
v 0.10275584 -0.18496066 0.16636181 0.82745098 0.65490196 0.54901961
v 0.11645675 -0.18496066 0.16423869 0.74901961 0.58039216 0.49803922
v 0.08905506 -0.17125988 0.15963602 0.25882353 0.03137255 0.02745098
v 0.10275584 -0.17125988 0.16259980 0.40000000 0.05490196 0.04705882
v 0.11645675 -0.17125988 0.16575384 0.75686275 0.21176471 0.16862745
v -0.13015747 -0.14385825 0.16744769 0.68627451 0.65882353 0.59215686
v -0.11645669 -0.14385825 0.16674554 0.68235294 0.66274510 0.60392157
v -0.10275590 -0.14385825 0.16765690 0.65882353 0.61176471 0.53725490
v -0.08905512 -0.14385825 0.16740835 0.63921569 0.58039216 0.51372549
v -0.07535434 -0.14385825 0.16721344 0.61176471 0.57647059 0.52156863
v -0.06165355 -0.14385825 0.16686046 0.59607843 0.55686275 0.50588235
v -0.04795271 -0.14385825 0.16652441 0.66666667 0.50196078 0.42352941
v -0.03425193 -0.14385825 0.16659832 0.66274510 0.43137255 0.35294118
v -0.02055115 -0.14385825 0.16691220 0.58431373 0.38431373 0.30588235
v -0.00685036 -0.14385825 0.16678703 0.77254902 0.51764706 0.40000000
v 0.00685036 -0.14385825 0.16621745 0.92549020 0.65882353 0.50588235
v 0.02055115 -0.14385825 0.16588235 0.61176471 0.17647059 0.15294118
v 0.03425193 -0.14385825 0.16542661 0.55294118 0.13725490 0.11372549
v 0.04795271 -0.14385825 0.16474044 0.54509804 0.10980392 0.08627451
v 0.06165349 -0.14385825 0.16175699 0.51764706 0.08235294 0.07058824
v 0.07535428 -0.14385825 0.15999162 0.54509804 0.09019608 0.07450980
v 0.08905506 -0.14385825 0.16188049 0.67058824 0.14509804 0.10196078
v 0.10275584 -0.14385825 0.15892875 0.67058824 0.13333333 0.09411765
v 0.14385831 -0.14385825 0.16610467 0.69411765 0.12941176 0.09803922
v 0.15755904 -0.14385825 0.17106104 0.71764706 0.14509804 0.10980392
v 0.15808344 -0.14385825 0.17125988 0.71764706 0.14509804 0.10980392
v 0.17125988 -0.14931983 0.17125988 0.72156863 0.17647059 0.13725490
v 0.18496060 -0.14385825 0.17123222 0.76078431 0.22745098 0.18039216
v 0.18486631 -0.14385825 0.17125988 0.76078431 0.22745098 0.18039216
v 0.19866145 -0.14385825 0.16022670 0.62745098 0.33333333 0.27450980
v 0.21236217 -0.14385825 0.16164732 0.57647059 0.49019608 0.45098039
v 0.22606301 -0.14385825 0.16913533 0.53725490 0.49019608 0.47450980
v 0.23976374 -0.14385825 0.16901469 0.52941176 0.50196078 0.49411765
v 0.25346458 -0.14385825 0.16811860 0.50196078 0.49019608 0.49019608
v 0.26716530 -0.14385825 0.16547167 0.52156863 0.49803922 0.48627451
v 0.28086615 -0.14385825 0.16343021 0.52941176 0.49803922 0.49019608
v 0.29456687 -0.14385825 0.16196191 0.52156863 0.49019608 0.47450980
v 0.30826771 -0.14385825 0.16030669 0.52549020 0.48235294 0.45490196
v -0.14385825 -0.13015747 0.16996682 0.67058824 0.63529412 0.57254902
v -0.14129537 -0.13015747 0.17125988 0.67843137 0.63921569 0.57254902
v -0.13015747 -0.13881499 0.17125988 0.69803922 0.66274510 0.58823529
v -0.11645669 -0.13858539 0.17125988 0.69803922 0.67058824 0.60784314
v -0.10275590 -0.13974315 0.17125988 0.66666667 0.61568627 0.54117647
v -0.08905512 -0.13974011 0.17125988 0.63921569 0.58039216 0.50980392
v -0.07535434 -0.13987750 0.17125988 0.61176471 0.57647059 0.52156863
v -0.06165355 -0.13975859 0.17125988 0.59215686 0.55686275 0.50588235
v -0.04795271 -0.13962620 0.17125988 0.67843137 0.49803922 0.41568627
v -0.03425193 -0.13984478 0.17125988 0.61960784 0.40392157 0.33333333
v -0.02055115 -0.14035553 0.17125988 0.63137255 0.42745098 0.34901961
v -0.00685036 -0.14023411 0.17125988 0.81176471 0.55686275 0.41960784
v 0.00685036 -0.13953179 0.17125988 0.70980392 0.29019608 0.23921569
v 0.02055115 -0.13947803 0.17125988 0.57254902 0.14117647 0.12549020
v 0.03425193 -0.13990277 0.17125988 0.52549020 0.10588235 0.09019608
v 0.04795271 -0.13987684 0.17125988 0.56078431 0.10196078 0.08235294
v 0.06165349 -0.13930297 0.17125988 0.68235294 0.14901961 0.11372549
v 0.07535428 -0.13941061 0.17125988 0.69803922 0.15294118 0.11372549
v 0.08905506 -0.13985276 0.17125988 0.68627451 0.15294118 0.10588235
v 0.10275584 -0.13946825 0.17125988 0.68235294 0.14117647 0.09803922
v 0.11645675 -0.13015747 0.17010057 0.67450980 0.11764706 0.08627451
v 0.11452460 -0.13015747 0.17125988 0.67450980 0.11764706 0.08627451
v 0.12325406 -0.13015747 0.17125988 0.67058824 0.10588235 0.08235294
v 0.13015747 -0.13367355 0.17125988 0.67843137 0.10980392 0.08627451
v 0.14385831 -0.14194465 0.17125988 0.69803922 0.12941176 0.10196078
v 0.15755904 -0.14374900 0.17125988 0.71764706 0.14509804 0.10980392
v 0.18496060 -0.14381480 0.17125988 0.76078431 0.22745098 0.18039216
v 0.19866145 -0.14154875 0.17125988 0.71764706 0.27058824 0.23529412
v 0.21236217 -0.14257854 0.17125988 0.52156863 0.40784314 0.38431373
v 0.22606301 -0.14316458 0.17125988 0.53725490 0.48235294 0.46666667
v 0.23976374 -0.14318395 0.17125988 0.53333333 0.50196078 0.49803922
v 0.25346458 -0.14304370 0.17125988 0.50588235 0.49019608 0.49019608
v 0.26716530 -0.14215833 0.17125988 0.52156863 0.49803922 0.49019608
v 0.28086615 -0.14109433 0.17125988 0.52549020 0.50196078 0.49411765
v 0.29456687 -0.14058381 0.17125988 0.51764706 0.49019608 0.47843137
v 0.30826771 -0.13909918 0.17125988 0.50980392 0.47843137 0.45490196
v 0.32196844 -0.13722551 0.17125988 0.54901961 0.49803922 0.46274510
v 0.33566940 -0.13602471 0.17125988 0.60784314 0.54509804 0.49411765
v 0.34937012 -0.13203466 0.17125988 0.63137255 0.56862745 0.50588235
v 0.36307085 -0.13015747 0.15948427 0.67450980 0.58431373 0.48627451
v 0.35153055 -0.13015747 0.17125988 0.63529412 0.57254902 0.50588235
v -0.15755904 -0.11645669 0.16657639 0.64705882 0.62745098 0.57254902
v -0.15348005 -0.11645669 0.17125988 0.65098039 0.62745098 0.56862745
v -0.14385825 -0.12817919 0.17125988 0.67058824 0.63529412 0.57254902
v 0.11645675 -0.12822777 0.17125988 0.67058824 0.11372549 0.08627451
v 0.36307085 -0.12440091 0.17125988 0.63921569 0.57647059 0.50588235
v 0.37677169 -0.11645669 0.17011535 0.68235294 0.62352941 0.54509804
v 0.37551558 -0.11645669 0.17125988 0.67450980 0.61568627 0.54117647
v -0.15755904 -0.10275590 0.17109466 0.65098039 0.61960784 0.56078431
v -0.15743744 -0.10275590 0.17125988 0.65098039 0.61960784 0.56078431
v 0.37677169 -0.11569941 0.17125988 0.67843137 0.61960784 0.54509804
v 0.39047241 -0.10474199 0.17125988 0.69411765 0.63529412 0.55686275
v 0.39246190 -0.10275590 0.17125988 0.69019608 0.63137255 0.54901961
v -0.16625744 -0.08905512 0.17125988 0.63137255 0.61568627 0.56078431
v -0.15755904 -0.10230577 0.17125988 0.65098039 0.61960784 0.55686275
v 0.40417325 -0.08905512 0.16828024 0.67058824 0.59215686 0.50588235
v 0.40155971 -0.08905512 0.17125988 0.66274510 0.58823529 0.50196078
v -0.16820687 -0.07535434 0.17125988 0.63921569 0.61568627 0.54509804
v 0.40417325 -0.08647406 0.17125988 0.66274510 0.59215686 0.50588235
v 0.41787398 -0.07535434 0.15858364 0.68627451 0.61176471 0.51764706
v 0.41429996 -0.07535434 0.17125988 0.67058824 0.60392157 0.51764706
v -0.16926277 -0.06165355 0.17125988 0.63529412 0.61176471 0.54509804
v 0.41787398 -0.06594878 0.17125988 0.65882353 0.60000000 0.52156863
v 0.42219055 -0.06165355 0.17125988 0.65490196 0.59607843 0.52156863
v -0.16990930 -0.04795271 0.17125988 0.61960784 0.60784314 0.55686275
v 0.42893374 -0.04795271 0.17125988 0.61568627 0.57647059 0.52549020
v -0.17003036 -0.03425193 0.17125988 0.61568627 0.60784314 0.55686275
v 0.43021691 -0.03425193 0.17125988 0.58823529 0.55294118 0.50980392
v -0.17015338 -0.02055115 0.17125988 0.62352941 0.60784314 0.54509804
v 0.43157482 -0.02055115 0.16763651 0.59607843 0.56470588 0.52156863
v 0.43083084 -0.02055115 0.17125988 0.58431373 0.55686275 0.51764706
v -0.17005205 -0.00685036 0.17125988 0.62352941 0.60784314 0.54509804
v 0.43157482 -0.00685036 0.16899204 0.58431373 0.55294118 0.51372549
v 0.43093443 -0.00685036 0.17125988 0.57647059 0.54901961 0.51372549
v -0.16958439 0.00685036 0.17125988 0.61568627 0.60784314 0.55294118
v 0.43157482 0.00685036 0.16536689 0.58039216 0.54117647 0.49803922
v 0.43057013 0.00685036 0.17125988 0.56862745 0.53333333 0.49803922
v -0.16904032 0.02055115 0.17125988 0.61568627 0.60784314 0.55294118
v 0.43005598 0.02055115 0.17125988 0.56078431 0.52549020 0.49019608
v -0.16688228 0.03425193 0.17125988 0.62745098 0.60784314 0.54117647
v 0.42859828 0.03425193 0.17125988 0.55686275 0.52549020 0.49411765
v -0.15929407 0.04795271 0.17125988 0.63529412 0.61176471 0.54509804
v 0.41787398 0.04795271 0.17116046 0.56470588 0.52549020 0.48627451
v 0.41787398 0.04778212 0.17125988 0.56470588 0.52549020 0.48627451
v 0.41778862 0.04795271 0.17125988 0.56470588 0.52549020 0.48627451
v -0.15755904 0.05002427 0.17125988 0.63529412 0.61176471 0.54509804
v -0.15755904 0.06165349 0.16762042 0.63529412 0.61176471 0.55294118
v -0.15574110 0.06165349 0.17125988 0.63921569 0.61176471 0.54901961
v 0.41417599 0.06165349 0.17125988 0.57254902 0.52941176 0.48235294
v -0.15755904 0.07535428 0.16024435 0.62745098 0.61176471 0.55686275
v -0.15210676 0.07535428 0.17125988 0.63529412 0.61176471 0.54901961
v 0.40417325 0.07535428 0.16711211 0.58431373 0.52941176 0.47843137
v 0.40417325 0.07237369 0.17125988 0.56862745 0.52549020 0.47843137
v 0.40121448 0.07535428 0.17125988 0.56862745 0.52156863 0.47843137
v -0.14385825 0.08905506 0.16984916 0.63921569 0.61568627 0.55686275
v -0.14385825 0.08617747 0.17125988 0.63921569 0.61568627 0.55294118
v -0.13948691 0.08905506 0.17125988 0.64705882 0.61960784 0.55686275
v 0.39047241 0.08905506 0.16843307 0.57254902 0.52156863 0.47058824
v 0.39047241 0.08774221 0.17125988 0.56470588 0.51764706 0.47058824
v 0.38879728 0.08905506 0.17125988 0.56078431 0.51764706 0.46666667
v -0.14385825 0.10275584 0.16154945 0.63137255 0.61568627 0.56470588
v -0.13015747 0.09587842 0.17125988 0.65882353 0.62352941 0.55294118
v -0.13015747 0.10275584 0.16780281 0.65098039 0.62352941 0.56078431
v -0.11645669 0.10275584 0.16759598 0.65098039 0.61176471 0.54117647
v -0.11645669 0.09634346 0.17125988 0.65490196 0.60784314 0.53333333
v -0.10275590 0.10275584 0.16881013 0.65098039 0.58039216 0.49803922
v -0.10275590 0.09858602 0.17125988 0.65098039 0.57647059 0.49803922
v -0.08905512 0.10275584 0.16965616 0.66666667 0.55686275 0.47058824
v -0.08905512 0.10027105 0.17125988 0.66274510 0.55686275 0.47058824
v -0.07535434 0.10275584 0.17081010 0.64705882 0.54509804 0.44705882
v -0.07535434 0.10211873 0.17125988 0.64705882 0.54509804 0.44705882
v -0.07040596 0.10275584 0.17125988 0.63137255 0.54117647 0.45098039
v 0.37677169 0.10275584 0.16354823 0.57254902 0.50980392 0.45490196
v 0.37677169 0.09965473 0.17125988 0.54901961 0.50196078 0.45882353
v 0.37122524 0.10275584 0.17125988 0.54117647 0.49411765 0.45098039
v -0.10275590 0.11645675 0.15783107 0.65098039 0.58431373 0.50196078
v -0.08905512 0.11645675 0.15955901 0.67450980 0.56078431 0.46274510
v -0.07535434 0.11645675 0.16020119 0.65098039 0.54509804 0.45098039
v -0.06165355 0.10460091 0.17125988 0.64313725 0.50980392 0.41960784
v -0.06165355 0.11645675 0.16151464 0.63137255 0.51764706 0.43137255
v -0.04795271 0.11645675 0.16310191 0.66274510 0.42352941 0.34509804
v -0.04795271 0.10659653 0.17125988 0.65490196 0.39607843 0.31764706
v -0.03425193 0.11645675 0.16424286 0.62745098 0.39607843 0.32549020
v -0.03425193 0.10849983 0.17125988 0.61568627 0.33725490 0.27843137
v -0.02055115 0.11645675 0.16505098 0.79215686 0.47450980 0.36470588
v -0.02055115 0.11012918 0.17125988 0.81960784 0.48235294 0.34509804
v -0.00685036 0.11645675 0.16578197 0.95294118 0.64705882 0.46274510
v -0.00685036 0.11107016 0.17125988 0.78039216 0.30980392 0.23137255
v 0.00685036 0.11645675 0.16657484 0.55294118 0.10588235 0.10196078
v 0.00685036 0.11182177 0.17125988 0.54901961 0.10980392 0.10196078
v 0.02055115 0.11645675 0.16722572 0.55294118 0.09803922 0.09019608
v 0.02055115 0.11275637 0.17125988 0.56078431 0.09803922 0.09019608
v 0.03425193 0.11645675 0.16774452 0.54117647 0.09411765 0.07843137
v 0.03425193 0.11369914 0.17125988 0.53333333 0.08627451 0.07058824
v 0.04795271 0.11645675 0.16892052 0.52941176 0.07843137 0.06274510
v 0.04795271 0.11481696 0.17125988 0.50588235 0.06666667 0.05490196
v 0.06165349 0.11645675 0.17015517 0.57647059 0.07450980 0.06666667
v 0.06165349 0.11574435 0.17125988 0.60000000 0.08235294 0.07058824
v 0.07412243 0.11645675 0.17125988 0.65882353 0.10980392 0.08627451
v 0.11645675 0.11645675 0.17121053 0.65882353 0.09803922 0.08235294
v 0.11645675 0.11644369 0.17125988 0.65882353 0.09803922 0.08235294
v 0.11627078 0.11645675 0.17125988 0.65882353 0.09803922 0.08235294
v 0.11656862 0.11645675 0.17125988 0.65882353 0.09803922 0.08235294
v 0.34937012 0.11645675 0.16315329 0.56078431 0.50196078 0.46274510
v 0.34937012 0.11456865 0.17125988 0.54509804 0.49803922 0.46666667
v 0.34411108 0.11645675 0.17125988 0.55294118 0.50196078 0.47058824
v 0.36307085 0.10923737 0.17125988 0.54117647 0.49411765 0.45490196
v 0.07535428 0.11665112 0.17125988 0.65882353 0.10980392 0.08627451
v 0.08905506 0.11752075 0.17125988 0.64705882 0.10980392 0.08235294
v 0.10275584 0.12058085 0.17125988 0.65098039 0.10980392 0.08235294
v 0.13015747 0.12227881 0.17125988 0.65882353 0.09803922 0.08627451
v 0.14385831 0.13015747 0.16511559 0.66274510 0.11764706 0.09411765
v 0.14385831 0.12811780 0.17125988 0.66274510 0.10980392 0.09411765
v 0.15755904 0.13015747 0.16744280 0.66666667 0.12156863 0.09803922
v 0.15755904 0.12917715 0.17125988 0.68627451 0.13333333 0.10980392
v 0.17125988 0.13015747 0.16571200 0.66666667 0.12941176 0.10980392
v 0.17125988 0.12863171 0.17125988 0.71372549 0.15686275 0.12549020
v 0.18496060 0.13015747 0.15927672 0.71764706 0.20000000 0.16862745
v 0.18496060 0.12268156 0.17125988 0.73725490 0.17254902 0.13725490
v 0.19866145 0.12904179 0.17125988 0.85490196 0.52156863 0.44313725
v 0.20241952 0.13015747 0.17125988 0.70980392 0.44313725 0.39215686
v 0.30826771 0.12779206 0.17125988 0.49411765 0.47843137 0.46666667
v 0.29852283 0.13015747 0.17125988 0.49803922 0.48235294 0.47843137
v 0.32196844 0.12413716 0.17125988 0.51764706 0.49019608 0.47058824
v 0.33566940 0.12179905 0.17125988 0.54901961 0.50588235 0.47843137
v 0.21236217 0.13797891 0.17125988 0.48627451 0.46274510 0.47058824
v 0.22606301 0.13810909 0.17125988 0.48627451 0.49019608 0.51372549
v 0.23976374 0.13767183 0.17125988 0.47450980 0.48627451 0.51372549
v 0.25346458 0.13661945 0.17125988 0.47058824 0.48235294 0.50980392
v 0.26716530 0.13617289 0.17125988 0.48235294 0.49019608 0.50980392
v 0.28086615 0.13582397 0.17125988 0.49411765 0.49411765 0.50588235
v 0.29456687 0.13220799 0.17125988 0.49803922 0.48627451 0.48235294
v -0.15755904 -0.39047247 0.17781878 0.72941176 0.72941176 0.67843137
v -0.18496066 -0.37677163 0.18369281 0.72549020 0.72941176 0.67843137
v -0.18443727 -0.37677163 0.18496060 0.72549020 0.72941176 0.67843137
v -0.17125988 -0.38927662 0.18496060 0.75294118 0.74117647 0.66274510
v -0.15755904 -0.38903138 0.18496060 0.73333333 0.72941176 0.68235294
v -0.14385825 -0.38681018 0.18496060 0.72549020 0.72156863 0.67843137
v -0.13015747 -0.38247734 0.18496060 0.73725490 0.72549020 0.67058824
v -0.11645669 -0.37677163 0.17457581 0.72941176 0.71372549 0.66274510
v -0.12260240 -0.37677163 0.18496060 0.74117647 0.72549020 0.66666667
v -0.19689655 -0.36307085 0.18496060 0.72549020 0.72549020 0.68235294
v -0.18496066 -0.37601796 0.18496060 0.72549020 0.72941176 0.67843137
v -0.11645669 -0.37406906 0.18496060 0.73333333 0.71764706 0.66666667
v -0.10275590 -0.36770952 0.18496060 0.71764706 0.69803922 0.65490196
v -0.08905512 -0.36307085 0.17147219 0.71372549 0.69411765 0.65098039
v -0.09778225 -0.36307085 0.18496060 0.71372549 0.69411765 0.65098039
v -0.19269246 -0.34937006 0.18496060 0.72941176 0.72941176 0.68235294
v -0.08905512 -0.35608721 0.18496060 0.71372549 0.69411765 0.65490196
v -0.07535434 -0.34937006 0.17439938 0.72549020 0.70588235 0.66274510
v -0.08228201 -0.34937006 0.18496060 0.72156863 0.70196078 0.65882353
v -0.18496066 -0.34162396 0.18496060 0.74509804 0.73725490 0.67450980
v -0.18263322 -0.33566928 0.18496060 0.74509804 0.73333333 0.67058824
v -0.07535434 -0.34058744 0.18496060 0.72941176 0.70980392 0.66666667
v -0.06165355 -0.33566928 0.17235732 0.72156863 0.70196078 0.65882353
v -0.07066220 -0.33566928 0.18496060 0.72941176 0.70980392 0.67058824
v -0.04795271 -0.33566928 0.18383217 0.70196078 0.68627451 0.64705882
v -0.17125988 -0.32196850 0.17519569 0.71764706 0.71764706 0.66666667
v -0.17825401 -0.32196850 0.18496060 0.72156863 0.71764706 0.66274510
v -0.06165355 -0.32981902 0.18496060 0.71764706 0.70196078 0.66274510
v -0.04795271 -0.33435655 0.18496060 0.69803922 0.68235294 0.64705882
v -0.03621417 -0.32196850 0.18496060 0.67450980 0.66666667 0.64313725
v -0.17125988 -0.31383860 0.18496060 0.69803922 0.70588235 0.67058824
v -0.17099494 -0.30826771 0.18496060 0.70588235 0.70980392 0.67058824
v -0.03425193 -0.30826771 0.18079674 0.67058824 0.66666667 0.64313725
v -0.03514689 -0.30826771 0.18496060 0.66666667 0.66666667 0.64313725
v -0.02055115 -0.30826771 0.18145704 0.66274510 0.66274510 0.63921569
v -0.17091715 -0.29456693 0.18496060 0.72156863 0.72549020 0.68627451
v -0.03425193 -0.30335325 0.18496060 0.66666667 0.66666667 0.64313725
v -0.02055115 -0.29850900 0.18496060 0.67843137 0.67450980 0.64313725
v -0.00685036 -0.29456693 0.17927790 0.68627451 0.67843137 0.64705882
v -0.01679343 -0.29456693 0.18496060 0.68627451 0.67843137 0.64705882
v -0.15755904 -0.28086615 0.17535222 0.72156863 0.72156863 0.68627451
v -0.16322136 -0.28086615 0.18496060 0.71764706 0.72549020 0.68627451
v -0.00685036 -0.28086615 0.18284094 0.69019608 0.68235294 0.64705882
v -0.01192153 -0.28086615 0.18496060 0.69019608 0.68235294 0.64705882
v 0.00685036 -0.28086615 0.17618251 0.68627451 0.67843137 0.64313725
v -0.15755904 -0.27520561 0.18496060 0.70196078 0.70980392 0.67843137
v -0.14385825 -0.27188075 0.18496060 0.70196078 0.70588235 0.67843137
v -0.13015747 -0.27251530 0.18496060 0.72156863 0.71764706 0.68235294
v -0.11645669 -0.27189577 0.18496060 0.72549020 0.71764706 0.67450980
v -0.10275590 -0.27177858 0.18496060 0.70980392 0.70196078 0.65882353
v -0.09726036 -0.26716530 0.18496060 0.69803922 0.68627451 0.64313725
v -0.00685036 -0.26716530 0.18394911 0.65098039 0.65490196 0.63529412
v -0.01394671 -0.26716530 0.18496060 0.65098039 0.65882353 0.63529412
v 0.00685036 -0.26716530 0.18070126 0.65882353 0.65098039 0.62745098
v -0.08905512 -0.25980282 0.18496060 0.68235294 0.67450980 0.63921569
v -0.07535434 -0.25346458 0.17501748 0.67450980 0.67450980 0.64313725
v -0.07535434 -0.25502259 0.18496060 0.67843137 0.67843137 0.64705882
v -0.06165355 -0.25346458 0.17647076 0.66274510 0.66666667 0.64313725
v -0.06165355 -0.25825208 0.18496060 0.65882353 0.67058824 0.64705882
v -0.04795271 -0.25346458 0.18108487 0.64313725 0.64705882 0.63137255
v -0.04795271 -0.26410055 0.18496060 0.65490196 0.65882353 0.64313725
v -0.03425193 -0.25346458 0.18230987 0.63529412 0.63921569 0.62352941
v -0.03425193 -0.25950819 0.18496060 0.63529412 0.63921569 0.62745098
v -0.02055115 -0.25346458 0.18272269 0.63137255 0.63921569 0.62352941
v -0.02055115 -0.26261801 0.18496060 0.63921569 0.64705882 0.63137255
v -0.00685036 -0.25346458 0.18214428 0.63529412 0.63921569 0.61960784
v 0.00685036 -0.25346458 0.18063271 0.63137255 0.62352941 0.60392157
v 0.02055115 -0.25346458 0.17756009 0.61176471 0.60392157 0.59215686
v -0.02055115 -0.23976380 0.17202163 0.63529412 0.63529412 0.61176471
v -0.00685036 -0.23976380 0.17611396 0.64705882 0.63921569 0.61176471
v 0.00685036 -0.23976380 0.17718971 0.64313725 0.62745098 0.60000000
v 0.02055115 -0.23976380 0.17621136 0.61176471 0.60392157 0.58431373
v 0.03425193 -0.23976380 0.17168188 0.58431373 0.58039216 0.56862745
v 0.17125988 -0.14385825 0.17718935 0.74901961 0.18039216 0.12941176
v -0.13015747 -0.13015747 0.17961884 0.70196078 0.66274510 0.58431373
v -0.11645669 -0.13015747 0.17915177 0.71764706 0.68235294 0.61176471
v -0.10275590 -0.13015747 0.17997980 0.68235294 0.63137255 0.55294118
v -0.08905512 -0.13015747 0.18015409 0.65490196 0.59607843 0.51372549
v -0.07535434 -0.13015747 0.18042278 0.62745098 0.57647059 0.49803922
v -0.06165355 -0.13015747 0.18049848 0.62352941 0.55294118 0.47843137
v -0.04795271 -0.13015747 0.18060303 0.69019608 0.46274510 0.37254902
v -0.03425193 -0.13015747 0.18095016 0.66274510 0.40784314 0.33333333
v -0.02055115 -0.13015747 0.18172908 0.76470588 0.52156863 0.40392157
v -0.00685036 -0.13015747 0.18174946 0.85098039 0.45882353 0.34901961
v 0.00685036 -0.13015747 0.18118060 0.55686275 0.09411765 0.09411765
v 0.02055115 -0.13015747 0.18147075 0.62352941 0.10588235 0.10588235
v 0.03425193 -0.13015747 0.18251717 0.68235294 0.16078431 0.12156863
v 0.04795271 -0.13015747 0.18314111 0.68627451 0.16078431 0.11372549
v 0.06165349 -0.13015747 0.18309879 0.69411765 0.15294118 0.11372549
v 0.07535428 -0.13015747 0.18306792 0.68627451 0.14509804 0.10980392
v 0.08905506 -0.13015747 0.18338084 0.67450980 0.13725490 0.09803922
v 0.10275584 -0.13015747 0.18235302 0.67450980 0.12941176 0.09411765
v 0.13015747 -0.13015747 0.17545533 0.68235294 0.11372549 0.09019608
v 0.13647616 -0.13015747 0.18496060 0.73333333 0.16078431 0.10980392
v 0.14385831 -0.13664520 0.18496060 0.74509804 0.17254902 0.11372549
v 0.15755904 -0.13797772 0.18496060 0.75294118 0.18431373 0.12156863
v 0.17125988 -0.13877708 0.18496060 0.77647059 0.20392157 0.13333333
v 0.18496060 -0.13015747 0.18077731 0.78823529 0.23137255 0.15294118
v 0.18083704 -0.13015747 0.18496060 0.72156863 0.15294118 0.10980392
v 0.19013417 -0.13015747 0.18496060 0.52156863 0.07058824 0.05882353
v 0.19866145 -0.13717860 0.18496060 0.82352941 0.31764706 0.23529412
v 0.21236217 -0.14047837 0.18496060 0.63921569 0.50588235 0.45098039
v 0.22606301 -0.13968825 0.18496060 0.51764706 0.47450980 0.46666667
v 0.23976374 -0.13926870 0.18496060 0.51372549 0.49803922 0.50196078
v 0.25346458 -0.13904834 0.18496060 0.49411765 0.49019608 0.50196078
v 0.26716530 -0.13840318 0.18496060 0.50196078 0.49411765 0.49803922
v 0.28086615 -0.13758254 0.18496060 0.52156863 0.50196078 0.49803922
v 0.29456687 -0.13682497 0.18496060 0.50588235 0.48627451 0.47843137
v 0.30826771 -0.13526362 0.18496060 0.49803922 0.47843137 0.46274510
v 0.32196844 -0.13350302 0.18496060 0.53725490 0.49411765 0.46274510
v 0.33566940 -0.13015747 0.18426979 0.59215686 0.54509804 0.49803922
v 0.33418298 -0.13015747 0.18496060 0.58823529 0.53725490 0.49411765
v 0.34937012 -0.13015747 0.17350650 0.62352941 0.56862745 0.50980392
v -0.14385825 -0.11645669 0.18100727 0.66666667 0.63137255 0.56470588
v -0.13015747 -0.11645669 0.18454087 0.70588235 0.66274510 0.58039216
v -0.12234902 -0.11645669 0.18496060 0.73333333 0.69411765 0.61960784
v -0.11645669 -0.11848468 0.18496060 0.71372549 0.67450980 0.60000000
v -0.10275590 -0.12191349 0.18496060 0.67058824 0.62745098 0.54901961
v -0.08905512 -0.12291652 0.18496060 0.64705882 0.60000000 0.51372549
v -0.07535434 -0.12354201 0.18496060 0.65490196 0.57647059 0.47450980
v -0.06165355 -0.12396628 0.18496060 0.67058824 0.55294118 0.44705882
v -0.04795271 -0.12472099 0.18496060 0.69411765 0.46666667 0.36470588
v -0.03425193 -0.12546289 0.18496060 0.67843137 0.45490196 0.37647059
v -0.02055115 -0.12642837 0.18496060 0.85098039 0.59215686 0.44313725
v -0.00685036 -0.12656790 0.18496060 0.75686275 0.27058824 0.22745098
v 0.00685036 -0.12613410 0.18496060 0.69411765 0.18039216 0.16470588
v 0.02055115 -0.12656891 0.18496060 0.70196078 0.16470588 0.14117647
v 0.03425193 -0.12776530 0.18496060 0.69803922 0.16470588 0.12549020
v 0.04795271 -0.12844592 0.18496060 0.68627451 0.16078431 0.11764706
v 0.06165349 -0.12846065 0.18496060 0.69019608 0.14901961 0.11372549
v 0.07535428 -0.12848419 0.18496060 0.68235294 0.14117647 0.10588235
v 0.08905506 -0.12864387 0.18496060 0.67843137 0.14117647 0.10196078
v 0.10275584 -0.12777907 0.18496060 0.68627451 0.14117647 0.09803922
v 0.11645675 -0.11910903 0.18496060 0.69803922 0.13725490 0.09411765
v 0.13015747 -0.12563324 0.18496060 0.72549020 0.15294118 0.10196078
v 0.18496060 -0.12749267 0.18496060 0.60784314 0.09411765 0.07450980
v 0.33566940 -0.12985229 0.18496060 0.59607843 0.54509804 0.49803922
v 0.34937012 -0.12389112 0.18496060 0.61960784 0.56470588 0.50588235
v 0.36307085 -0.11881268 0.18496060 0.62352941 0.56470588 0.49411765
v 0.36548793 -0.11645669 0.18496060 0.62352941 0.56078431 0.49019608
v -0.14643252 -0.10275590 0.18496060 0.65490196 0.61960784 0.55686275
v -0.14385825 -0.10565954 0.18496060 0.66274510 0.62352941 0.56078431
v -0.13015747 -0.11544853 0.18496060 0.70588235 0.66274510 0.58039216
v 0.37677169 -0.10922825 0.18496060 0.65098039 0.59215686 0.51372549
v 0.39047241 -0.10275590 0.17333269 0.68235294 0.62352941 0.54117647
v 0.38330686 -0.10275590 0.18496060 0.65490196 0.59215686 0.50980392
v -0.15755904 -0.08905512 0.18008745 0.65490196 0.61568627 0.54901961
v -0.15340406 -0.08905512 0.18496060 0.64705882 0.61176471 0.54901961
v 0.39047241 -0.09659964 0.18496060 0.65490196 0.58039216 0.49019608
v 0.39782000 -0.08905512 0.18496060 0.64705882 0.58039216 0.49803922
v -0.15755904 -0.07535434 0.18274093 0.64705882 0.61176471 0.54509804
v -0.15600109 -0.07535434 0.18496060 0.64313725 0.61176471 0.54509804
v 0.40417325 -0.07638347 0.18496060 0.63921569 0.58039216 0.50980392
v 0.40521276 -0.07535434 0.18496060 0.63921569 0.58431373 0.51372549
v -0.15984958 -0.06165355 0.18496060 0.64313725 0.61176471 0.54117647
v -0.15755904 -0.06479502 0.18496060 0.64313725 0.61176471 0.54509804
v 0.41787398 -0.06165355 0.17556524 0.63921569 0.58431373 0.51372549
v 0.41519666 -0.06165355 0.18496060 0.61960784 0.57647059 0.51372549
v -0.16564822 -0.04795271 0.18496060 0.63137255 0.61176471 0.54901961
v 0.41787398 -0.04795271 0.18426514 0.58823529 0.54509804 0.49803922
v 0.41761720 -0.04795271 0.18496060 0.58823529 0.54509804 0.49803922
v -0.16685802 -0.03425193 0.18496060 0.62745098 0.60784314 0.54901961
v 0.41787398 -0.04688567 0.18496060 0.58431373 0.54509804 0.49803922
v 0.42781091 -0.03425193 0.18496060 0.58039216 0.54901961 0.50588235
v -0.16711652 -0.02055115 0.18496060 0.62745098 0.60784314 0.54117647
v 0.42969847 -0.02055115 0.18496060 0.58823529 0.55686275 0.51764706
v -0.16669792 -0.00685036 0.18496060 0.63137255 0.60784314 0.53725490
v 0.42976987 -0.00685036 0.18496060 0.58039216 0.55294118 0.51372549
v -0.16515690 0.00685036 0.18496060 0.62745098 0.60784314 0.54117647
v 0.42884779 0.00685036 0.18496060 0.56470588 0.53333333 0.49411765
v -0.15784389 0.02055115 0.18496060 0.63921569 0.60784314 0.54117647
v 0.42577839 0.02055115 0.18496060 0.55686275 0.52156863 0.48627451
v -0.15755904 0.02086264 0.18496060 0.63921569 0.60784314 0.54117647
v -0.15755904 0.03425193 0.18085206 0.63529412 0.60784314 0.54117647
v -0.15504581 0.03425193 0.18496060 0.63529412 0.60784314 0.54509804
v 0.41787398 0.03425193 0.18329799 0.55294118 0.51764706 0.48627451
v 0.41787398 0.03061426 0.18496060 0.55294118 0.51764706 0.48627451
v 0.41705620 0.03425193 0.18496060 0.55294118 0.51764706 0.49019608
v -0.15755904 0.04795271 0.17300344 0.63529412 0.61176471 0.54509804
v -0.15176332 0.04795271 0.18496060 0.63137255 0.60784314 0.54901961
v 0.41425097 0.04795271 0.18496060 0.55294118 0.52156863 0.49019608
v -0.14385825 0.06165349 0.18390346 0.65098039 0.61568627 0.54509804
v -0.14385825 0.05826920 0.18496060 0.64705882 0.61176471 0.54509804
v -0.13845980 0.06165349 0.18496060 0.65490196 0.61960784 0.54509804
v 0.40417325 0.06165349 0.18437004 0.56078431 0.52549020 0.48627451
v 0.40417325 0.06107938 0.18496060 0.56078431 0.52549020 0.48627451
v 0.40381968 0.06165349 0.18496060 0.56078431 0.52549020 0.48627451
v -0.14385825 0.07535428 0.17956722 0.64313725 0.61568627 0.54901961
v -0.13015747 0.06808680 0.18496060 0.65098039 0.62745098 0.56078431
v -0.13015747 0.07535428 0.18280435 0.65098039 0.62745098 0.55686275
v -0.11645669 0.07535428 0.18284976 0.63529412 0.61176471 0.54901961
v -0.11645669 0.06966186 0.18496060 0.62745098 0.61176471 0.55294118
v -0.10275590 0.07535428 0.18454814 0.62745098 0.57254902 0.50196078
v -0.10275590 0.07439226 0.18496060 0.62745098 0.57254902 0.50196078
v -0.09760642 0.07535428 0.18496060 0.61568627 0.55294118 0.48627451
v 0.39758778 0.07535428 0.18496060 0.56078431 0.52549020 0.48627451
v -0.13015747 0.08905506 0.17757535 0.65882353 0.62745098 0.55294118
v -0.11645669 0.08905506 0.17734408 0.65098039 0.61176471 0.53725490
v -0.10275590 0.08905506 0.17867494 0.64705882 0.57647059 0.49803922
v -0.08905512 0.07787448 0.18496060 0.62745098 0.54117647 0.46274510
v -0.08905512 0.08905506 0.17969358 0.64705882 0.55294118 0.46666667
v -0.07535434 0.08905506 0.18086314 0.65490196 0.54117647 0.43921569
v -0.07535434 0.08042467 0.18496060 0.65882353 0.53725490 0.43137255
v -0.06165355 0.08905506 0.18208158 0.66274510 0.49803922 0.39607843
v -0.06165355 0.08337933 0.18496060 0.67450980 0.49803922 0.38823529
v -0.04795271 0.08905506 0.18351507 0.68627451 0.43529412 0.34509804
v -0.04795271 0.08686519 0.18496060 0.69803922 0.45098039 0.35686275
v -0.03640676 0.08905506 0.18496060 0.76470588 0.50196078 0.36862745
v 0.39047241 0.08253759 0.18496060 0.55294118 0.51764706 0.47843137
v 0.38336575 0.08905506 0.18496060 0.53725490 0.50196078 0.46666667
v -0.06165355 0.10275584 0.17303717 0.64313725 0.50980392 0.41960784
v -0.04795271 0.10275584 0.17494190 0.65882353 0.36862745 0.29411765
v -0.03425193 0.08981073 0.18496060 0.80392157 0.51764706 0.36862745
v -0.03425193 0.10275584 0.17673767 0.74509804 0.34901961 0.28235294
v -0.02055115 0.10275584 0.17826355 0.87058824 0.53333333 0.34901961
v -0.02055115 0.09358191 0.18496060 0.75294118 0.26666667 0.22745098
v -0.00685036 0.10275584 0.17915094 0.54117647 0.13725490 0.11372549
v -0.00685036 0.09543085 0.18496060 0.65490196 0.15294118 0.14509804
v 0.00685036 0.10275584 0.17987907 0.58823529 0.08627451 0.09019608
v 0.00685036 0.09664631 0.18496060 0.69411765 0.14117647 0.12549020
v 0.02055115 0.10275584 0.18106174 0.66274510 0.09803922 0.09411765
v 0.02055115 0.09823960 0.18496060 0.70196078 0.12941176 0.10588235
v 0.03425193 0.10275584 0.18268394 0.67450980 0.12156863 0.09019608
v 0.03425193 0.10024953 0.18496060 0.69019608 0.12941176 0.09411765
v 0.04795271 0.10275584 0.18436897 0.67843137 0.12549020 0.09019608
v 0.04795271 0.10214674 0.18496060 0.67843137 0.12549020 0.09019608
v 0.05230242 0.10275584 0.18496060 0.67843137 0.12549020 0.09019608
v 0.37677169 0.09561932 0.18496060 0.52156863 0.49019608 0.45490196
v 0.36473846 0.10275584 0.18496060 0.51764706 0.47843137 0.44313725
v 0.06165349 0.10512030 0.18496060 0.67058824 0.11764706 0.09019608
v 0.07535428 0.11645675 0.17146170 0.65882353 0.10980392 0.08627451
v 0.07535428 0.10811973 0.18496060 0.66274510 0.11372549 0.08627451
v 0.08905506 0.11645675 0.17237544 0.65098039 0.10980392 0.08235294
v 0.08905506 0.10982323 0.18496060 0.64705882 0.10980392 0.08235294
v 0.10275584 0.11645675 0.17579246 0.65490196 0.10588235 0.08235294
v 0.10275584 0.10780925 0.18496060 0.65882353 0.10980392 0.08235294
v 0.11645675 0.11280805 0.18496060 0.67843137 0.11372549 0.08627451
v 0.13015747 0.11645675 0.17989933 0.68235294 0.10588235 0.09019608
v 0.13015747 0.11500549 0.18496060 0.69803922 0.12549020 0.09411765
v 0.13424480 0.11645675 0.18496060 0.70196078 0.12941176 0.09803922
v 0.18496060 0.11645675 0.18220401 0.56078431 0.07450980 0.06666667
v 0.18496060 0.11613470 0.18496060 0.41176471 0.04313725 0.04313725
v 0.18272352 0.11645675 0.18496060 0.43137255 0.04313725 0.04313725
v 0.18560588 0.11645675 0.18496060 0.41176471 0.04313725 0.04313725
v 0.34937012 0.11074096 0.18496060 0.52941176 0.48627451 0.45882353
v 0.33624220 0.11645675 0.18496060 0.53333333 0.49411765 0.46666667
v 0.36307085 0.10441422 0.18496060 0.52156863 0.47843137 0.44313725
v 0.14385831 0.12329811 0.18496060 0.70588235 0.13725490 0.10588235
v 0.15755904 0.12474310 0.18496060 0.72549020 0.15686275 0.11764706
v 0.17125988 0.12304461 0.18496060 0.69019608 0.12549020 0.10196078
v 0.19866145 0.12755901 0.18496060 0.88627451 0.49803922 0.38431373
v 0.21023250 0.13015747 0.18496060 0.74117647 0.57254902 0.48627451
v 0.29456687 0.13015747 0.17967606 0.49019608 0.48627451 0.48627451
v 0.29456687 0.12981021 0.18496060 0.49019608 0.48627451 0.49019608
v 0.29181671 0.13015747 0.18496060 0.49019608 0.49019608 0.49411765
v 0.30826771 0.12665683 0.18496060 0.48235294 0.47450980 0.47058824
v 0.32196844 0.12285691 0.18496060 0.50980392 0.48627451 0.46666667
v 0.33566940 0.11700743 0.18496060 0.53333333 0.49411765 0.46666667
v 0.21236217 0.13198376 0.18496060 0.60000000 0.49803922 0.45098039
v 0.22606301 0.13399076 0.18496060 0.50588235 0.48627451 0.49411765
v 0.23976374 0.13505268 0.18496060 0.48627451 0.49411765 0.52156863
v 0.25346458 0.13537908 0.18496060 0.47843137 0.49019608 0.52156863
v 0.26716530 0.13517237 0.18496060 0.47843137 0.49411765 0.51764706
v 0.28086615 0.13434458 0.18496060 0.48627451 0.49411765 0.51372549
v -0.17125988 -0.37677163 0.19828117 0.73725490 0.73333333 0.67450980
v -0.15755904 -0.37677163 0.19852805 0.73333333 0.73333333 0.68627451
v -0.14385825 -0.37677163 0.19699836 0.72941176 0.72549020 0.68627451
v -0.13015747 -0.37677163 0.19126093 0.74509804 0.72941176 0.67058824
v -0.18496066 -0.36307085 0.19726741 0.72941176 0.72941176 0.68627451
v -0.18349797 -0.36307085 0.19866145 0.73333333 0.72941176 0.68627451
v -0.17125988 -0.37619245 0.19866145 0.73725490 0.73333333 0.67843137
v -0.15755904 -0.37658566 0.19866145 0.73333333 0.73333333 0.68627451
v -0.14385825 -0.37525666 0.19866145 0.72941176 0.72549020 0.68627451
v -0.13015747 -0.37157327 0.19866145 0.73725490 0.72941176 0.68235294
v -0.11645669 -0.36446118 0.19866145 0.72549020 0.72156863 0.67843137
v -0.10275590 -0.36307085 0.18980110 0.71372549 0.70196078 0.65882353
v -0.11498058 -0.36307085 0.19866145 0.72549020 0.71764706 0.67450980
v -0.18496066 -0.34937006 0.19273818 0.74117647 0.73333333 0.67450980
v -0.18286657 -0.34937006 0.19866145 0.74509804 0.73725490 0.67058824
v -0.10275590 -0.35316509 0.19866145 0.70588235 0.70196078 0.66274510
v -0.08905512 -0.34937006 0.19177127 0.70588235 0.69803922 0.65882353
v -0.09876698 -0.34937006 0.19866145 0.69803922 0.69411765 0.66274510
v -0.17944086 -0.33566928 0.19866145 0.75686275 0.74117647 0.67058824
v -0.08905512 -0.33905864 0.19866145 0.69803922 0.69411765 0.66274510
v -0.07535434 -0.33566928 0.18952477 0.72549020 0.70588235 0.66666667
v -0.08597493 -0.33566928 0.19866145 0.70196078 0.69411765 0.65882353
v -0.17125988 -0.32620788 0.19866145 0.73333333 0.72941176 0.66666667
v -0.17125988 -0.32196850 0.19332755 0.72156863 0.72156863 0.66666667
v -0.17006069 -0.32196850 0.19866145 0.72156863 0.72156863 0.66666667
v -0.07535434 -0.32196850 0.19323778 0.70588235 0.69803922 0.66274510
v -0.07998216 -0.32196850 0.19866145 0.69803922 0.69019608 0.66274510
v -0.06165355 -0.32196850 0.19262326 0.70196078 0.69411765 0.66274510
v -0.04795271 -0.32196850 0.19678569 0.67058824 0.67058824 0.65098039
v -0.17061424 -0.30826771 0.19866145 0.70196078 0.70980392 0.67450980
v -0.07535434 -0.30826771 0.19331837 0.69803922 0.69411765 0.66666667
v -0.07996780 -0.30826771 0.19866145 0.69019608 0.69019608 0.66274510
v -0.06165355 -0.30826771 0.19847381 0.69019608 0.68627451 0.66666667
v -0.04795271 -0.30826771 0.19813907 0.66274510 0.66666667 0.65490196
v -0.17057222 -0.29456693 0.19866145 0.71764706 0.72156863 0.68235294
v -0.08905512 -0.29456693 0.19793010 0.69411765 0.69411765 0.66274510
v -0.08905512 -0.29579288 0.19866145 0.69019608 0.69411765 0.65882353
v -0.09048140 -0.29456693 0.19866145 0.69019608 0.69411765 0.65882353
v -0.07535434 -0.29456693 0.19790721 0.70980392 0.70588235 0.67058824
v -0.07095283 -0.29456693 0.19866145 0.71372549 0.70588235 0.67450980
v -0.06165355 -0.30572867 0.19866145 0.69019608 0.69019608 0.66666667
v -0.05495393 -0.29456693 0.19866145 0.68627451 0.68627451 0.66274510
v -0.04795271 -0.29456693 0.19662142 0.67450980 0.67843137 0.65882353
v -0.03425193 -0.29456693 0.19297802 0.66666667 0.67058824 0.64705882
v -0.02055115 -0.29456693 0.18865609 0.68235294 0.67843137 0.64705882
v -0.16106987 -0.28086615 0.19866145 0.71372549 0.72549020 0.68627451
v -0.10275590 -0.28086615 0.19698894 0.70588235 0.70588235 0.66666667
v -0.10275590 -0.28260666 0.19866145 0.70588235 0.70588235 0.66666667
v -0.10619926 -0.28086615 0.19866145 0.71372549 0.70980392 0.67058824
v -0.08905512 -0.28086615 0.19443023 0.70196078 0.70196078 0.66274510
v -0.07535434 -0.28086615 0.19795692 0.71764706 0.70980392 0.67058824
v -0.06165355 -0.28597897 0.19866145 0.70980392 0.70588235 0.67450980
v -0.06165355 -0.28086615 0.19834590 0.70588235 0.70196078 0.67058824
v -0.04795271 -0.28086615 0.18950009 0.67843137 0.68235294 0.65490196
v -0.03425193 -0.28086615 0.19506693 0.66666667 0.67058824 0.65098039
v -0.02055115 -0.28086615 0.19166219 0.68235294 0.67843137 0.64705882
v -0.15755904 -0.27734494 0.19866145 0.70196078 0.71372549 0.68235294
v -0.14385825 -0.27150679 0.19866145 0.69019608 0.70588235 0.68235294
v -0.13015747 -0.27344865 0.19866145 0.71764706 0.72156863 0.69019608
v -0.11645669 -0.27551454 0.19866145 0.72549020 0.72549020 0.68235294
v -0.08905512 -0.26716530 0.19234300 0.68235294 0.68627451 0.65098039
v -0.07535434 -0.26716530 0.19712865 0.68627451 0.69411765 0.66274510
v -0.06165355 -0.26716530 0.19385791 0.67843137 0.68627451 0.66274510
v -0.04795271 -0.26716530 0.18784177 0.65882353 0.66666667 0.64705882
v -0.03425193 -0.26716530 0.19175124 0.64705882 0.65490196 0.63921569
v -0.02055115 -0.26716530 0.18843186 0.65098039 0.65882353 0.63921569
v 0.14385831 -0.13015747 0.19300282 0.67843137 0.12549020 0.09019608
v 0.15755904 -0.13015747 0.19546819 0.54509804 0.07450980 0.05882353
v 0.17125988 -0.13015747 0.19433701 0.56862745 0.08627451 0.06274510
v 0.19866145 -0.13015747 0.19420087 0.56078431 0.09019608 0.07843137
v 0.20519233 -0.13015747 0.19866145 0.60392157 0.11372549 0.10196078
v 0.21236217 -0.13505542 0.19866145 0.78431373 0.56078431 0.49019608
v 0.22606301 -0.13453722 0.19866145 0.53725490 0.49411765 0.47450980
v 0.23976374 -0.13423693 0.19866145 0.49803922 0.49019608 0.49803922
v 0.25346458 -0.13452852 0.19866145 0.48627451 0.49019608 0.50588235
v 0.26716530 -0.13378042 0.19866145 0.49019608 0.49411765 0.50588235
v 0.28086615 -0.13228649 0.19866145 0.50588235 0.50196078 0.50196078
v 0.29456687 -0.13015747 0.19841588 0.50588235 0.49019608 0.48627451
v 0.29341269 -0.13015747 0.19866145 0.50588235 0.49019608 0.48627451
v 0.30826771 -0.13015747 0.19490206 0.49803922 0.47843137 0.46666667
v 0.32196844 -0.13015747 0.18975592 0.53725490 0.49411765 0.46274510
v -0.11645669 -0.11645669 0.18690574 0.70980392 0.67058824 0.59215686
v -0.10275590 -0.11645669 0.18997836 0.65098039 0.60784314 0.52941176
v -0.08905512 -0.11645669 0.19062614 0.63529412 0.57647059 0.49411765
v -0.07535434 -0.11645669 0.19118071 0.68627451 0.57254902 0.45098039
v -0.06165355 -0.11645669 0.19157660 0.71764706 0.54901961 0.41176471
v -0.04795271 -0.11645669 0.19219565 0.73333333 0.49803922 0.36470588
v -0.03425193 -0.11645669 0.19279420 0.68235294 0.49803922 0.39215686
v -0.02055115 -0.11645669 0.19347155 0.82745098 0.42745098 0.34901961
v -0.00685036 -0.11645669 0.19365358 0.67058824 0.18823529 0.16078431
v 0.00685036 -0.11645669 0.19353414 0.68235294 0.16862745 0.13725490
v 0.02055115 -0.11645669 0.19403720 0.69019608 0.16078431 0.12549020
v 0.03425193 -0.11645669 0.19503975 0.70196078 0.15294118 0.11764706
v 0.04795271 -0.11645669 0.19602644 0.70196078 0.15294118 0.11372549
v 0.06165349 -0.11645669 0.19692206 0.69019608 0.15294118 0.10980392
v 0.07535428 -0.11645669 0.19753540 0.69019608 0.15686275 0.10980392
v 0.08905506 -0.11645669 0.19734848 0.70980392 0.15686275 0.11372549
v 0.10275584 -0.11645669 0.19683480 0.70980392 0.15294118 0.10588235
v 0.11645675 -0.11645669 0.18793559 0.70980392 0.14117647 0.09411765
v 0.13015747 -0.11645669 0.19734716 0.58823529 0.08627451 0.06274510
v 0.13134623 -0.11645669 0.19866145 0.56470588 0.08235294 0.05882353
v 0.14385831 -0.12650925 0.19866145 0.54509804 0.07843137 0.05882353
v 0.15755904 -0.12837368 0.19866145 0.58039216 0.08627451 0.06274510
v 0.17125988 -0.12674838 0.19866145 0.60392157 0.09803922 0.06666667
v 0.18496060 -0.12376183 0.19866145 0.63137255 0.10980392 0.07843137
v 0.19866145 -0.12903416 0.19866145 0.63137255 0.10980392 0.09411765
v 0.29456687 -0.13006926 0.19866145 0.50588235 0.49019608 0.48627451
v 0.30826771 -0.12879300 0.19866145 0.50196078 0.47843137 0.46666667
v 0.32196844 -0.12576568 0.19866145 0.54117647 0.49411765 0.46274510
v 0.33566940 -0.12223947 0.19866145 0.60392157 0.54117647 0.48235294
v 0.34937012 -0.11645669 0.19789183 0.62352941 0.54901961 0.47843137
v 0.34826541 -0.11645669 0.19866145 0.62352941 0.54901961 0.47843137
v 0.36307085 -0.11645669 0.18769789 0.62352941 0.55686275 0.48627451
v -0.14385825 -0.10275590 0.18752384 0.66274510 0.62352941 0.55686275
v -0.13015747 -0.10275590 0.19509101 0.70196078 0.65098039 0.56078431
v -0.11645669 -0.10275590 0.19521892 0.70196078 0.65882353 0.57647059
v -0.10275590 -0.10275590 0.19595408 0.63137255 0.58823529 0.51764706
v -0.08905512 -0.10275590 0.19645500 0.62745098 0.56470588 0.48235294
v -0.07535434 -0.10275590 0.19708586 0.70588235 0.56078431 0.43137255
v -0.06165355 -0.10275590 0.19752026 0.74117647 0.52941176 0.37647059
v -0.04795271 -0.10275590 0.19836116 0.73333333 0.46666667 0.32156863
v -0.04353637 -0.10275590 0.19866145 0.70196078 0.47450980 0.33725490
v -0.03425193 -0.10473907 0.19866145 0.87058824 0.63137255 0.48627451
v -0.02055115 -0.10693216 0.19866145 0.68235294 0.23137255 0.19215686
v -0.00685036 -0.10781956 0.19866145 0.68235294 0.18039216 0.15294118
v 0.00685036 -0.10853398 0.19866145 0.68235294 0.16862745 0.13333333
v 0.02055115 -0.10953867 0.19866145 0.68627451 0.16078431 0.12156863
v 0.03425193 -0.11093050 0.19866145 0.70196078 0.14901961 0.11372549
v 0.04795271 -0.11258852 0.19866145 0.70196078 0.14901961 0.10980392
v 0.06165349 -0.11417490 0.19866145 0.69019608 0.15294118 0.10980392
v 0.07535428 -0.11520702 0.19866145 0.69411765 0.15686275 0.10980392
v 0.08905506 -0.11531502 0.19866145 0.70980392 0.15686275 0.11372549
v 0.10275584 -0.11450541 0.19866145 0.70588235 0.14901961 0.10196078
v 0.11645675 -0.11261487 0.19866145 0.64705882 0.10980392 0.07450980
v 0.13015747 -0.11599106 0.19866145 0.57254902 0.08235294 0.05882353
v 0.34937012 -0.11605757 0.19866145 0.62352941 0.54901961 0.47450980
v 0.36307085 -0.10973477 0.19866145 0.61568627 0.53333333 0.45098039
v 0.37677169 -0.10275590 0.19331181 0.63529412 0.55686275 0.47058824
v 0.37140501 -0.10275590 0.19866145 0.61568627 0.52941176 0.44705882
v -0.14385825 -0.08905512 0.19456589 0.65882353 0.61960784 0.55294118
v -0.13015747 -0.08905512 0.19780183 0.69803922 0.64705882 0.55294118
v -0.11645669 -0.08905512 0.19863367 0.69019608 0.64705882 0.56470588
v -0.11613643 -0.08905512 0.19866145 0.68627451 0.64313725 0.56078431
v -0.10275590 -0.09479398 0.19866145 0.62352941 0.58039216 0.51372549
v -0.08905512 -0.09679550 0.19866145 0.62745098 0.56078431 0.47843137
v -0.07535434 -0.09851098 0.19866145 0.70980392 0.55686275 0.42745098
v -0.06165355 -0.09997416 0.19866145 0.74509804 0.52549020 0.37254902
v -0.04795271 -0.10215282 0.19866145 0.73333333 0.46666667 0.31764706
v 0.37677169 -0.09963363 0.19866145 0.62745098 0.53725490 0.45490196
v 0.39047241 -0.08905512 0.19425631 0.63921569 0.56078431 0.48235294
v 0.38736451 -0.08905512 0.19866145 0.62745098 0.54901961 0.47058824
v -0.14385825 -0.07535434 0.19759309 0.64313725 0.61568627 0.54901961
v -0.13856512 -0.07535434 0.19866145 0.65882353 0.61960784 0.54509804
v -0.13015747 -0.08368289 0.19866145 0.69411765 0.64313725 0.54901961
v -0.11645669 -0.08892095 0.19866145 0.69019608 0.64705882 0.56470588
v 0.39047241 -0.08595455 0.19866145 0.62745098 0.55686275 0.48627451
v 0.40417325 -0.07535434 0.18600118 0.63529412 0.58039216 0.51372549
v 0.39944267 -0.07535434 0.19866145 0.61960784 0.56862745 0.51372549
v -0.15755904 -0.06165355 0.18725622 0.63921569 0.61176471 0.54509804
v -0.14787728 -0.06165355 0.19866145 0.63137255 0.60784314 0.55686275
v -0.14385825 -0.06825912 0.19866145 0.63529412 0.61176471 0.54901961
v 0.40417325 -0.06540096 0.19866145 0.60000000 0.56470588 0.52156863
v 0.40792441 -0.06165355 0.19866145 0.60000000 0.56078431 0.51764706
v -0.15755904 -0.04795271 0.19309926 0.63529412 0.60784314 0.55294118
v -0.15134025 -0.04795271 0.19866145 0.62352941 0.60392157 0.56078431
v 0.41526771 -0.04795271 0.19866145 0.58823529 0.54901961 0.50588235
v -0.15755904 -0.03425193 0.19440472 0.62745098 0.60784314 0.55294118
v -0.15244812 -0.03425193 0.19866145 0.62352941 0.60392157 0.55686275
v 0.41787398 -0.03425193 0.19504821 0.58823529 0.54509804 0.49803922
v 0.41644347 -0.03425193 0.19866145 0.59215686 0.54901961 0.49803922
v -0.15755904 -0.02055115 0.19476008 0.62352941 0.60392157 0.54901961
v -0.15218210 -0.02055115 0.19866145 0.61960784 0.60392157 0.55294118
v 0.41787398 -0.02055115 0.19806492 0.61176471 0.56078431 0.49803922
v 0.41748333 -0.02055115 0.19866145 0.61176471 0.56078431 0.49803922
v -0.15755904 -0.00685036 0.19430196 0.62745098 0.60392157 0.54509804
v -0.15148449 -0.00685036 0.19866145 0.61960784 0.60392157 0.54901961
v 0.41787398 -0.00685036 0.19849944 0.60784314 0.55686275 0.49803922
v 0.41777062 -0.00685036 0.19866145 0.60784314 0.55686275 0.49803922
v -0.15755904 0.00685036 0.19263446 0.63921569 0.60784314 0.54117647
v -0.14971554 0.00685036 0.19866145 0.63137255 0.60392157 0.54509804
v 0.41787398 0.00685036 0.19648123 0.58039216 0.53725490 0.49019608
v 0.41684639 0.00685036 0.19866145 0.58039216 0.53725490 0.49019608
v -0.15755904 0.02055115 0.18524623 0.63921569 0.60784314 0.54117647
v -0.14385825 0.01834762 0.19866145 0.64313725 0.60784314 0.53725490
v -0.14385825 0.02055115 0.19843721 0.63921569 0.60392157 0.54117647
v -0.14193648 0.02055115 0.19866145 0.64313725 0.60784314 0.53725490
v 0.41787398 0.02055115 0.19289625 0.56078431 0.52156863 0.48627451
v 0.41597784 0.02055115 0.19866145 0.56470588 0.52549020 0.48627451
v -0.14385825 0.03425193 0.19633865 0.63137255 0.60784314 0.54901961
v -0.13015747 0.02944529 0.19866145 0.65490196 0.60784314 0.52941176
v -0.13015747 0.03425193 0.19783103 0.65490196 0.60784314 0.52941176
v -0.12185997 0.03425193 0.19866145 0.64313725 0.60392157 0.53333333
v 0.41391754 0.03425193 0.19866145 0.55294118 0.52156863 0.49019608
v -0.14385825 0.04795271 0.19287848 0.63529412 0.61176471 0.54901961
v -0.13015747 0.04795271 0.19584370 0.65882353 0.61568627 0.53333333
v -0.11645669 0.03817052 0.19866145 0.62745098 0.58823529 0.52156863
v -0.11645669 0.04795271 0.19621432 0.63529412 0.59607843 0.52549020
v -0.10275590 0.04795271 0.19791377 0.59215686 0.55686275 0.50196078
v -0.10275590 0.04528630 0.19866145 0.58823529 0.55686275 0.50196078
v -0.09443307 0.04795271 0.19866145 0.56470588 0.54117647 0.49019608
v 0.40417325 0.04795271 0.19818985 0.55686275 0.52156863 0.49019608
v 0.40417325 0.04742461 0.19866145 0.55686275 0.52156863 0.49019608
v 0.40386975 0.04795271 0.19866145 0.56078431 0.52156863 0.49019608
v -0.13015747 0.06165349 0.19053698 0.65490196 0.62352941 0.54901961
v -0.11645669 0.06165349 0.19129741 0.63529412 0.60784314 0.54117647
v -0.10275590 0.06165349 0.19350588 0.60784314 0.56470588 0.50196078
v -0.08905512 0.05017531 0.19866145 0.58823529 0.53725490 0.46666667
v -0.08905512 0.06165349 0.19480598 0.60392157 0.53725490 0.46666667
v -0.07535434 0.06165349 0.19561636 0.68235294 0.53333333 0.41960784
v -0.07535434 0.05343109 0.19866145 0.67450980 0.52941176 0.42352941
v -0.06165355 0.06165349 0.19683254 0.71764706 0.49803922 0.36862745
v -0.06165355 0.05709887 0.19866145 0.71372549 0.49411765 0.36862745
v -0.04965085 0.06165349 0.19866145 0.73333333 0.47450980 0.34901961
v 0.39984286 0.06165349 0.19866145 0.58431373 0.54117647 0.49803922
v -0.08905512 0.07535428 0.18716812 0.62352941 0.54117647 0.46274510
v -0.07535434 0.07535428 0.18913400 0.67450980 0.53725490 0.42745098
v -0.06165355 0.07535428 0.19117486 0.70196078 0.50196078 0.37647059
v -0.04795271 0.06247520 0.19866145 0.76862745 0.49411765 0.36078431
v -0.04795271 0.07535428 0.19362533 0.73333333 0.47843137 0.35686275
v -0.03425193 0.07535428 0.19497061 0.92156863 0.59215686 0.46666667
v -0.03425193 0.06766665 0.19866145 0.68627451 0.24705882 0.20784314
v -0.02055115 0.07535428 0.19638753 0.66666667 0.16862745 0.14901961
v -0.02055115 0.07117105 0.19866145 0.66666667 0.16862745 0.14901961
v -0.00685036 0.07535428 0.19772291 0.67843137 0.14509804 0.12941176
v -0.00685036 0.07371324 0.19866145 0.67843137 0.14509804 0.12941176
v 0.00379723 0.07535428 0.19866145 0.67058824 0.14117647 0.11764706
v 0.39047241 0.07535428 0.19388533 0.56862745 0.52941176 0.48627451
v 0.39047241 0.07245409 0.19866145 0.58039216 0.53333333 0.49019608
v 0.38785565 0.07535428 0.19866145 0.56862745 0.52549020 0.48627451
v -0.03425193 0.08905506 0.18568885 0.81176471 0.52941176 0.37254902
v -0.02055115 0.08905506 0.18924141 0.76078431 0.23921569 0.21568627
v -0.00685036 0.08905506 0.19081616 0.67450980 0.14509804 0.13333333
v 0.00685036 0.07612807 0.19866145 0.67058824 0.14117647 0.11372549
v 0.00685036 0.08905506 0.19166410 0.67843137 0.12941176 0.11372549
v 0.02055115 0.08905506 0.19271088 0.67843137 0.12549020 0.10196078
v 0.02055115 0.07953483 0.19866145 0.66666667 0.13333333 0.10588235
v 0.03425193 0.08905506 0.19411910 0.68235294 0.12549020 0.09803922
v 0.03425193 0.08216184 0.19866145 0.67450980 0.12549020 0.09803922
v 0.04795271 0.08905506 0.19584560 0.67843137 0.12549020 0.09803922
v 0.04795271 0.08491719 0.19866145 0.67843137 0.12549020 0.09803922
v 0.06165349 0.08905506 0.19753659 0.66274510 0.12941176 0.10196078
v 0.06165349 0.08759367 0.19866145 0.66274510 0.13333333 0.10196078
v 0.06826186 0.08905506 0.19866145 0.65882353 0.13725490 0.10196078
v 0.10275584 0.08905506 0.19715667 0.60784314 0.11372549 0.09803922
v 0.10275584 0.08719230 0.19866145 0.60000000 0.10980392 0.09411765
v 0.09645647 0.08905506 0.19866145 0.64705882 0.13333333 0.11372549
v 0.10417444 0.08905506 0.19866145 0.58823529 0.10588235 0.09411765
v 0.37677169 0.08905506 0.19401860 0.52549020 0.48627451 0.45490196
v 0.37677169 0.08686393 0.19866145 0.53333333 0.49019608 0.45098039
v 0.37389004 0.08905506 0.19866145 0.52156863 0.47843137 0.44313725
v 0.06165349 0.10275584 0.18729067 0.67058824 0.11764706 0.09019608
v 0.07535428 0.09178507 0.19866145 0.65882353 0.14117647 0.10980392
v 0.07535428 0.10275584 0.19026840 0.66274510 0.12156863 0.09019608
v 0.08905506 0.10275584 0.19201672 0.67450980 0.12941176 0.09411765
v 0.08905506 0.09374589 0.19866145 0.66666667 0.14901961 0.12156863
v 0.10275584 0.10275584 0.18972492 0.67843137 0.12941176 0.09411765
v 0.11645675 0.10118163 0.19866145 0.54901961 0.07843137 0.07058824
v 0.11645675 0.10275584 0.19609809 0.63529412 0.10588235 0.08235294
v 0.12100589 0.10275584 0.19866145 0.52156863 0.07058824 0.05882353
v 0.17125988 0.10275584 0.19699895 0.46274510 0.07058824 0.06666667
v 0.17125988 0.09763092 0.19866145 0.40784314 0.07843137 0.07843137
v 0.16971219 0.10275584 0.19866145 0.47058824 0.07450980 0.06666667
v 0.17260563 0.10275584 0.19866145 0.47058824 0.07450980 0.07058824
v 0.36307085 0.10275584 0.18691885 0.51764706 0.47450980 0.43921569
v 0.36307085 0.09837872 0.19866145 0.50980392 0.45882353 0.42352941
v 0.35495198 0.10275584 0.19866145 0.51764706 0.46666667 0.43137255
v 0.13015747 0.10954529 0.19866145 0.50196078 0.05882353 0.05098039
v 0.14385831 0.11645675 0.19508517 0.49411765 0.05490196 0.05098039
v 0.14385831 0.11451101 0.19866145 0.49803922 0.05882353 0.05098039
v 0.15755904 0.11645675 0.19722486 0.51372549 0.06274510 0.05490196
v 0.15755904 0.11578739 0.19866145 0.52549020 0.06274510 0.05490196
v 0.17125988 0.11645675 0.19208479 0.48627451 0.05490196 0.05098039
v 0.18496060 0.11434746 0.19866145 0.57254902 0.08235294 0.07058824
v 0.18966150 0.11645675 0.19866145 0.56862745 0.08235294 0.07058824
v 0.33566940 0.11645675 0.18572271 0.53333333 0.49411765 0.46666667
v 0.33566940 0.11306441 0.19866145 0.52941176 0.48235294 0.45098039
v 0.32758760 0.11645675 0.19866145 0.51372549 0.47843137 0.45490196
v 0.34937012 0.10772282 0.19866145 0.52156863 0.47450980 0.43921569
v 0.19866145 0.12433749 0.19866145 0.48627451 0.07843137 0.07843137
v 0.21236217 0.13015747 0.18724763 0.70980392 0.55686275 0.47843137
v 0.21236217 0.12775761 0.19866145 0.91372549 0.68235294 0.55294118
v 0.22606301 0.13015747 0.19043505 0.52941176 0.47843137 0.46274510
v 0.22606301 0.12822503 0.19866145 0.64313725 0.55294118 0.49803922
v 0.23976374 0.13015747 0.19242418 0.49411765 0.48235294 0.49411765
v 0.23976374 0.12860268 0.19866145 0.49019608 0.47058824 0.47450980
v 0.25346458 0.13015747 0.19445574 0.48235294 0.49019608 0.51764706
v 0.25346458 0.12927371 0.19866145 0.47843137 0.48627451 0.51372549
v 0.26716530 0.13015747 0.19799149 0.47843137 0.49411765 0.52156863
v 0.26716530 0.13007164 0.19866145 0.47843137 0.49411765 0.52156863
v 0.27810192 0.13015747 0.19866145 0.47843137 0.49803922 0.52156863
v 0.29456687 0.12851274 0.19866145 0.47843137 0.48627451 0.49803922
v 0.28107488 0.13015747 0.19866145 0.47843137 0.49803922 0.52156863
v 0.30826771 0.12504625 0.19866145 0.47450980 0.47058824 0.47058824
v 0.32196844 0.12098169 0.19866145 0.50196078 0.47843137 0.46274510
v 0.28086615 0.13026011 0.19866145 0.47843137 0.49803922 0.52156863
v -0.17125988 -0.36307085 0.21053934 0.72941176 0.72941176 0.68627451
v -0.15755904 -0.36307085 0.20991218 0.72549020 0.72941176 0.68627451
v -0.14385825 -0.36307085 0.20949614 0.72941176 0.72941176 0.69019608
v -0.13015747 -0.36307085 0.20685923 0.73333333 0.72941176 0.69019608
v -0.11645669 -0.36307085 0.20004249 0.72941176 0.72156863 0.67843137
v -0.17125988 -0.34937006 0.21031368 0.75686275 0.74117647 0.67450980
v -0.15755904 -0.34937006 0.21063137 0.74117647 0.73725490 0.69019608
v -0.14385825 -0.34937006 0.21171212 0.73333333 0.73333333 0.69411765
v -0.13015747 -0.34937006 0.21066606 0.74901961 0.73333333 0.68235294
v -0.11645669 -0.34937006 0.20797014 0.74117647 0.72549020 0.67058824
v -0.10275590 -0.34937006 0.20223510 0.70196078 0.70196078 0.66666667
v -0.17125988 -0.33566928 0.20687020 0.75686275 0.74509804 0.67450980
v -0.15755904 -0.33566928 0.21017444 0.74117647 0.74117647 0.68627451
v -0.14385825 -0.33566928 0.21194744 0.73333333 0.73333333 0.69019608
v -0.13524687 -0.33566928 0.21236217 0.74509804 0.73725490 0.68235294
v -0.13015747 -0.33748233 0.21236217 0.75294118 0.73725490 0.67843137
v -0.12732089 -0.33566928 0.21236217 0.75294118 0.73725490 0.67843137
v -0.11645669 -0.33566928 0.21152592 0.74509804 0.72941176 0.67058824
v -0.10275590 -0.33566928 0.20777917 0.70196078 0.70196078 0.66274510
v -0.08905512 -0.33566928 0.20167148 0.69411765 0.69019608 0.66274510
v -0.15755904 -0.32196850 0.21235299 0.72156863 0.72549020 0.67450980
v -0.15746170 -0.32196850 0.21236217 0.72156863 0.72549020 0.67450980
v -0.14385825 -0.33391154 0.21236217 0.73333333 0.73333333 0.69019608
v -0.11645669 -0.32987803 0.21236217 0.73725490 0.72549020 0.67058824
v -0.10858059 -0.32196850 0.21236217 0.70980392 0.70588235 0.66666667
v -0.10275590 -0.32196850 0.21148741 0.69803922 0.69803922 0.66274510
v -0.08905512 -0.32196850 0.20746446 0.68235294 0.68627451 0.65882353
v -0.16589564 -0.30826771 0.21236217 0.70588235 0.70980392 0.67058824
v -0.15755904 -0.32192719 0.21236217 0.72156863 0.72549020 0.67450980
v -0.10275590 -0.30826771 0.21224880 0.69411765 0.69411765 0.66274510
v -0.10326946 -0.30826771 0.21236217 0.69411765 0.69411765 0.66274510
v -0.08905512 -0.30826771 0.20794106 0.67843137 0.68235294 0.65882353
v -0.16592872 -0.29456693 0.21236217 0.72156863 0.72549020 0.67843137
v -0.10275590 -0.29456693 0.20805204 0.69803922 0.70196078 0.66274510
v -0.11161005 -0.29456693 0.21236217 0.72156863 0.71764706 0.67450980
v -0.06165355 -0.29456693 0.20454514 0.69803922 0.69411765 0.67058824
v -0.15755904 -0.28616172 0.21236217 0.72941176 0.73333333 0.68627451
v -0.15755904 -0.28086615 0.20222569 0.70980392 0.72156863 0.68627451
v -0.14385825 -0.28086615 0.21201873 0.72156863 0.72549020 0.68627451
v -0.14385825 -0.28104317 0.21236217 0.72156863 0.72549020 0.68627451
v -0.13015747 -0.28086615 0.20892513 0.73725490 0.73333333 0.69019608
v -0.13015747 -0.28362739 0.21236217 0.74117647 0.73725490 0.69019608
v -0.11645669 -0.28086615 0.20505190 0.73333333 0.72941176 0.68627451
v -0.11645669 -0.28995985 0.21236217 0.73725490 0.72941176 0.68235294
v 0.21236217 -0.13015747 0.20376754 0.72549020 0.23529412 0.19215686
v 0.22606301 -0.13015747 0.20387483 0.65490196 0.56470588 0.51764706
v 0.23976374 -0.13015747 0.20437467 0.49803922 0.48627451 0.49019608
v 0.25346458 -0.13015747 0.20543408 0.49411765 0.49019608 0.50196078
v 0.26716530 -0.13015747 0.20400691 0.49411765 0.49411765 0.50588235
v 0.28086615 -0.13015747 0.20142365 0.50196078 0.50196078 0.50196078
v 0.14385831 -0.11645669 0.21225679 0.65490196 0.10588235 0.07058824
v 0.14434409 -0.11645669 0.21236217 0.65490196 0.10588235 0.07058824
v 0.15755904 -0.12012488 0.21236217 0.67450980 0.12156863 0.07843137
v 0.17125988 -0.11645669 0.20897794 0.66274510 0.11372549 0.07450980
v 0.16236627 -0.11645669 0.21236217 0.66666667 0.11372549 0.07843137
v 0.18496060 -0.11645669 0.20758748 0.66274510 0.11372549 0.07843137
v 0.18825376 -0.11645669 0.21236217 0.67450980 0.11764706 0.08235294
v 0.19866145 -0.12528145 0.21236217 0.67843137 0.12549020 0.09411765
v 0.21236217 -0.12714064 0.21236217 0.67843137 0.14901961 0.11372549
v 0.22606301 -0.12700790 0.21236217 0.90588235 0.65098039 0.50588235
v 0.23976374 -0.12760234 0.21236217 0.54901961 0.50196078 0.47843137
v 0.25346458 -0.12819642 0.21236217 0.50196078 0.49019608 0.49019608
v 0.26716530 -0.12767696 0.21236217 0.50980392 0.49803922 0.50196078
v 0.28086615 -0.12653857 0.21236217 0.51372549 0.50588235 0.50588235
v 0.29456687 -0.12516564 0.21236217 0.50980392 0.49411765 0.49019608
v 0.30826771 -0.12348193 0.21236217 0.50588235 0.48627451 0.48235294
v 0.32196844 -0.12006915 0.21236217 0.54117647 0.49411765 0.47058824
v 0.33566940 -0.11645669 0.20826638 0.60000000 0.52941176 0.47058824
v 0.32965255 -0.11645669 0.21236217 0.57254902 0.50588235 0.46666667
v -0.03425193 -0.10275590 0.20055723 0.88627451 0.66274510 0.51764706
v -0.02055115 -0.10275590 0.20263541 0.67450980 0.21568627 0.18039216
v -0.00685036 -0.10275590 0.20341969 0.69019608 0.17254902 0.14901961
v 0.00685036 -0.10275590 0.20396852 0.67843137 0.17254902 0.12941176
v 0.02055115 -0.10275590 0.20463407 0.68627451 0.16078431 0.11764706
v 0.03425193 -0.10275590 0.20548117 0.70588235 0.14117647 0.10588235
v 0.04795271 -0.10275590 0.20639908 0.69803922 0.13725490 0.10196078
v 0.06165349 -0.10275590 0.20726931 0.69019608 0.14117647 0.10196078
v 0.07535428 -0.10275590 0.20831406 0.69411765 0.14117647 0.10196078
v 0.08905506 -0.10275590 0.20949793 0.66666667 0.11372549 0.09019608
v 0.10275584 -0.10275590 0.20889270 0.58039216 0.07450980 0.05882353
v 0.11645675 -0.10275590 0.20969582 0.54901961 0.07058824 0.05098039
v 0.12006086 -0.10275590 0.21236217 0.57254902 0.07450980 0.05490196
v 0.13015747 -0.11090910 0.21236217 0.60392157 0.08627451 0.05882353
v 0.14385831 -0.11639267 0.21236217 0.65490196 0.10588235 0.07058824
v 0.17125988 -0.11438340 0.21236217 0.66274510 0.10980392 0.07843137
v 0.18496060 -0.11497802 0.21236217 0.67450980 0.11372549 0.08235294
v 0.33566940 -0.11455178 0.21236217 0.59215686 0.52549020 0.47450980
v 0.34937012 -0.10824931 0.21236217 0.60000000 0.52941176 0.46666667
v 0.36307085 -0.10275590 0.20760584 0.58823529 0.50980392 0.43921569
v 0.35718632 -0.10275590 0.21236217 0.58431373 0.51372549 0.45098039
v -0.10275590 -0.08905512 0.20313072 0.61176471 0.57647059 0.50980392
v -0.08905512 -0.08905512 0.20422578 0.61176471 0.55686275 0.47843137
v -0.07535434 -0.08905512 0.20478475 0.72549020 0.55294118 0.41176471
v -0.06165355 -0.08905512 0.20572484 0.76078431 0.51764706 0.35686275
v -0.04795271 -0.08905512 0.20725799 0.71764706 0.46274510 0.32549020
v -0.03425193 -0.08905512 0.20784807 0.89019608 0.58431373 0.45882353
v -0.02055115 -0.08905512 0.20817804 0.68235294 0.20392157 0.17254902
v -0.00685036 -0.08905512 0.20851552 0.69019608 0.17647059 0.14901961
v 0.00685036 -0.08905512 0.20890129 0.67843137 0.16862745 0.12941176
v 0.02055115 -0.08905512 0.20974553 0.68235294 0.15686275 0.11764706
v 0.03425193 -0.08905512 0.21085870 0.68627451 0.15294118 0.11372549
v 0.04795271 -0.08905512 0.21189141 0.69411765 0.15686275 0.11372549
v 0.05271500 -0.08905512 0.21236217 0.69411765 0.15686275 0.11372549
v 0.06165349 -0.09134513 0.21236217 0.69019608 0.14509804 0.10588235
v 0.07535428 -0.09552175 0.21236217 0.68235294 0.12549020 0.09411765
v 0.08905506 -0.09809905 0.21236217 0.60392157 0.08235294 0.06666667
v 0.10275584 -0.09528226 0.21236217 0.52941176 0.06274510 0.05098039
v 0.11645675 -0.10083067 0.21236217 0.56078431 0.07058824 0.05098039
v 0.36307085 -0.09934604 0.21236217 0.56862745 0.50196078 0.44313725
v 0.37677169 -0.08905512 0.21118057 0.58431373 0.50196078 0.43529412
v 0.37521362 -0.08905512 0.21236217 0.57647059 0.49803922 0.43529412
v -0.13015747 -0.07535434 0.20432925 0.68235294 0.63137255 0.54117647
v -0.11645669 -0.07535434 0.20607710 0.65490196 0.61568627 0.53725490
v -0.10275590 -0.07535434 0.20716286 0.60000000 0.57254902 0.50588235
v -0.08905512 -0.07535434 0.20756257 0.59607843 0.55294118 0.48235294
v -0.07535434 -0.07535434 0.20804298 0.69019608 0.54901961 0.42745098
v -0.06165355 -0.07535434 0.20862734 0.73333333 0.52156863 0.38039216
v -0.04795271 -0.07535434 0.20958209 0.73333333 0.48627451 0.34901961
v -0.03425193 -0.07535434 0.21049762 0.74901961 0.34117647 0.28235294
v -0.02055115 -0.07535434 0.21173966 0.67450980 0.21176471 0.18039216
v -0.01271385 -0.07535434 0.21236217 0.67450980 0.19607843 0.16862745
v -0.00685036 -0.07712686 0.21236217 0.67058824 0.19215686 0.16078431
v 0.00685036 -0.07935685 0.21236217 0.66666667 0.18039216 0.13725490
v 0.02055115 -0.08223414 0.21236217 0.66274510 0.16862745 0.12156863
v 0.03425193 -0.08562964 0.21236217 0.68235294 0.16470588 0.11764706
v 0.04795271 -0.08806425 0.21236217 0.69411765 0.16078431 0.11372549
v 0.37677169 -0.08802098 0.21236217 0.57647059 0.50196078 0.43921569
v 0.39047241 -0.07535434 0.20958328 0.58431373 0.54117647 0.49803922
v 0.38799465 -0.07535434 0.21236217 0.57254902 0.52941176 0.49019608
v -0.14385825 -0.06165355 0.20266640 0.63137255 0.61176471 0.55294118
v -0.13015747 -0.06165355 0.20794117 0.66274510 0.61960784 0.54117647
v -0.11645669 -0.06165355 0.20828927 0.64313725 0.60392157 0.53725490
v -0.10275590 -0.06165355 0.20900643 0.58431373 0.56470588 0.51764706
v -0.08905512 -0.06165355 0.20931935 0.57647059 0.54901961 0.49411765
v -0.07535434 -0.06165355 0.21003735 0.66274510 0.54509804 0.44313725
v -0.06165355 -0.06165355 0.21098065 0.70588235 0.52549020 0.40392157
v -0.04795271 -0.06165355 0.21229887 0.78431373 0.53333333 0.40392157
v -0.04730624 -0.06165355 0.21236217 0.80392157 0.54901961 0.41568627
v -0.03425193 -0.06750876 0.21236217 0.70980392 0.30588235 0.25490196
v -0.02055115 -0.07299000 0.21236217 0.67058824 0.21176471 0.18039216
v 0.39047241 -0.07258272 0.21236217 0.57254902 0.53725490 0.50196078
v 0.40417325 -0.06165355 0.20239353 0.59215686 0.55686275 0.51764706
v 0.39943552 -0.06165355 0.21236217 0.57254902 0.54509804 0.51764706
v -0.14385825 -0.04795271 0.20608819 0.62745098 0.60784314 0.55686275
v -0.13015747 -0.04795271 0.20915020 0.66274510 0.62352941 0.54901961
v -0.11645669 -0.04795271 0.20944059 0.63921569 0.61176471 0.55294118
v -0.10275590 -0.04795271 0.21030724 0.59215686 0.56862745 0.52156863
v -0.08905512 -0.04795271 0.21096849 0.58823529 0.54509804 0.49019608
v -0.07535434 -0.04795271 0.21200514 0.65098039 0.54509804 0.45490196
v -0.07032126 -0.04795271 0.21236217 0.67450980 0.54509804 0.44313725
v -0.06165355 -0.05230778 0.21236217 0.69019608 0.52156863 0.41176471
v -0.04795271 -0.06129754 0.21236217 0.78823529 0.53333333 0.40784314
v 0.40417325 -0.04795271 0.21061790 0.56862745 0.53725490 0.50980392
v 0.40257287 -0.04795271 0.21236217 0.56078431 0.53725490 0.51372549
v -0.14385825 -0.03425193 0.20710289 0.62745098 0.60392157 0.55686275
v -0.13015747 -0.03425193 0.20959961 0.65882353 0.61960784 0.54901961
v -0.11645669 -0.03425193 0.21000957 0.63529412 0.60784314 0.54901961
v -0.10275590 -0.03425193 0.21095216 0.58823529 0.56862745 0.52156863
v -0.08905512 -0.03425193 0.21181977 0.58823529 0.54509804 0.48627451
v -0.08218783 -0.03425193 0.21236217 0.61568627 0.54509804 0.47058824
v -0.07535434 -0.04289228 0.21236217 0.64705882 0.54509804 0.45882353
v 0.40417325 -0.04340571 0.21236217 0.56078431 0.53725490 0.51372549
v 0.41182899 -0.03425193 0.21236217 0.58039216 0.54117647 0.50196078
v -0.14385825 -0.02055115 0.20672584 0.62745098 0.60392157 0.54901961
v -0.13015747 -0.02055115 0.20939302 0.65098039 0.60784314 0.52941176
v -0.11645669 -0.02055115 0.20996714 0.62745098 0.59215686 0.52941176
v -0.10275590 -0.02055115 0.21079397 0.58431373 0.56470588 0.50980392
v -0.08905512 -0.02055115 0.21171713 0.58431373 0.54509804 0.48235294
v -0.08200514 -0.02055115 0.21236217 0.61176471 0.54509804 0.46274510
v 0.41401410 -0.02055115 0.21236217 0.61568627 0.55294118 0.47843137
v -0.14385825 -0.00685036 0.20607245 0.62745098 0.60392157 0.54509804
v -0.13015747 -0.00685036 0.20892918 0.65098039 0.60784314 0.52156863
v -0.11645669 -0.00685036 0.20953655 0.62352941 0.58823529 0.52156863
v -0.10275590 -0.00685036 0.21035862 0.58431373 0.56078431 0.50588235
v -0.08905512 -0.00685036 0.21129298 0.58039216 0.54117647 0.47843137
v -0.07710707 -0.00685036 0.21236217 0.64313725 0.54117647 0.43921569
v 0.41435516 -0.00685036 0.21236217 0.61568627 0.54901961 0.47450980
v -0.14385825 0.00685036 0.20444167 0.63921569 0.60392157 0.54117647
v -0.13015747 0.00685036 0.20801818 0.65098039 0.60784314 0.52941176
v -0.11645669 0.00685036 0.20855331 0.62352941 0.59215686 0.52941176
v -0.10275590 0.00685036 0.20977449 0.58431373 0.55686275 0.50196078
v -0.08905512 0.00685036 0.21063364 0.58431373 0.53725490 0.47058824
v -0.07535434 -0.00436866 0.21236217 0.65490196 0.54117647 0.43529412
v -0.07535434 0.00685036 0.21164787 0.65490196 0.53725490 0.43529412
v -0.06756568 0.00685036 0.21236217 0.68235294 0.53333333 0.41960784
v 0.41353762 0.00685036 0.21236217 0.57254902 0.53333333 0.48627451
v -0.13015747 0.02055115 0.20498991 0.65098039 0.60784314 0.53333333
v -0.11645669 0.02055115 0.20648086 0.62352941 0.59215686 0.52549020
v -0.10275590 0.02055115 0.20843637 0.58431373 0.55686275 0.49803922
v -0.08905512 0.02055115 0.20932496 0.58823529 0.53333333 0.47058824
v -0.07535434 0.02055115 0.20994055 0.65882353 0.53333333 0.43137255
v -0.06165355 0.01095665 0.21236217 0.64705882 0.50196078 0.40392157
v -0.06165355 0.02055115 0.21104062 0.66666667 0.49803922 0.39215686
v -0.05064511 0.02055115 0.21236217 0.76862745 0.48627451 0.39215686
v 0.40843177 0.02055115 0.21236217 0.54901961 0.51764706 0.49019608
v -0.11645669 0.03425193 0.20183718 0.62745098 0.58823529 0.52156863
v -0.10275590 0.03425193 0.20536709 0.58039216 0.55686275 0.50196078
v -0.08905512 0.03425193 0.20656967 0.58431373 0.53725490 0.47058824
v -0.07535434 0.03425193 0.20745492 0.66666667 0.52941176 0.42745098
v -0.06165355 0.03425193 0.20854402 0.69411765 0.49411765 0.38431373
v -0.04795271 0.02226603 0.21236217 0.87843137 0.57647059 0.46666667
v -0.04795271 0.03425193 0.20999098 0.84705882 0.55686275 0.45882353
v -0.03425193 0.03425193 0.21148336 0.68627451 0.23137255 0.20784314
v -0.03425193 0.03033841 0.21236217 0.69019608 0.22745098 0.20784314
v -0.02802563 0.03425193 0.21236217 0.69019608 0.20784314 0.18823529
v 0.40417325 0.03425193 0.20894384 0.54509804 0.51372549 0.49019608
v 0.40417325 0.02538943 0.21236217 0.54509804 0.51372549 0.49019608
v 0.40168083 0.03425193 0.21236217 0.53725490 0.50980392 0.49019608
v -0.08905512 0.04795271 0.20043719 0.58431373 0.53725490 0.47058824
v -0.07535434 0.04795271 0.20265472 0.67843137 0.52549020 0.41960784
v -0.06165355 0.04795271 0.20490599 0.71764706 0.49411765 0.37254902
v -0.04795271 0.04795271 0.20719874 0.81176471 0.53333333 0.41960784
v -0.03425193 0.04795271 0.20846653 0.67058824 0.24313725 0.20392157
v -0.02055115 0.03853691 0.21236217 0.69411765 0.19215686 0.18039216
v -0.02055115 0.04795271 0.20970094 0.69019608 0.18431373 0.16862745
v -0.00685036 0.04795271 0.21107471 0.69411765 0.16078431 0.14901961
v -0.00685036 0.04385763 0.21236217 0.69019608 0.16862745 0.15686275
v 0.00654423 0.04795271 0.21236217 0.68235294 0.15294118 0.12549020
v 0.39924407 0.04795271 0.21236217 0.55294118 0.51764706 0.48627451
v -0.04795271 0.06165349 0.19942021 0.77254902 0.50196078 0.36470588
v -0.03425193 0.06165349 0.20393574 0.63137255 0.24705882 0.19607843
v -0.02055115 0.06165349 0.20589387 0.67843137 0.17647059 0.15294118
v -0.00685036 0.06165349 0.20693266 0.69019608 0.14901961 0.12941176
v 0.00685036 0.04806620 0.21236217 0.67843137 0.15294118 0.12549020
v 0.00685036 0.06165349 0.20771945 0.67843137 0.14509804 0.11372549
v 0.02055115 0.06165349 0.20864475 0.67058824 0.13725490 0.10196078
v 0.02055115 0.05246162 0.21236217 0.67450980 0.14901961 0.10980392
v 0.03425193 0.06165349 0.21007025 0.69019608 0.14117647 0.09803922
v 0.03425193 0.05664772 0.21236217 0.69411765 0.15294118 0.10588235
v 0.04795271 0.06165349 0.21195054 0.70196078 0.15686275 0.09411765
v 0.04795271 0.06076521 0.21236217 0.70588235 0.15686275 0.09803922
v 0.05031842 0.06165349 0.21236217 0.70588235 0.15686275 0.09411765
v 0.39047241 0.06165349 0.21047759 0.58431373 0.52941176 0.47843137
v 0.39047241 0.05943710 0.21236217 0.57647059 0.52549020 0.47450980
v 0.38911867 0.06165349 0.21236217 0.58039216 0.52941176 0.47058824
v 0.00685036 0.07535428 0.19940686 0.66666667 0.14117647 0.11372549
v 0.02055115 0.07535428 0.20256150 0.65882353 0.13725490 0.10588235
v 0.03425193 0.07535428 0.20460498 0.67450980 0.12549020 0.09803922
v 0.04795271 0.07535428 0.20635796 0.68235294 0.13333333 0.09803922
v 0.06165349 0.06642252 0.21236217 0.70588235 0.16078431 0.08627451
v 0.06165349 0.07535428 0.20798099 0.67843137 0.14509804 0.09803922
v 0.07535428 0.07535428 0.21009028 0.69019608 0.16078431 0.10196078
v 0.07535428 0.07142711 0.21236217 0.70196078 0.16078431 0.09019608
v 0.08905506 0.07535428 0.21117461 0.57647059 0.08627451 0.06274510
v 0.08905506 0.07273513 0.21236217 0.55294118 0.07450980 0.05490196
v 0.10275584 0.07535428 0.21036446 0.43921569 0.05490196 0.04313725
v 0.10275584 0.07308310 0.21236217 0.44705882 0.05490196 0.03921569
v 0.10404646 0.07535428 0.21236217 0.44705882 0.05882353 0.04313725
v 0.38065398 0.07535428 0.21236217 0.55686275 0.50980392 0.45490196
v 0.07535428 0.08905506 0.20134151 0.66666667 0.14509804 0.10980392
v 0.08905506 0.08905506 0.20320284 0.68235294 0.16470588 0.13333333
v 0.11318761 0.08905506 0.21236217 0.43529412 0.07450980 0.06274510
v 0.17125988 0.08905506 0.20718729 0.45098039 0.09803922 0.09411765
v 0.17125988 0.08757561 0.21236217 0.49803922 0.09803922 0.09411765
v 0.16976810 0.08905506 0.21236217 0.48627451 0.09803922 0.09411765
v 0.17206597 0.08905506 0.21236217 0.47843137 0.09803922 0.09803922
v 0.37677169 0.07924545 0.21236217 0.54117647 0.49411765 0.44705882
v 0.36601508 0.08905506 0.21236217 0.49411765 0.45882353 0.43137255
v 0.11645675 0.09230292 0.21236217 0.42352941 0.07843137 0.07450980
v 0.13015747 0.10275584 0.20665514 0.47843137 0.07450980 0.05882353
v 0.13015747 0.09917301 0.21236217 0.46274510 0.07843137 0.07450980
v 0.14385831 0.10275584 0.21183777 0.54509804 0.08235294 0.07450980
v 0.14385831 0.10233086 0.21236217 0.54509804 0.08627451 0.07843137
v 0.14662457 0.10275584 0.21236217 0.56078431 0.09019608 0.07843137
v 0.16099584 0.10275584 0.21236217 0.52549020 0.08627451 0.08235294
v 0.18429029 0.10275584 0.21236217 0.46666667 0.09019608 0.09803922
v 0.34937012 0.10275584 0.20483267 0.51372549 0.46666667 0.43529412
v 0.34937012 0.09914452 0.21236217 0.49019608 0.45882353 0.44313725
v 0.34257519 0.10275584 0.21236217 0.49803922 0.46666667 0.45098039
v 0.36307085 0.09200579 0.21236217 0.48627451 0.45490196 0.43137255
v 0.15755904 0.10619569 0.21236217 0.57254902 0.08627451 0.07450980
v 0.18496060 0.10341793 0.21236217 0.47450980 0.09019608 0.09803922
v 0.19866145 0.11645675 0.20812225 0.52941176 0.07843137 0.07450980
v 0.19866145 0.11469895 0.21236217 0.53333333 0.07450980 0.07450980
v 0.20413184 0.11645675 0.21236217 0.49019608 0.07450980 0.07450980
v 0.32196844 0.11645675 0.20626342 0.49019608 0.47058824 0.45882353
v 0.32196844 0.11473346 0.21236217 0.48235294 0.46274510 0.45882353
v 0.31757724 0.11645675 0.21236217 0.47058824 0.45882353 0.45882353
v 0.33566940 0.10842735 0.21236217 0.50196078 0.47058824 0.45490196
v 0.21236217 0.12299007 0.21236217 0.47058824 0.09019608 0.08627451
v 0.22606301 0.12471598 0.21236217 0.92156863 0.74901961 0.60000000
v 0.23976374 0.12561834 0.21236217 0.56078431 0.50980392 0.47843137
v 0.25346458 0.12643850 0.21236217 0.47058824 0.46666667 0.48235294
v 0.26716530 0.12771958 0.21236217 0.47450980 0.48627451 0.51372549
v 0.28086615 0.13015747 0.19881332 0.47843137 0.49803922 0.52156863
v 0.28086615 0.12812012 0.21236217 0.47450980 0.49411765 0.51764706
v 0.29456687 0.12648344 0.21236217 0.47058824 0.48235294 0.49803922
v 0.30826771 0.12271422 0.21236217 0.45882353 0.46274510 0.47058824
v -0.13015747 -0.33566928 0.21310222 0.74901961 0.73725490 0.67843137
v -0.14385825 -0.32196850 0.21784687 0.72549020 0.72549020 0.68235294
v -0.13015747 -0.32196850 0.21688437 0.73725490 0.72941176 0.67843137
v -0.11645669 -0.32196850 0.21556294 0.72941176 0.72156863 0.67058824
v -0.15755904 -0.30826771 0.22074664 0.70980392 0.71372549 0.67058824
v -0.14385825 -0.30826771 0.22368503 0.71764706 0.71764706 0.67450980
v -0.13015747 -0.30826771 0.22145379 0.72941176 0.72156863 0.67843137
v -0.11645669 -0.30826771 0.21825850 0.72156863 0.71372549 0.67058824
v -0.15755904 -0.29456693 0.22079551 0.72549020 0.72549020 0.67843137
v -0.14385825 -0.29456693 0.22360599 0.72941176 0.72549020 0.67843137
v -0.13015747 -0.29456693 0.22096145 0.73725490 0.72941176 0.68235294
v -0.11645669 -0.29456693 0.21610773 0.73333333 0.72549020 0.67843137
v 0.15755904 -0.11645669 0.21614635 0.66274510 0.10980392 0.07843137
v 0.19866145 -0.11645669 0.22227407 0.69411765 0.12156863 0.09019608
v 0.20677900 -0.11645669 0.22606301 0.70196078 0.12549020 0.09019608
v 0.21236217 -0.12086749 0.22606301 0.70980392 0.14117647 0.09803922
v 0.22606301 -0.12411314 0.22606301 0.72941176 0.20784314 0.14509804
v 0.23976374 -0.12489152 0.22606301 0.79215686 0.61176471 0.51764706
v 0.25346458 -0.12549973 0.22606301 0.50588235 0.47450980 0.46274510
v 0.26716530 -0.12508160 0.22606301 0.52156863 0.49411765 0.48235294
v 0.28086615 -0.12383455 0.22606301 0.52941176 0.50980392 0.50196078
v 0.29456687 -0.12123096 0.22606301 0.52549020 0.50196078 0.49411765
v 0.30826771 -0.11645669 0.22600317 0.51764706 0.49411765 0.48627451
v 0.30815458 -0.11645669 0.22606301 0.51764706 0.49411765 0.48627451
v 0.32196844 -0.11645669 0.21729767 0.53333333 0.49411765 0.47450980
v 0.13015747 -0.10275590 0.22115839 0.63921569 0.09019608 0.06666667
v 0.14296806 -0.10275590 0.22606301 0.65882353 0.09411765 0.07058824
v 0.14385831 -0.10346067 0.22606301 0.65882353 0.09411765 0.07058824
v 0.15755904 -0.10854292 0.22606301 0.67058824 0.10196078 0.07450980
v 0.17125988 -0.10275590 0.22461295 0.67843137 0.09803922 0.07843137
v 0.16590905 -0.10275590 0.22606301 0.67450980 0.09803922 0.07450980
v 0.17847311 -0.10275590 0.22606301 0.68627451 0.10196078 0.07843137
v 0.18496060 -0.10669482 0.22606301 0.69019608 0.10588235 0.08235294
v 0.19866145 -0.11453885 0.22606301 0.69803922 0.12156863 0.08627451
v 0.30826771 -0.11643666 0.22606301 0.51764706 0.49411765 0.48627451
v 0.32196844 -0.11220098 0.22606301 0.52941176 0.49411765 0.48235294
v 0.33566940 -0.10581082 0.22606301 0.56470588 0.50588235 0.47843137
v 0.34937012 -0.10275590 0.21873140 0.57647059 0.51372549 0.46666667
v 0.33956039 -0.10275590 0.22606301 0.57254902 0.50980392 0.48235294
v 0.06165349 -0.08905512 0.21450627 0.69019608 0.15686275 0.11372549
v 0.07535428 -0.08905512 0.21839154 0.54117647 0.07843137 0.06666667
v 0.08905506 -0.08905512 0.22039986 0.50588235 0.07058824 0.05882353
v 0.10275584 -0.08905512 0.21751177 0.51372549 0.07058824 0.05490196
v 0.11645675 -0.08905512 0.22548878 0.61568627 0.09019608 0.06666667
v 0.11748278 -0.08905512 0.22606301 0.61960784 0.09019608 0.07058824
v 0.13015747 -0.09835869 0.22606301 0.64705882 0.08627451 0.06666667
v 0.17125988 -0.09909827 0.22606301 0.67843137 0.09411765 0.07450980
v 0.34937012 -0.09683377 0.22606301 0.55294118 0.49803922 0.47058824
v 0.36307085 -0.08905512 0.22385633 0.52549020 0.47843137 0.43921569
v 0.36000335 -0.08905512 0.22606301 0.52156863 0.47843137 0.44705882
v -0.00685036 -0.07535434 0.21390951 0.67058824 0.19607843 0.16078431
v 0.00685036 -0.07535434 0.21560359 0.66274510 0.19215686 0.14117647
v 0.02055115 -0.07535434 0.21721101 0.66666667 0.19607843 0.13725490
v 0.03425193 -0.07535434 0.21881533 0.68627451 0.21960784 0.15294118
v 0.04795271 -0.07535434 0.22020137 0.65490196 0.20392157 0.14509804
v 0.06165349 -0.07535434 0.22136092 0.50980392 0.10588235 0.08235294
v 0.07535428 -0.07535434 0.22309673 0.46666667 0.09019608 0.06666667
v 0.08905506 -0.07535434 0.22445881 0.48627451 0.09019608 0.06666667
v 0.10275584 -0.07535434 0.22091472 0.49019608 0.08235294 0.06274510
v 0.10606927 -0.07535434 0.22606301 0.54117647 0.09803922 0.06666667
v 0.11645675 -0.08841842 0.22606301 0.61568627 0.09019608 0.07058824
v 0.36307085 -0.08709341 0.22606301 0.51764706 0.47450980 0.43921569
v 0.37677169 -0.07535434 0.22462738 0.51764706 0.48627451 0.45490196
v 0.37488067 -0.07535434 0.22606301 0.51372549 0.47843137 0.45098039
v -0.03425193 -0.06165355 0.21622968 0.78431373 0.35686275 0.30588235
v -0.02055115 -0.06165355 0.21852469 0.67843137 0.22352941 0.19215686
v -0.00685036 -0.06165355 0.21937764 0.67058824 0.21568627 0.18039216
v 0.00685036 -0.06165355 0.21974158 0.67058824 0.21176471 0.16862745
v 0.02055115 -0.06165355 0.22043729 0.67450980 0.22352941 0.16862745
v 0.03425193 -0.06165355 0.22182167 0.65490196 0.23921569 0.18039216
v 0.04795271 -0.06165355 0.22345603 0.52549020 0.14901961 0.12549020
v 0.06165349 -0.06165355 0.22435212 0.38823529 0.09803922 0.09411765
v 0.07152444 -0.06165355 0.22606301 0.40000000 0.11764706 0.10588235
v 0.07535428 -0.06391495 0.22606301 0.40784314 0.11372549 0.09803922
v 0.08905506 -0.06967711 0.22606301 0.45098039 0.10196078 0.07843137
v 0.10048884 -0.06165355 0.22606301 0.45098039 0.10196078 0.09019608
v 0.10275584 -0.06165355 0.22540665 0.45098039 0.10196078 0.09019608
v 0.10312271 -0.06165355 0.22606301 0.45882353 0.10196078 0.09019608
v 0.37677169 -0.07360601 0.22606301 0.50980392 0.48235294 0.45882353
v 0.39047241 -0.06165355 0.22172582 0.53725490 0.51764706 0.50196078
v 0.38588190 -0.06165355 0.22606301 0.51372549 0.50196078 0.49019608
v -0.06165355 -0.04795271 0.21443129 0.67058824 0.52156863 0.42352941
v -0.04795271 -0.04795271 0.21815491 0.80784314 0.52941176 0.45098039
v -0.03425193 -0.04795271 0.21969342 0.71372549 0.27058824 0.25098039
v -0.02055115 -0.04795271 0.22030640 0.67843137 0.22352941 0.20784314
v -0.00685036 -0.04795271 0.22092187 0.67450980 0.21960784 0.20392157
v 0.00685036 -0.04795271 0.22162342 0.68627451 0.21176471 0.19607843
v 0.02055115 -0.04795271 0.22263861 0.68627451 0.22745098 0.20392157
v 0.03425193 -0.04795271 0.22420239 0.63529412 0.23529412 0.21176471
v 0.04795271 -0.04795271 0.22571337 0.46274510 0.12549020 0.12549020
v 0.05175036 -0.04795271 0.22606301 0.41960784 0.10980392 0.11764706
v 0.06165349 -0.05231869 0.22606301 0.39607843 0.10588235 0.11372549
v 0.10275584 -0.06089473 0.22606301 0.45490196 0.10196078 0.09019608
v 0.39047241 -0.05324435 0.22606301 0.52156863 0.51372549 0.50588235
v 0.39536476 -0.04795271 0.22606301 0.52941176 0.52156863 0.51764706
v -0.07535434 -0.03425193 0.21441627 0.65098039 0.54901961 0.45882353
v -0.06165355 -0.03425193 0.21702385 0.65098039 0.51764706 0.43137255
v -0.04795271 -0.03425193 0.21970642 0.82745098 0.46666667 0.43137255
v -0.03425193 -0.03425193 0.22073138 0.70980392 0.23529412 0.22352941
v -0.02055115 -0.03425193 0.22120154 0.69411765 0.21176471 0.20392157
v -0.00685036 -0.03425193 0.22188044 0.69803922 0.20784314 0.19215686
v 0.00685036 -0.03425193 0.22288084 0.71764706 0.20392157 0.18039216
v 0.02055115 -0.03425193 0.22430813 0.71764706 0.22352941 0.19215686
v 0.03425193 -0.03425193 0.22591329 0.68235294 0.25490196 0.21176471
v 0.03553301 -0.03425193 0.22606301 0.67450980 0.25490196 0.21176471
v 0.04795271 -0.04510385 0.22606301 0.45098039 0.12549020 0.12941176
v 0.40417325 -0.03425193 0.21998239 0.56078431 0.52941176 0.49803922
v 0.39992964 -0.03425193 0.22606301 0.54509804 0.52156863 0.49803922
v -0.07535434 -0.02055115 0.21455646 0.65490196 0.54901961 0.44313725
v -0.06165355 -0.02055115 0.21762276 0.67843137 0.51372549 0.39607843
v -0.04795271 -0.02055115 0.21976864 0.70588235 0.28235294 0.24705882
v -0.03425193 -0.02055115 0.22089076 0.72549020 0.21960784 0.17647059
v -0.02055115 -0.02055115 0.22169447 0.72549020 0.19607843 0.15294118
v -0.00685036 -0.02055115 0.22249925 0.73333333 0.18823529 0.12941176
v 0.00685036 -0.02055115 0.22371221 0.75294118 0.18823529 0.11372549
v 0.02055115 -0.02055115 0.22556853 0.76862745 0.21960784 0.10980392
v 0.02376622 -0.02055115 0.22606301 0.76862745 0.22745098 0.10980392
v 0.03425193 -0.03306252 0.22606301 0.69019608 0.25882353 0.20784314
v 0.40417325 -0.02055115 0.22223997 0.60784314 0.53333333 0.44705882
v 0.40067923 -0.02055115 0.22606301 0.60000000 0.52549020 0.43529412
v -0.07535434 -0.00685036 0.21299624 0.65490196 0.54117647 0.43529412
v -0.06165355 -0.00685036 0.21698630 0.68235294 0.50980392 0.38431373
v -0.04795271 -0.00685036 0.21946204 0.71764706 0.29803922 0.25098039
v -0.03425193 -0.00685036 0.22080934 0.72941176 0.21568627 0.16862745
v -0.02055115 -0.00685036 0.22170401 0.73333333 0.19607843 0.14509804
v -0.00685036 -0.00685036 0.22249579 0.73333333 0.18823529 0.12156863
v 0.00685036 -0.00685036 0.22366583 0.75294118 0.18823529 0.10588235
v 0.02055115 -0.00685036 0.22553253 0.77254902 0.21960784 0.10196078
v 0.02404743 -0.00685036 0.22606301 0.76862745 0.22745098 0.10196078
v 0.40417325 -0.00685036 0.22264874 0.60784314 0.52941176 0.43921569
v 0.40108800 -0.00685036 0.22606301 0.60392157 0.52549020 0.43137255
v -0.06165355 0.00685036 0.21431994 0.65490196 0.50196078 0.40000000
v -0.04795271 0.00685036 0.21848321 0.81960784 0.47058824 0.39215686
v -0.03425193 0.00685036 0.22037053 0.72941176 0.22352941 0.20784314
v -0.02055115 0.00685036 0.22127759 0.70980392 0.20784314 0.18039216
v -0.00685036 0.00685036 0.22198975 0.70980392 0.20392157 0.16862745
v 0.00685036 0.00685036 0.22290599 0.72549020 0.20000000 0.16078431
v 0.02055115 0.00685036 0.22421396 0.72941176 0.21960784 0.16470588
v 0.03425193 0.00437635 0.22606301 0.72156863 0.26274510 0.17647059
v 0.03425193 0.00685036 0.22576129 0.70588235 0.25882353 0.18823529
v 0.03643656 0.00685036 0.22606301 0.69803922 0.25882353 0.18823529
v 0.40417325 0.00685036 0.22175145 0.55294118 0.51764706 0.48235294
v 0.40116441 0.00685036 0.22606301 0.54509804 0.50980392 0.48235294
v -0.04795271 0.02055115 0.21355557 0.87058824 0.56470588 0.45490196
v -0.03425193 0.02055115 0.21781409 0.72156863 0.23529412 0.22352941
v -0.02055115 0.02055115 0.21987045 0.70196078 0.20784314 0.19215686
v -0.00685036 0.02055115 0.22098219 0.69411765 0.20784314 0.18431373
v 0.00685036 0.02055115 0.22184539 0.70588235 0.20392157 0.17647059
v 0.02055115 0.02055115 0.22276103 0.70588235 0.21568627 0.18039216
v 0.03425193 0.02055115 0.22410393 0.67450980 0.24313725 0.20000000
v 0.04795271 0.01872510 0.22606301 0.48235294 0.12156863 0.12156863
v 0.04795271 0.02055115 0.22584307 0.49411765 0.12549020 0.12156863
v 0.04949045 0.02055115 0.22606301 0.46666667 0.11372549 0.11372549
v 0.40417325 0.02055115 0.21661031 0.54117647 0.51372549 0.49411765
v 0.39974022 0.02055115 0.22606301 0.52156863 0.50196078 0.49411765
v -0.02055115 0.03425193 0.21565604 0.70196078 0.19607843 0.18431373
v -0.00685036 0.03425193 0.21840227 0.69019608 0.18823529 0.16862745
v 0.00685036 0.03425193 0.21952355 0.69411765 0.18431373 0.15686275
v 0.02055115 0.03425193 0.22055578 0.69803922 0.19607843 0.16078431
v 0.03425193 0.03425193 0.22194111 0.69803922 0.23137255 0.18823529
v 0.04795271 0.03425193 0.22367990 0.58823529 0.15686275 0.14509804
v 0.06165349 0.02947879 0.22606301 0.40784314 0.09411765 0.10588235
v 0.06165349 0.03425193 0.22523582 0.40784314 0.09019608 0.10196078
v 0.06567788 0.03425193 0.22606301 0.40784314 0.10196078 0.11372549
v 0.39514780 0.03425193 0.22606301 0.50980392 0.49411765 0.48627451
v 0.00685036 0.04795271 0.21246612 0.68235294 0.15294118 0.12549020
v 0.02055115 0.04795271 0.21615446 0.68627451 0.16470588 0.12156863
v 0.03425193 0.04795271 0.21872711 0.71372549 0.19607843 0.13725490
v 0.04795271 0.04795271 0.22059643 0.70980392 0.21568627 0.15294118
v 0.06165349 0.04795271 0.22209620 0.58823529 0.12156863 0.10196078
v 0.07535428 0.04047155 0.22606301 0.41568627 0.09803922 0.10980392
v 0.07535428 0.04795271 0.22407758 0.46666667 0.07450980 0.06274510
v 0.08905506 0.04795271 0.22461951 0.50588235 0.08235294 0.06666667
v 0.08905506 0.04049295 0.22606301 0.44705882 0.09411765 0.10196078
v 0.09320468 0.04795271 0.22606301 0.54901961 0.09411765 0.07450980
v 0.39047241 0.04795271 0.22167373 0.52941176 0.49803922 0.47058824
v 0.39047241 0.03946090 0.22606301 0.50196078 0.48235294 0.47843137
v 0.38690352 0.04795271 0.22606301 0.51764706 0.49019608 0.46274510
v 0.06165349 0.06165349 0.21678925 0.72156863 0.18431373 0.09411765
v 0.07535428 0.06165349 0.22108090 0.55294118 0.08235294 0.04705882
v 0.08905506 0.06165349 0.22137606 0.53333333 0.07450980 0.04313725
v 0.10275584 0.05704093 0.22606301 0.68627451 0.15294118 0.07058824
v 0.10275584 0.06165349 0.22311425 0.69019608 0.14901961 0.05882353
v 0.10499573 0.06165349 0.22606301 0.71372549 0.16862745 0.05882353
v 0.38012862 0.06165349 0.22606301 0.55294118 0.50588235 0.43921569
v 0.11335844 0.07535428 0.22606301 0.68235294 0.13333333 0.05490196
v 0.37677169 0.07535428 0.21629393 0.54509804 0.49803922 0.44705882
v 0.37677169 0.06505311 0.22606301 0.55294118 0.50980392 0.43921569
v 0.36844575 0.07535428 0.22606301 0.51764706 0.48235294 0.42745098
v 0.11645675 0.07844895 0.22606301 0.64313725 0.10980392 0.05882353
v 0.11645675 0.08905506 0.21561110 0.45098039 0.07450980 0.06666667
v 0.13015747 0.08905506 0.22271025 0.52549020 0.09019608 0.07843137
v 0.13015747 0.08532017 0.22606301 0.58039216 0.09019608 0.06666667
v 0.14385831 0.08905506 0.22604370 0.54117647 0.09019608 0.07843137
v 0.14385831 0.08903331 0.22606301 0.54117647 0.09019608 0.07843137
v 0.15755904 0.08905506 0.22605717 0.53333333 0.09019608 0.08235294
v 0.15755904 0.08902180 0.22606301 0.53333333 0.09019608 0.08235294
v 0.17125988 0.08328778 0.22606301 0.60392157 0.10196078 0.07058824
v 0.18496060 0.08905506 0.22587907 0.47058824 0.09411765 0.10196078
v 0.18496060 0.08887661 0.22606301 0.47450980 0.09411765 0.10196078
v 0.18537450 0.08905506 0.22606301 0.47058824 0.09411765 0.10196078
v 0.36307085 0.08905506 0.21537793 0.49019608 0.45882353 0.43529412
v 0.36307085 0.08078206 0.22606301 0.49803922 0.47058824 0.43529412
v 0.35177493 0.08905506 0.22606301 0.47058824 0.45490196 0.45490196
v 0.15755904 0.10275584 0.21585000 0.53333333 0.08627451 0.08627451
v 0.18496060 0.10275584 0.21302330 0.46274510 0.09019608 0.10196078
v 0.19866145 0.10044050 0.22606301 0.34117647 0.09411765 0.12156863
v 0.19866145 0.10275584 0.22429478 0.37254902 0.09019608 0.11372549
v 0.20377398 0.10275584 0.22606301 0.34509804 0.09411765 0.11764706
v 0.33566940 0.10275584 0.21950948 0.47843137 0.45882353 0.46274510
v 0.33566940 0.09927672 0.22606301 0.45098039 0.45098039 0.46666667
v 0.33056378 0.10275584 0.22606301 0.45490196 0.45490196 0.47058824
v 0.34937012 0.09139889 0.22606301 0.46274510 0.45098039 0.45882353
v 0.21236217 0.11645675 0.21905911 0.48627451 0.07843137 0.07843137
v 0.21236217 0.10985327 0.22606301 0.40784314 0.08627451 0.09803922
v 0.22606301 0.11645675 0.22169530 0.45490196 0.10588235 0.11372549
v 0.22606301 0.11281675 0.22606301 0.37647059 0.09411765 0.11372549
v 0.23976374 0.11645675 0.22428215 0.88627451 0.72941176 0.63529412
v 0.23976374 0.11546516 0.22606301 0.87450980 0.69411765 0.60392157
v 0.24724555 0.11645675 0.22606301 0.69803922 0.61960784 0.56078431
v 0.30826771 0.11645675 0.22405422 0.43529412 0.44705882 0.46274510
v 0.30826771 0.11601418 0.22606301 0.43529412 0.44705882 0.46274510
v 0.30648720 0.11645675 0.22606301 0.43529412 0.45098039 0.46666667
v 0.32196844 0.10996550 0.22606301 0.45490196 0.45098039 0.46274510
v 0.25346458 0.11905211 0.22606301 0.51764706 0.49019608 0.47450980
v 0.26716530 0.12216944 0.22606301 0.47843137 0.47450980 0.49019608
v 0.28086615 0.12361091 0.22606301 0.48235294 0.48627451 0.50588235
v 0.29456687 0.12318265 0.22606301 0.45490196 0.47450980 0.49803922
v 0.21236217 -0.11645669 0.23051381 0.70980392 0.13333333 0.09411765
v 0.22606301 -0.11645669 0.23453891 0.72156863 0.14901961 0.10588235
v 0.23976374 -0.11645669 0.23759723 0.73333333 0.18431373 0.12941176
v 0.24932611 -0.11645669 0.23976374 0.89019608 0.51372549 0.37647059
v 0.25346458 -0.11801589 0.23976374 0.72549020 0.46666667 0.38823529
v 0.26716530 -0.11680484 0.23976374 0.53333333 0.46666667 0.43529412
v 0.28086615 -0.11645669 0.23568797 0.53725490 0.49019608 0.47058824
v 0.26785803 -0.11645669 0.23976374 0.53333333 0.46666667 0.43921569
v 0.29456687 -0.11645669 0.23139775 0.54117647 0.50588235 0.49019608
v 0.14385831 -0.10275590 0.22675681 0.65882353 0.09411765 0.07058824
v 0.15755904 -0.10275590 0.23175299 0.66666667 0.10196078 0.07450980
v 0.18496060 -0.10275590 0.23007131 0.69019608 0.10196078 0.08235294
v 0.19866145 -0.10275590 0.23917079 0.69411765 0.10980392 0.08235294
v 0.20002735 -0.10275590 0.23976374 0.69411765 0.10980392 0.07843137
v 0.21236217 -0.11148566 0.23976374 0.70980392 0.12549020 0.09019608
v 0.22606301 -0.11443949 0.23976374 0.72156863 0.14509804 0.10196078
v 0.23976374 -0.11581773 0.23976374 0.72941176 0.17647059 0.12156863
v 0.28086615 -0.11537242 0.23976374 0.53725490 0.48627451 0.46666667
v 0.29456687 -0.11360860 0.23976374 0.54901961 0.50196078 0.48235294
v 0.30826771 -0.11040729 0.23976374 0.55294118 0.49803922 0.47450980
v 0.32196844 -0.10275590 0.23974490 0.53725490 0.48627451 0.47058824
v 0.32194674 -0.10275590 0.23976374 0.53725490 0.48627451 0.47058824
v 0.33566940 -0.10275590 0.22931147 0.55686275 0.50196078 0.48235294
v 0.13015747 -0.08905512 0.23469472 0.63921569 0.09411765 0.07058824
v 0.14385831 -0.08905512 0.23709393 0.63529412 0.09411765 0.06666667
v 0.15755904 -0.08905512 0.23925936 0.64313725 0.09411765 0.07058824
v 0.17125988 -0.08905512 0.23395467 0.65490196 0.09411765 0.07450980
v 0.18496060 -0.08905512 0.23941636 0.66274510 0.09803922 0.07450980
v 0.18618870 -0.08905512 0.23976374 0.66274510 0.09803922 0.07450980
v 0.19866145 -0.10131919 0.23976374 0.69411765 0.10980392 0.07843137
v 0.32196844 -0.10274327 0.23976374 0.53725490 0.48627451 0.47058824
v 0.33566940 -0.09402174 0.23976374 0.53725490 0.49019608 0.47843137
v 0.34937012 -0.08905512 0.23423624 0.52549020 0.48235294 0.46274510
v 0.34182990 -0.08905512 0.23976374 0.52941176 0.48627451 0.47450980
v 0.11645675 -0.07535434 0.23640895 0.59607843 0.10588235 0.07450980
v 0.12620664 -0.07535434 0.23976374 0.60784314 0.10588235 0.07058824
v 0.13015747 -0.07906687 0.23976374 0.61960784 0.10196078 0.07058824
v 0.14385831 -0.08298182 0.23976374 0.62745098 0.09803922 0.07058824
v 0.15755904 -0.08687800 0.23976374 0.63529412 0.09411765 0.07058824
v 0.16838419 -0.07535434 0.23976374 0.61176471 0.09803922 0.07058824
v 0.17125988 -0.07535434 0.23905718 0.61176471 0.09803922 0.07058824
v 0.17327666 -0.07535434 0.23976374 0.61176471 0.09803922 0.07058824
v 0.18496060 -0.08779109 0.23976374 0.65490196 0.09803922 0.07450980
v 0.34937012 -0.08436567 0.23976374 0.50980392 0.47450980 0.45882353
v 0.36307085 -0.07535434 0.23749208 0.47843137 0.45490196 0.43921569
v 0.36020899 -0.07535434 0.23976374 0.47450980 0.45098039 0.43921569
v 0.07535428 -0.06165355 0.22800815 0.41176471 0.11372549 0.10588235
v 0.08905506 -0.06165355 0.23215115 0.45882353 0.10980392 0.09803922
v 0.11114305 -0.06165355 0.23976374 0.54117647 0.11372549 0.09803922
v 0.11645675 -0.06739295 0.23976374 0.55686275 0.11372549 0.08627451
v 0.17125988 -0.07418972 0.23976374 0.61176471 0.10196078 0.07058824
v 0.36307085 -0.07263511 0.23976374 0.46666667 0.44705882 0.43529412
v 0.37677169 -0.06165355 0.23552334 0.48627451 0.47450980 0.46274510
v 0.37157404 -0.06165355 0.23976374 0.47058824 0.45490196 0.44705882
v 0.06165349 -0.04795271 0.22834766 0.39607843 0.11764706 0.13333333
v 0.07535428 -0.04795271 0.23342597 0.39607843 0.12156863 0.14901961
v 0.08905506 -0.04795271 0.23552787 0.42745098 0.11372549 0.12941176
v 0.10275584 -0.04795271 0.23678768 0.46274510 0.11372549 0.12549020
v 0.10559148 -0.04795271 0.23976374 0.47843137 0.11372549 0.12549020
v 0.37677169 -0.05438900 0.23976374 0.48235294 0.46666667 0.46274510
v 0.39047241 -0.04795271 0.23091567 0.50980392 0.50588235 0.50980392
v 0.38235056 -0.04795271 0.23976374 0.49411765 0.47843137 0.47843137
v 0.04795271 -0.03425193 0.22916567 0.47450980 0.12941176 0.12156863
v 0.06165349 -0.03425193 0.23183250 0.43529412 0.10196078 0.10196078
v 0.07535428 -0.03425193 0.23526824 0.47058824 0.10588235 0.11372549
v 0.08905506 -0.03425193 0.23657036 0.48235294 0.10980392 0.10980392
v 0.10256368 -0.03425193 0.23976374 0.52156863 0.11372549 0.10980392
v 0.10275584 -0.03449458 0.23976374 0.52156863 0.11372549 0.10980392
v 0.39047241 -0.03425193 0.23566616 0.52549020 0.50196078 0.48627451
v 0.38593304 -0.03425193 0.23976374 0.51372549 0.48627451 0.47450980
v 0.03425193 -0.02055115 0.22936141 0.76078431 0.28235294 0.12156863
v 0.04795271 -0.02055115 0.23173559 0.71372549 0.27058824 0.10588235
v 0.06165349 -0.02055115 0.23347116 0.63137255 0.17254902 0.07450980
v 0.07535428 -0.02055115 0.23626339 0.71764706 0.24705882 0.09803922
v 0.08905506 -0.02055115 0.23666561 0.67450980 0.19215686 0.07843137
v 0.09803706 -0.02055115 0.23976374 0.63921569 0.15294118 0.07450980
v 0.15755904 -0.02055115 0.23918903 0.67843137 0.14117647 0.06274510
v 0.15755904 -0.03203797 0.23976374 0.59607843 0.11372549 0.09803922
v 0.15714312 -0.02055115 0.23976374 0.67450980 0.13725490 0.06274510
v 0.15771258 -0.02055115 0.23976374 0.67843137 0.14117647 0.06274510
v 0.39047241 -0.02055115 0.23730755 0.57254902 0.50588235 0.43529412
v 0.38776934 -0.02055115 0.23976374 0.56078431 0.50196078 0.43529412
v 0.03425193 -0.00685036 0.22939122 0.76078431 0.28235294 0.10980392
v 0.04795271 -0.00685036 0.23187757 0.71764706 0.27058824 0.09803922
v 0.06165349 -0.00685036 0.23374033 0.66274510 0.19607843 0.07450980
v 0.07535428 -0.00685036 0.23637819 0.72549020 0.25490196 0.09019608
v 0.08905506 -0.00685036 0.23653257 0.67843137 0.19215686 0.07058824
v 0.09731853 -0.00685036 0.23976374 0.63529412 0.14509804 0.06666667
v 0.15755904 -0.00685036 0.23915684 0.68235294 0.14509804 0.05882353
v 0.15715933 -0.00685036 0.23976374 0.68235294 0.14509804 0.05882353
v 0.15768397 -0.00685036 0.23976374 0.68235294 0.14509804 0.05882353
v 0.39047241 -0.00685036 0.23820317 0.56862745 0.50588235 0.43137255
v 0.38875556 -0.00685036 0.23976374 0.56470588 0.50196078 0.43529412
v 0.04795271 0.00685036 0.22978711 0.49019608 0.12156863 0.10196078
v 0.06165349 0.00685036 0.23286724 0.43137255 0.08627451 0.07843137
v 0.07535428 0.00685036 0.23612010 0.52549020 0.11372549 0.10588235
v 0.08905506 0.00685036 0.23617947 0.48627451 0.09803922 0.08235294
v 0.09942979 0.00685036 0.23976374 0.50196078 0.09803922 0.08235294
v 0.15755904 0.00685036 0.23890996 0.57647059 0.10196078 0.08235294
v 0.15698397 0.00685036 0.23976374 0.57254902 0.10196078 0.08235294
v 0.15771413 0.00685036 0.23976374 0.57647059 0.10196078 0.08235294
v 0.39047241 0.00685036 0.23743331 0.52156863 0.49411765 0.47450980
v 0.38800430 0.00685036 0.23976374 0.51764706 0.48627451 0.47058824
v 0.06165349 0.02055115 0.23034132 0.37647059 0.10980392 0.12549020
v 0.07535428 0.02055115 0.23497689 0.39215686 0.10980392 0.14117647
v 0.08905506 0.02055115 0.23468649 0.40784314 0.10196078 0.11372549
v 0.10275584 0.01467961 0.23976374 0.42745098 0.10588235 0.11372549
v 0.10275584 0.02055115 0.23919070 0.43921569 0.10588235 0.10980392
v 0.10339171 0.02055115 0.23976374 0.44313725 0.10588235 0.11372549
v 0.15755904 0.02055115 0.23766541 0.49411765 0.10588235 0.10980392
v 0.15608704 0.02055115 0.23976374 0.49411765 0.10588235 0.10980392
v 0.15798891 0.02055115 0.23976374 0.49411765 0.10588235 0.10980392
v 0.39047241 0.02055115 0.23547280 0.50588235 0.49019608 0.49019608
v 0.38680530 0.02055115 0.23976374 0.49803922 0.48235294 0.48235294
v 0.07535428 0.03425193 0.23109961 0.40784314 0.10196078 0.12549020
v 0.08905506 0.03425193 0.23031938 0.45098039 0.10196078 0.10980392
v 0.10275584 0.03425193 0.23721540 0.47450980 0.10196078 0.10588235
v 0.10595506 0.03425193 0.23976374 0.48235294 0.10588235 0.10980392
v 0.15755904 0.03425193 0.23652780 0.52941176 0.10588235 0.10588235
v 0.15521157 0.03425193 0.23976374 0.52941176 0.10588235 0.10588235
v 0.15844643 0.03425193 0.23976374 0.52549020 0.10588235 0.10588235
v 0.39047241 0.03425193 0.23071587 0.49411765 0.48235294 0.48235294
v 0.38409495 0.03425193 0.23976374 0.48627451 0.47058824 0.47058824
v 0.10275584 0.04795271 0.23369169 0.55686275 0.09411765 0.07058824
v 0.11163163 0.04795271 0.23976374 0.58039216 0.09803922 0.07058824
v 0.15755904 0.04795271 0.23494661 0.61176471 0.09803922 0.07450980
v 0.15389156 0.04795271 0.23976374 0.60784314 0.09803922 0.07450980
v 0.15949261 0.04795271 0.23976374 0.61176471 0.10196078 0.07450980
v 0.37677169 0.04795271 0.23820662 0.49019608 0.46274510 0.44705882
v 0.37677169 0.04507607 0.23976374 0.47843137 0.45882353 0.44705882
v 0.37513661 0.04795271 0.23976374 0.48627451 0.46274510 0.44313725
v 0.11645675 0.06165349 0.23691106 0.67450980 0.12156863 0.04705882
v 0.11645675 0.05326682 0.23976374 0.62352941 0.10588235 0.06274510
v 0.12498105 0.06165349 0.23976374 0.67058824 0.12156863 0.04705882
v 0.15755904 0.06165349 0.23322892 0.68627451 0.13333333 0.04705882
v 0.15019953 0.06165349 0.23976374 0.66666667 0.12156863 0.05098039
v 0.16799438 0.06165349 0.23976374 0.69019608 0.13725490 0.05490196
v 0.37677169 0.06165349 0.22943330 0.54117647 0.49803922 0.43529412
v 0.36793172 0.06165349 0.23976374 0.50588235 0.47058824 0.42352941
v 0.11645675 0.07535428 0.22913861 0.66274510 0.11372549 0.04705882
v 0.13015747 0.06654096 0.23976374 0.69019608 0.13333333 0.03921569
v 0.13015747 0.07535428 0.23484731 0.66274510 0.11372549 0.04705882
v 0.14385831 0.07535428 0.23658526 0.65098039 0.11764706 0.05098039
v 0.14385831 0.06846482 0.23976374 0.68627451 0.14117647 0.03921569
v 0.15755904 0.07535428 0.23163247 0.66274510 0.12156863 0.04705882
v 0.17125988 0.06447977 0.23976374 0.70196078 0.14901961 0.05098039
v 0.17125988 0.07535428 0.23394406 0.67843137 0.13333333 0.05490196
v 0.18496060 0.07535428 0.23864400 0.66666667 0.13725490 0.05882353
v 0.18496060 0.07302761 0.23976374 0.68235294 0.14901961 0.05490196
v 0.19283867 0.07535428 0.23976374 0.64313725 0.12941176 0.05098039
v 0.36307085 0.07535428 0.23162198 0.50980392 0.47843137 0.43137255
v 0.36307085 0.06672806 0.23976374 0.51372549 0.48235294 0.43529412
v 0.35503352 0.07535428 0.23976374 0.50588235 0.47058824 0.43921569
v 0.19866145 0.08905506 0.23662233 0.38039216 0.08627451 0.09411765
v 0.19866145 0.08005160 0.23976374 0.51764706 0.08235294 0.04705882
v 0.21236217 0.08905506 0.23812604 0.30196078 0.09411765 0.10980392
v 0.21236217 0.07912290 0.23976374 0.47450980 0.08235294 0.04313725
v 0.22606301 0.08905506 0.23910141 0.23529412 0.10588235 0.14509804
v 0.22606301 0.08864367 0.23976374 0.23921569 0.10588235 0.13725490
v 0.22871053 0.08905506 0.23976374 0.21960784 0.10980392 0.14901961
v 0.34937012 0.08905506 0.22844863 0.46666667 0.45490196 0.45882353
v 0.34937012 0.08085394 0.23976374 0.48627451 0.46666667 0.45098039
v 0.33719707 0.08905506 0.23976374 0.45098039 0.45098039 0.46666667
v 0.21236217 0.10275584 0.23307896 0.30980392 0.10196078 0.13725490
v 0.22606301 0.10275584 0.23652339 0.23921569 0.10588235 0.16078431
v 0.23976374 0.10243225 0.23976374 0.20784314 0.11372549 0.17254902
v 0.23976374 0.10275584 0.23968697 0.20784314 0.11372549 0.16862745
v 0.24000287 0.10275584 0.23976374 0.20784314 0.11372549 0.16862745
v 0.32196844 0.10275584 0.23758566 0.42745098 0.43529412 0.45490196
v 0.32196844 0.10180295 0.23976374 0.42352941 0.43137255 0.45098039
v 0.32088518 0.10275584 0.23976374 0.42352941 0.43137255 0.45098039
v 0.33566940 0.09055072 0.23976374 0.44705882 0.44705882 0.46666667
v 0.25346458 0.11645675 0.22872341 0.54901961 0.51764706 0.49019608
v 0.25346458 0.11017460 0.23976374 0.76862745 0.68627451 0.63529412
v 0.26716530 0.11645675 0.23264039 0.48627451 0.47843137 0.49019608
v 0.26716530 0.11415154 0.23976374 0.49803922 0.48627451 0.49019608
v 0.28086615 0.11645675 0.23565662 0.46274510 0.47058824 0.49803922
v 0.28086615 0.11444193 0.23976374 0.46274510 0.47058824 0.49803922
v 0.29456687 0.11645675 0.23863971 0.45098039 0.46666667 0.49411765
v 0.29456687 0.11627501 0.23976374 0.45098039 0.46666667 0.49411765
v 0.30826771 0.11272633 0.23976374 0.42352941 0.43921569 0.46274510
v 0.25346458 -0.11645669 0.24133301 0.85882353 0.54901961 0.43137255
v 0.26716530 -0.11645669 0.24011457 0.53333333 0.46666667 0.43529412
v 0.21236217 -0.10275590 0.24887371 0.70588235 0.11372549 0.08627451
v 0.22354066 -0.10275590 0.25346458 0.71764706 0.12941176 0.08627451
v 0.22606301 -0.10500592 0.25346458 0.72156863 0.13333333 0.09019608
v 0.23976374 -0.11116177 0.25346458 0.73333333 0.15686275 0.10588235
v 0.25346458 -0.11253500 0.25346458 0.74901961 0.21176471 0.16078431
v 0.26716530 -0.11284614 0.25346458 0.61176471 0.43921569 0.38823529
v 0.28086615 -0.11137581 0.25346458 0.54509804 0.48235294 0.45098039
v 0.29456687 -0.10703224 0.25346458 0.56862745 0.48627451 0.44705882
v 0.30826771 -0.10275590 0.24986267 0.59215686 0.49411765 0.44705882
v 0.30158710 -0.10275590 0.25346458 0.58431373 0.48235294 0.43529412
v 0.19866145 -0.08905512 0.24889576 0.66274510 0.09803922 0.07450980
v 0.21007121 -0.08905512 0.25346458 0.66274510 0.09411765 0.07058824
v 0.21236217 -0.09122741 0.25346458 0.67450980 0.10196078 0.07450980
v 0.30826771 -0.10026920 0.25346458 0.59607843 0.48627451 0.43921569
v 0.32196844 -0.09167993 0.25346458 0.57254902 0.48235294 0.44705882
v 0.33566940 -0.08905512 0.24474263 0.51764706 0.48235294 0.47450980
v 0.32479763 -0.08905512 0.25346458 0.55686275 0.47843137 0.44705882
v 0.13015747 -0.07535434 0.24333251 0.61176471 0.10196078 0.07058824
v 0.14385831 -0.07535434 0.24618483 0.61960784 0.10196078 0.07058824
v 0.15755904 -0.07535434 0.24684250 0.61960784 0.09803922 0.07058824
v 0.18496060 -0.07535434 0.24818659 0.61176471 0.09803922 0.06666667
v 0.19866145 -0.07535434 0.25206375 0.58823529 0.08235294 0.05882353
v 0.20514297 -0.07535434 0.25346458 0.56078431 0.07450980 0.05490196
v 0.33566940 -0.08130252 0.25346458 0.50196078 0.47058824 0.46274510
v 0.34937012 -0.07535434 0.24833643 0.47843137 0.45490196 0.45098039
v 0.34236300 -0.07535434 0.25346458 0.48235294 0.45882353 0.45490196
v 0.11645675 -0.06165355 0.24504209 0.56078431 0.11372549 0.09411765
v 0.13015747 -0.06165355 0.24921978 0.57647059 0.10980392 0.09019608
v 0.14385831 -0.06165355 0.25003135 0.58431373 0.10588235 0.08627451
v 0.15755904 -0.06165355 0.24754655 0.58039216 0.10588235 0.08627451
v 0.17125988 -0.06165355 0.25002563 0.58431373 0.10980392 0.08627451
v 0.18496060 -0.06165355 0.25252187 0.56470588 0.10588235 0.08627451
v 0.18965471 -0.06165355 0.25346458 0.54509804 0.09803922 0.08235294
v 0.19866145 -0.07241040 0.25346458 0.56078431 0.08235294 0.06274510
v 0.34937012 -0.06867397 0.25346458 0.45490196 0.44313725 0.44313725
v 0.36307085 -0.06165355 0.24808168 0.44705882 0.43529412 0.43137255
v 0.35590148 -0.06165355 0.25346458 0.45098039 0.43529412 0.43921569
v 0.11645675 -0.04795271 0.24999833 0.53333333 0.11764706 0.11764706
v 0.13015747 -0.04795271 0.25253582 0.54901961 0.11764706 0.11372549
v 0.14385831 -0.04795271 0.25276983 0.54509804 0.11372549 0.10980392
v 0.15755904 -0.04795271 0.24486077 0.53725490 0.10980392 0.11372549
v 0.17125988 -0.04795271 0.25211120 0.55294118 0.11372549 0.11372549
v 0.17524803 -0.04795271 0.25346458 0.56078431 0.11764706 0.11372549
v 0.18496060 -0.05715096 0.25346458 0.55686275 0.10588235 0.09411765
v 0.36307085 -0.05205637 0.25346458 0.45098039 0.43529412 0.43529412
v 0.37677169 -0.04795271 0.24534023 0.48235294 0.46274510 0.45882353
v 0.36662829 -0.04795271 0.25346458 0.45490196 0.43921569 0.43921569
v 0.10275584 -0.03425193 0.23994792 0.52156863 0.11372549 0.10980392
v 0.11645675 -0.03425193 0.25159454 0.56470588 0.12549020 0.11372549
v 0.12232113 -0.03425193 0.25346458 0.56862745 0.12549020 0.10980392
v 0.13015747 -0.04470086 0.25346458 0.53725490 0.11764706 0.11764706
v 0.14385831 -0.04332423 0.25346458 0.52941176 0.11372549 0.11764706
v 0.14751613 -0.03425193 0.25346458 0.56470588 0.11372549 0.10588235
v 0.15755904 -0.03425193 0.24011779 0.58039216 0.10980392 0.10196078
v 0.16730332 -0.03425193 0.25346458 0.57647059 0.12156863 0.11372549
v 0.17125988 -0.03938806 0.25346458 0.54509804 0.11764706 0.12156863
v 0.37677169 -0.03425193 0.24919188 0.49019608 0.46274510 0.45490196
v 0.37068570 -0.03425193 0.25346458 0.46666667 0.44705882 0.44313725
v 0.10275584 -0.02055115 0.24419773 0.63137255 0.14117647 0.08235294
v 0.11645675 -0.02055115 0.25231445 0.61568627 0.13725490 0.09019608
v 0.11965781 -0.02055115 0.25346458 0.61176471 0.13725490 0.08627451
v 0.14867258 -0.02055115 0.25346458 0.61960784 0.12156863 0.08235294
v 0.16281414 -0.02055115 0.25346458 0.63137255 0.12941176 0.08627451
v 0.37677169 -0.02055115 0.25126326 0.51372549 0.46666667 0.43529412
v 0.37349057 -0.02055115 0.25346458 0.49411765 0.45490196 0.43529412
v 0.10275584 -0.00685036 0.24489939 0.62745098 0.14117647 0.07450980
v 0.11645675 -0.00685036 0.25282812 0.61176471 0.13333333 0.08235294
v 0.11825514 -0.00685036 0.25346458 0.61176471 0.13333333 0.08235294
v 0.14864647 -0.00685036 0.25346458 0.61960784 0.12156863 0.07843137
v 0.16149545 -0.00685036 0.25346458 0.63137255 0.13333333 0.08235294
v 0.37677169 -0.00685036 0.25251305 0.50588235 0.46666667 0.43921569
v 0.37534511 -0.00685036 0.25346458 0.49803922 0.45882353 0.43529412
v 0.10275584 0.00685036 0.24296987 0.51764706 0.10196078 0.08627451
v 0.11645675 0.00685036 0.25263739 0.52941176 0.11372549 0.10196078
v 0.11896855 0.00685036 0.25346458 0.52941176 0.11372549 0.10196078
v 0.14703715 0.00685036 0.25346458 0.53333333 0.10588235 0.09803922
v 0.16157377 0.00685036 0.25346458 0.53725490 0.10980392 0.09803922
v 0.37677169 0.00685036 0.25243771 0.48627451 0.45882353 0.45490196
v 0.37539577 0.00685036 0.25346458 0.47843137 0.45882353 0.45490196
v 0.11645675 0.02055115 0.25149143 0.47843137 0.11372549 0.11372549
v 0.12308592 0.02055115 0.25346458 0.49019608 0.11372549 0.11372549
v 0.14385831 0.02055115 0.25326157 0.49019608 0.10980392 0.10980392
v 0.14385831 0.01858181 0.25346458 0.48627451 0.10980392 0.10980392
v 0.14311898 0.02055115 0.25346458 0.49019608 0.10980392 0.10980392
v 0.16313946 0.02055115 0.25346458 0.49019608 0.10980392 0.10980392
v 0.37677169 0.02055115 0.25049925 0.47450980 0.45490196 0.45882353
v 0.37331283 0.02055115 0.25346458 0.46274510 0.45098039 0.45490196
v 0.11645675 0.03425193 0.24956393 0.50588235 0.11372549 0.10980392
v 0.13015747 0.03046882 0.25346458 0.50980392 0.11372549 0.10588235
v 0.13015747 0.03425193 0.25251126 0.51372549 0.11372549 0.10588235
v 0.14385831 0.03425193 0.25149906 0.51764706 0.10588235 0.10196078
v 0.16923964 0.03425193 0.25346458 0.52941176 0.11764706 0.11372549
v 0.37677169 0.03425193 0.24714077 0.47058824 0.45098039 0.45098039
v 0.37037253 0.03425193 0.25346458 0.45098039 0.43921569 0.44313725
v 0.11645675 0.04795271 0.24453950 0.57647059 0.10196078 0.07843137
v 0.13015747 0.04795271 0.24949634 0.58039216 0.10980392 0.08235294
v 0.14385831 0.04795271 0.24916840 0.58823529 0.10588235 0.08235294
v 0.17125988 0.03651953 0.25346458 0.53725490 0.12156863 0.11372549
v 0.17125988 0.04795271 0.25103498 0.60000000 0.12156863 0.09411765
v 0.18371534 0.04795271 0.25346458 0.58039216 0.12549020 0.10196078
v 0.36307085 0.04795271 0.25329840 0.44313725 0.43137255 0.43137255
v 0.36307085 0.04762334 0.25346458 0.44313725 0.43137255 0.43137255
v 0.36288762 0.04795271 0.25346458 0.44313725 0.43137255 0.43137255
v 0.13015747 0.06165349 0.24440753 0.66274510 0.11764706 0.05098039
v 0.14385831 0.06165349 0.24540770 0.66274510 0.12156863 0.05490196
v 0.17125988 0.06165349 0.24253964 0.68627451 0.14117647 0.05882353
v 0.18496060 0.04910767 0.25346458 0.58431373 0.12549020 0.09803922
v 0.18496060 0.06165349 0.25024021 0.68235294 0.14901961 0.06666667
v 0.19866145 0.06165349 0.25181162 0.59215686 0.09803922 0.05098039
v 0.19866145 0.05815840 0.25346458 0.56078431 0.09803922 0.06274510
v 0.21236217 0.06165349 0.25159764 0.52549020 0.09803922 0.05098039
v 0.21236217 0.05951893 0.25346458 0.48627451 0.09803922 0.06274510
v 0.21324098 0.06165349 0.25346458 0.50196078 0.10196078 0.05490196
v 0.36307085 0.06165349 0.24467385 0.49411765 0.46274510 0.43137255
v 0.35284925 0.06165349 0.25346458 0.47450980 0.45882353 0.44705882
v 0.19866145 0.07535428 0.24412417 0.56862745 0.09411765 0.04705882
v 0.21236217 0.07535428 0.24193835 0.53333333 0.09803922 0.03921569
v 0.21844625 0.07535428 0.25346458 0.42352941 0.09411765 0.05490196
v 0.25346458 0.07535428 0.25279486 0.47058824 0.18823529 0.10980392
v 0.25346458 0.07406878 0.25346458 0.50196078 0.20784314 0.10980392
v 0.25148547 0.07535428 0.25346458 0.42352941 0.16078431 0.09411765
v 0.25372732 0.07535428 0.25346458 0.42745098 0.16470588 0.09803922
v 0.34937012 0.07535428 0.24536002 0.49019608 0.47058824 0.44705882
v 0.34937012 0.06521529 0.25346458 0.48235294 0.46666667 0.45490196
v 0.33975708 0.07535428 0.25346458 0.47450980 0.46666667 0.45882353
v 0.22606301 0.08272368 0.25346458 0.27843137 0.09411765 0.09019608
v 0.23976374 0.08905506 0.24638402 0.19215686 0.10196078 0.14117647
v 0.23976374 0.08350348 0.25346458 0.22745098 0.09411765 0.09803922
v 0.25346458 0.08905506 0.25257683 0.16470588 0.08627451 0.12549020
v 0.25417638 0.08905506 0.25346458 0.16470588 0.08627451 0.12156863
v 0.33566940 0.08905506 0.24129260 0.44705882 0.45098039 0.46274510
v 0.33566940 0.07936090 0.25346458 0.46274510 0.45490196 0.45490196
v 0.32713830 0.08905506 0.25346458 0.41960784 0.42352941 0.43921569
v 0.25346458 0.10275584 0.24718893 0.32156863 0.22352941 0.27058824
v 0.26716530 0.10185677 0.25346458 0.58431373 0.56078431 0.54509804
v 0.26716530 0.10275584 0.25236619 0.56862745 0.54901961 0.53725490
v 0.28086615 0.10275584 0.25182998 0.45882353 0.46666667 0.49019608
v 0.28086615 0.10087287 0.25346458 0.46274510 0.47058824 0.49411765
v 0.28251791 0.10275584 0.25346458 0.45490196 0.46274510 0.49019608
v 0.32196844 0.09415978 0.25346458 0.37647059 0.38823529 0.42352941
v 0.31078887 0.10275584 0.25346458 0.38039216 0.39607843 0.43529412
v 0.29456687 0.11303240 0.25346458 0.45490196 0.46666667 0.49019608
v 0.30826771 0.10524845 0.25346458 0.39215686 0.40784314 0.44705882
v 0.22606301 -0.10275590 0.25572002 0.71764706 0.13333333 0.08627451
v 0.23976374 -0.10275590 0.26199698 0.72941176 0.14117647 0.09803922
v 0.25346458 -0.10275590 0.26404583 0.73725490 0.14901961 0.10980392
v 0.26716530 -0.10275590 0.26474261 0.73725490 0.18431373 0.14509804
v 0.28086615 -0.10275590 0.26256537 0.69803922 0.43529412 0.35294118
v 0.29456687 -0.10275590 0.25781727 0.57254902 0.47450980 0.43529412
v 0.21236217 -0.08905512 0.25541413 0.66666667 0.09803922 0.07450980
v 0.22606301 -0.08905512 0.26415360 0.69019608 0.11372549 0.07843137
v 0.23675156 -0.08905512 0.26716530 0.70588235 0.12156863 0.08235294
v 0.23976374 -0.09161037 0.26716530 0.71764706 0.12549020 0.08627451
v 0.25346458 -0.09868330 0.26716530 0.73333333 0.14117647 0.10588235
v 0.26716530 -0.10082710 0.26716530 0.72941176 0.16470588 0.12941176
v 0.28086615 -0.10012722 0.26716530 0.86274510 0.52941176 0.40784314
v 0.29456687 -0.09694910 0.26716530 0.61176471 0.45882353 0.40000000
v 0.30826771 -0.08905512 0.26538098 0.58431373 0.45098039 0.40000000
v 0.30579603 -0.08905512 0.26716530 0.58431373 0.44313725 0.39607843
v 0.32196844 -0.08905512 0.25608051 0.57647059 0.47843137 0.43921569
v 0.21236217 -0.07535434 0.25778770 0.56470588 0.07843137 0.05882353
v 0.22606301 -0.07535434 0.26378298 0.58039216 0.09803922 0.06274510
v 0.23976374 -0.07724553 0.26716530 0.63921569 0.10980392 0.07058824
v 0.23976374 -0.07535434 0.26703990 0.61568627 0.10980392 0.07450980
v 0.24055874 -0.07535434 0.26716530 0.61960784 0.10980392 0.07450980
v 0.30826771 -0.08698148 0.26716530 0.58039216 0.44313725 0.39607843
v 0.32196844 -0.07702053 0.26716530 0.59607843 0.45882353 0.41568627
v 0.33566940 -0.07535434 0.25914586 0.49411765 0.46274510 0.45490196
v 0.32366133 -0.07535434 0.26716530 0.58823529 0.45882353 0.41960784
v 0.19866145 -0.06165355 0.26161182 0.52549020 0.07843137 0.06666667
v 0.21236217 -0.06165355 0.26571202 0.47450980 0.07058824 0.06274510
v 0.21904826 -0.06165355 0.26716530 0.45098039 0.07058824 0.06274510
v 0.22606301 -0.06794065 0.26716530 0.47843137 0.09019608 0.07058824
v 0.23976374 -0.07506198 0.26716530 0.61568627 0.10980392 0.07450980
v 0.33566940 -0.06370407 0.26716530 0.53333333 0.46666667 0.44705882
v 0.34937012 -0.06165355 0.25936890 0.45882353 0.44313725 0.44313725
v 0.33767021 -0.06165355 0.26716530 0.52549020 0.46666667 0.45098039
v 0.18496060 -0.04795271 0.26179659 0.55686275 0.10588235 0.09803922
v 0.19866145 -0.04795271 0.26518857 0.47843137 0.07450980 0.07843137
v 0.20895803 -0.04795271 0.26716530 0.43921569 0.07058824 0.07450980
v 0.21236217 -0.05305928 0.26716530 0.44313725 0.07058824 0.07058824
v 0.34937012 -0.04795271 0.26524019 0.47843137 0.45490196 0.45098039
v 0.34654951 -0.04795271 0.26716530 0.49411765 0.46274510 0.45882353
v 0.36307085 -0.04795271 0.25701487 0.45490196 0.43529412 0.43529412
v 0.13015747 -0.03425193 0.26015878 0.56470588 0.12156863 0.10980392
v 0.14385831 -0.03425193 0.25693810 0.56078431 0.11764706 0.10980392
v 0.17125988 -0.03425193 0.25726807 0.57647059 0.12549020 0.11372549
v 0.18496060 -0.03425193 0.26416385 0.55686275 0.10588235 0.09411765
v 0.19866145 -0.03425193 0.26564693 0.47058824 0.07450980 0.07843137
v 0.21236217 -0.03999591 0.26716530 0.41176471 0.07843137 0.08627451
v 0.21236217 -0.03425193 0.26668298 0.42352941 0.07843137 0.08235294
v 0.22606301 -0.03425193 0.26694524 0.34117647 0.08235294 0.09019608
v 0.22606301 -0.03508025 0.26716530 0.34117647 0.08235294 0.09019608
v 0.22696972 -0.03425193 0.26716530 0.33725490 0.08235294 0.09019608
v 0.34937012 -0.04094750 0.26716530 0.48627451 0.45490196 0.45490196
v 0.35312152 -0.03425193 0.26716530 0.48235294 0.45490196 0.45490196
v 0.36307085 -0.03425193 0.26085460 0.45490196 0.43137255 0.43137255
v 0.13015747 -0.02055115 0.26149845 0.59215686 0.12549020 0.09019608
v 0.14385831 -0.02055115 0.25813162 0.59607843 0.12156863 0.09019608
v 0.17125988 -0.02055115 0.26181078 0.60000000 0.12156863 0.08627451
v 0.18496060 -0.02055115 0.26493907 0.57647059 0.10588235 0.07843137
v 0.19866145 -0.02055115 0.26505268 0.49803922 0.07843137 0.06274510
v 0.20858133 -0.02055115 0.26716530 0.47058824 0.07450980 0.05882353
v 0.21236217 -0.02853411 0.26716530 0.43529412 0.07843137 0.07058824
v 0.22606301 -0.03385818 0.26716530 0.34509804 0.08235294 0.08627451
v 0.36307085 -0.02055115 0.26299906 0.46274510 0.43921569 0.43529412
v 0.35759962 -0.02055115 0.26716530 0.48235294 0.45490196 0.45098039
v 0.13015747 -0.00685036 0.26211751 0.58823529 0.12156863 0.08235294
v 0.14385831 -0.00685036 0.25807917 0.59215686 0.11764706 0.08235294
v 0.17125988 -0.00685036 0.26312673 0.60000000 0.12156863 0.08235294
v 0.18496060 -0.00685036 0.26540208 0.58039216 0.10980392 0.07843137
v 0.19866145 -0.00685036 0.26587749 0.50588235 0.08235294 0.06274510
v 0.20384049 -0.00685036 0.26716530 0.49019608 0.07843137 0.06274510
v 0.36307085 -0.00685036 0.26476681 0.46666667 0.43921569 0.43529412
v 0.36014616 -0.00685036 0.26716530 0.47450980 0.44705882 0.44313725
v 0.13015747 0.00685036 0.26217544 0.53333333 0.11372549 0.09803922
v 0.14385831 0.00685036 0.25652254 0.52156863 0.10980392 0.09803922
v 0.17125988 0.00685036 0.26306343 0.54901961 0.10980392 0.09411765
v 0.18496060 0.00685036 0.26540160 0.52941176 0.10196078 0.09019608
v 0.19866145 0.00685036 0.26708102 0.46274510 0.08627451 0.08235294
v 0.20005095 0.00685036 0.26716530 0.45882353 0.08627451 0.08235294
v 0.36307085 0.00685036 0.26563537 0.45490196 0.43137255 0.43529412
v 0.36118805 0.00685036 0.26716530 0.45882353 0.43921569 0.43921569
v 0.13015747 0.02055115 0.25974143 0.49411765 0.11372549 0.10980392
v 0.17125988 0.02055115 0.26155984 0.50980392 0.10980392 0.10196078
v 0.18496060 0.02055115 0.26522815 0.50196078 0.10196078 0.09803922
v 0.19625413 0.02055115 0.26716530 0.45490196 0.09019608 0.09019608
v 0.19866145 0.01016617 0.26716530 0.45098039 0.09019608 0.08627451
v 0.36307085 0.02055115 0.26417649 0.44313725 0.42745098 0.43529412
v 0.35942185 0.02055115 0.26716530 0.45098039 0.43529412 0.43921569
v 0.17125988 0.03425193 0.25549161 0.53333333 0.12156863 0.11372549
v 0.18496060 0.03425193 0.26347327 0.52941176 0.11372549 0.10588235
v 0.19866145 0.02411866 0.26716530 0.45098039 0.09019608 0.09019608
v 0.19866145 0.03425193 0.26603937 0.46274510 0.09411765 0.09411765
v 0.20405340 0.03425193 0.26716530 0.43921569 0.09019608 0.09019608
v 0.36307085 0.03425193 0.26083624 0.43921569 0.42745098 0.43529412
v 0.35510409 0.03425193 0.26716530 0.44705882 0.43137255 0.43529412
v 0.18496060 0.04795271 0.25456285 0.57254902 0.12549020 0.10196078
v 0.19866145 0.04795271 0.26187158 0.48235294 0.09411765 0.09019608
v 0.21236217 0.04106224 0.26716530 0.39215686 0.09411765 0.09803922
v 0.21236217 0.04795271 0.26345122 0.40000000 0.09411765 0.09411765
v 0.22606301 0.04795271 0.26446092 0.30196078 0.10588235 0.11372549
v 0.22606301 0.04474461 0.26716530 0.30588235 0.10196078 0.10980392
v 0.23976374 0.04795271 0.26688981 0.25490196 0.10588235 0.11372549
v 0.23976374 0.04750395 0.26716530 0.25490196 0.10588235 0.11372549
v 0.24086535 0.04795271 0.26716530 0.25490196 0.10196078 0.11372549
v 0.34937012 0.04795271 0.26484489 0.44313725 0.43137255 0.43921569
v 0.34937012 0.04281735 0.26716530 0.43921569 0.42745098 0.43921569
v 0.34695137 0.04795271 0.26716530 0.44705882 0.43529412 0.44705882
v 0.22606301 0.06165349 0.26588702 0.31764706 0.09019608 0.06666667
v 0.23976374 0.06165349 0.26630819 0.25098039 0.08627451 0.06666667
v 0.25346458 0.05699831 0.26716530 0.23137255 0.08627451 0.08235294
v 0.25346458 0.06165349 0.26329231 0.20784314 0.07058824 0.05882353
v 0.25495756 0.06165349 0.26716530 0.22745098 0.07843137 0.06666667
v 0.34937012 0.06165349 0.25689256 0.47058824 0.45490196 0.44705882
v 0.33786809 0.06165349 0.26716530 0.47843137 0.45882353 0.45882353
v 0.22606301 0.07535428 0.26076233 0.29411765 0.09019608 0.06666667
v 0.23976374 0.07535428 0.26126027 0.23137255 0.08235294 0.06274510
v 0.25728583 0.07535428 0.26716530 0.21960784 0.07450980 0.06666667
v 0.33566940 0.07535428 0.25745988 0.46666667 0.45882353 0.45490196
v 0.33566940 0.06388748 0.26716530 0.48627451 0.45882353 0.45882353
v 0.32652736 0.07535428 0.26716530 0.47843137 0.45490196 0.45882353
v 0.26716530 0.08629590 0.26716530 0.18431373 0.08235294 0.09019608
v 0.26716530 0.08905506 0.26550031 0.16470588 0.09019608 0.10196078
v 0.28086615 0.08905506 0.26457322 0.60392157 0.57254902 0.54117647
v 0.28086615 0.08543664 0.26716530 0.73333333 0.65882353 0.57254902
v 0.28260124 0.08905506 0.26716530 0.63137255 0.58823529 0.54509804
v 0.32196844 0.08905506 0.25862062 0.38431373 0.39607843 0.42745098
v 0.32196844 0.07991225 0.26716530 0.46274510 0.44313725 0.45490196
v 0.31370437 0.08905506 0.26716530 0.42745098 0.41960784 0.44705882
v 0.29456687 0.10275584 0.26668882 0.45490196 0.44705882 0.47058824
v 0.29456687 0.10240829 0.26716530 0.45490196 0.44705882 0.46666667
v 0.30826771 0.10275584 0.25598216 0.38823529 0.40392157 0.44313725
v 0.30826771 0.09443367 0.26716530 0.40784314 0.41176471 0.44313725
v 0.23976374 -0.08905512 0.26964736 0.70980392 0.12156863 0.08627451
v 0.25346458 -0.08905512 0.27602839 0.72549020 0.12941176 0.09411765
v 0.26716530 -0.08905512 0.27858722 0.72941176 0.13333333 0.10588235
v 0.28086615 -0.08905512 0.27861047 0.73333333 0.16862745 0.14117647
v 0.29456687 -0.08905512 0.27511418 0.67058824 0.38039216 0.30588235
v 0.25346458 -0.07535434 0.27246881 0.68627451 0.12549020 0.08235294
v 0.26431692 -0.07535434 0.28086615 0.72156863 0.12941176 0.09019608
v 0.26716530 -0.07874703 0.28086615 0.71764706 0.12549020 0.09411765
v 0.28086615 -0.08724612 0.28086615 0.72549020 0.15294118 0.13333333
v 0.29456687 -0.08294445 0.28086615 0.84313725 0.40000000 0.30196078
v 0.30826771 -0.07535434 0.27739131 0.48627451 0.25490196 0.23137255
v 0.30390882 -0.07535434 0.28086615 0.57647059 0.19607843 0.15686275
v 0.32196844 -0.07535434 0.26880443 0.59215686 0.45098039 0.40392157
v 0.22606301 -0.06165355 0.27158439 0.46666667 0.07843137 0.06666667
v 0.23976374 -0.06165355 0.27620900 0.51372549 0.08627451 0.07058824
v 0.25346458 -0.06165355 0.27883732 0.63921569 0.13725490 0.09803922
v 0.26716530 -0.07056272 0.28086615 0.72941176 0.14509804 0.09803922
v 0.26716530 -0.06165355 0.27898109 0.69803922 0.17647059 0.12549020
v 0.26782465 -0.06165355 0.28086615 0.71372549 0.17647059 0.12549020
v 0.30826771 -0.06943744 0.28086615 0.49019608 0.13333333 0.11372549
v 0.31655347 -0.06165355 0.28086615 0.45490196 0.20392157 0.19215686
v 0.32196844 -0.06165355 0.27785826 0.56078431 0.35686275 0.30980392
v 0.33566940 -0.06165355 0.26913714 0.55294118 0.47058824 0.44705882
v 0.21236217 -0.04795271 0.27005696 0.43921569 0.07058824 0.07058824
v 0.22606301 -0.04795271 0.27549243 0.36862745 0.05882353 0.05882353
v 0.23976374 -0.04795271 0.27888036 0.31764706 0.04313725 0.04313725
v 0.24740195 -0.04795271 0.28086615 0.36862745 0.05098039 0.04705882
v 0.25346458 -0.05496830 0.28086615 0.58039216 0.10980392 0.08627451
v 0.26716530 -0.05867517 0.28086615 0.70588235 0.18039216 0.12549020
v 0.32196844 -0.05059946 0.28086615 0.52941176 0.27450980 0.25098039
v 0.32347357 -0.04795271 0.28086615 0.53725490 0.28627451 0.25882353
v 0.33566940 -0.04795271 0.27542901 0.60392157 0.45490196 0.41176471
v 0.23976374 -0.03425193 0.27543616 0.30588235 0.06666667 0.06274510
v 0.25087452 -0.03425193 0.28086615 0.24313725 0.03921569 0.03529412
v 0.33566940 -0.03425193 0.27823365 0.61568627 0.42352941 0.37254902
v 0.33138287 -0.03425193 0.28086615 0.58823529 0.35686275 0.29803922
v 0.34937012 -0.03425193 0.27070057 0.51764706 0.46666667 0.45882353
v 0.21236217 -0.02055115 0.27003956 0.45098039 0.07450980 0.05882353
v 0.22606301 -0.02055115 0.27771103 0.38431373 0.07058824 0.05490196
v 0.23976374 -0.02055115 0.27729619 0.32941176 0.07058824 0.05490196
v 0.25346458 -0.03165627 0.28086615 0.23137255 0.03921569 0.03529412
v 0.25346458 -0.02055115 0.27239430 0.29411765 0.07843137 0.06274510
v 0.25497901 -0.02055115 0.28086615 0.22352941 0.03921569 0.03137255
v 0.33566940 -0.02379787 0.28086615 0.61960784 0.38431373 0.32156863
v 0.33760977 -0.02055115 0.28086615 0.62745098 0.39607843 0.33333333
v 0.34937012 -0.02055115 0.27407730 0.55686275 0.47058824 0.44313725
v 0.21236217 -0.00685036 0.27361059 0.45098039 0.07450980 0.05490196
v 0.22606301 -0.00685036 0.27853060 0.37647059 0.07450980 0.05882353
v 0.23976374 -0.00685036 0.27839541 0.32156863 0.07450980 0.05882353
v 0.25346458 -0.00685036 0.27439070 0.29019608 0.08235294 0.06274510
v 0.25467825 -0.00685036 0.28086615 0.22745098 0.04705882 0.03921569
v 0.34937012 -0.00685036 0.27548659 0.56862745 0.46666667 0.43529412
v 0.34189045 -0.00685036 0.28086615 0.63137255 0.42352941 0.36470588
v 0.21236217 0.00685036 0.27198696 0.41960784 0.08627451 0.07843137
v 0.22606301 0.00685036 0.27468753 0.34509804 0.08627451 0.08235294
v 0.23976374 0.00685036 0.27829301 0.29411765 0.07843137 0.07450980
v 0.24385023 0.00685036 0.28086615 0.26274510 0.06274510 0.05490196
v 0.25346458 -0.00188094 0.28086615 0.23137255 0.05098039 0.04313725
v 0.34937012 0.00685036 0.27641118 0.56078431 0.46666667 0.43921569
v 0.34343541 0.00685036 0.28086615 0.61960784 0.43921569 0.39215686
v 0.19866145 0.02055115 0.26937950 0.45490196 0.08627451 0.08627451
v 0.21236217 0.02055115 0.27767169 0.41176471 0.07843137 0.06666667
v 0.22606301 0.02055115 0.27962053 0.33333333 0.07843137 0.07058824
v 0.23388565 0.02055115 0.28086615 0.28627451 0.07058824 0.06666667
v 0.23976374 0.01505381 0.28086615 0.26666667 0.06666667 0.06274510
v 0.34937012 0.02055115 0.27582121 0.52941176 0.46274510 0.44705882
v 0.34303522 0.02055115 0.28086615 0.61176471 0.44313725 0.40000000
v 0.21236217 0.03425193 0.27344573 0.40000000 0.08235294 0.07843137
v 0.22606301 0.03425193 0.27695298 0.31764706 0.07843137 0.07843137
v 0.23976374 0.02613813 0.28086615 0.25490196 0.06274510 0.06274510
v 0.23976374 0.03425193 0.27905595 0.25490196 0.07058824 0.07058824
v 0.25346458 0.03425193 0.28044522 0.20000000 0.05490196 0.05098039
v 0.25346458 0.03273726 0.28086615 0.19607843 0.05490196 0.05098039
v 0.25402772 0.03425193 0.28086615 0.19607843 0.05098039 0.05098039
v 0.34937012 0.03425193 0.27276611 0.47450980 0.44705882 0.45490196
v 0.33941054 0.03425193 0.28086615 0.60392157 0.42745098 0.38039216
v 0.25346458 0.04795271 0.27578366 0.21960784 0.07450980 0.07058824
v 0.25776803 0.04795271 0.28086615 0.17254902 0.04705882 0.04313725
v 0.33566940 0.04795271 0.27730620 0.57254902 0.44705882 0.41568627
v 0.33566940 0.03913277 0.28086615 0.59607843 0.40784314 0.35686275
v 0.33187282 0.04795271 0.28086615 0.58823529 0.40392157 0.35686275
v 0.26716530 0.06165349 0.28046095 0.14901961 0.03529412 0.03529412
v 0.26716530 0.06041241 0.28086615 0.14901961 0.03529412 0.03529412
v 0.27248394 0.06165349 0.28086615 0.14117647 0.03137255 0.03529412
v 0.32196844 0.06165349 0.27972329 0.54117647 0.40784314 0.37647059
v 0.32196844 0.05962270 0.28086615 0.53333333 0.38823529 0.35686275
v 0.32054722 0.06165349 0.28086615 0.52549020 0.38431373 0.35686275
v 0.33566940 0.06165349 0.26935279 0.49411765 0.45882353 0.45882353
v 0.26716530 0.07535428 0.27708006 0.12941176 0.03137255 0.03529412
v 0.28086615 0.06598568 0.28086615 0.09411765 0.01960784 0.02352941
v 0.28086615 0.07535428 0.27642000 0.06666667 0.01568627 0.01960784
v 0.28394389 0.07535428 0.28086615 0.07058824 0.01568627 0.01960784
v 0.30826771 0.07535428 0.27974498 0.51372549 0.40000000 0.37647059
v 0.30826771 0.07364035 0.28086615 0.49803922 0.36470588 0.34509804
v 0.30642641 0.07535428 0.28086615 0.50196078 0.35686275 0.34117647
v 0.32196844 0.07535428 0.27168703 0.50980392 0.45098039 0.44313725
v 0.29456687 0.08905506 0.28053308 0.48235294 0.30980392 0.30588235
v 0.29456687 0.08856392 0.28086615 0.49411765 0.29803922 0.29411765
v 0.30826771 0.08905506 0.27253747 0.45490196 0.42745098 0.43921569
v 0.26716530 -0.07535434 0.28350198 0.72549020 0.12941176 0.09411765
v 0.28086615 -0.07535434 0.29237437 0.73725490 0.12941176 0.11372549
v 0.29456687 -0.07535434 0.28832376 0.81568627 0.24705882 0.20392157
v 0.28086615 -0.07075691 0.29456687 0.74117647 0.12941176 0.10980392
v 0.27212870 -0.06165355 0.29456687 0.73725490 0.12549020 0.09803922
v 0.29382563 -0.06165355 0.29456687 0.75294118 0.14509804 0.12941176
v 0.29456687 -0.06165355 0.29435265 0.75294118 0.14901961 0.12941176
v 0.30826771 -0.06165355 0.28684592 0.85490196 0.31764706 0.25490196
v 0.25346458 -0.04795271 0.28521657 0.58431373 0.10980392 0.07843137
v 0.26716530 -0.04795271 0.28960013 0.75686275 0.19215686 0.11764706
v 0.27339184 -0.04795271 0.29456687 0.77254902 0.16862745 0.11372549
v 0.29456687 -0.06128979 0.29456687 0.75294118 0.14901961 0.12941176
v 0.30679345 -0.04795271 0.29456687 0.84313725 0.27058824 0.21960784
v 0.30826771 -0.04795271 0.29244137 0.83921569 0.27058824 0.21960784
v 0.32196844 -0.04795271 0.28229904 0.53333333 0.23137255 0.21176471
v 0.25346458 -0.03425193 0.28323376 0.28627451 0.04313725 0.03529412
v 0.26716530 -0.03425193 0.29312038 0.77254902 0.20784314 0.12549020
v 0.27706456 -0.03425193 0.29456687 0.79215686 0.20784314 0.12941176
v 0.30826771 -0.04226804 0.29456687 0.81960784 0.23529412 0.18823529
v 0.31444359 -0.03425193 0.29456687 0.90980392 0.43137255 0.33725490
v 0.32196844 -0.03425193 0.28912067 0.85490196 0.40392157 0.30588235
v 0.26716530 -0.02055115 0.29391170 0.76078431 0.20000000 0.12156863
v 0.27930713 -0.02055115 0.29456687 0.79215686 0.21960784 0.13725490
v 0.32196844 -0.02055115 0.29374158 0.87843137 0.41960784 0.30980392
v 0.32088482 -0.02055115 0.29456687 0.89019608 0.43137255 0.31764706
v 0.33566940 -0.02055115 0.28278923 0.60392157 0.35294118 0.29019608
v 0.26692021 -0.00685036 0.29456687 0.74117647 0.18431373 0.11372549
v 0.26716530 -0.00751293 0.29456687 0.74509804 0.18823529 0.11764706
v 0.32196844 -0.01461166 0.29456687 0.88627451 0.41568627 0.30588235
v 0.32454121 -0.00685036 0.29456687 0.81960784 0.37647059 0.28627451
v 0.33566940 -0.00685036 0.28691852 0.57647059 0.31764706 0.26666667
v 0.25346458 0.00685036 0.28921914 0.33333333 0.05098039 0.03921569
v 0.26241612 0.00685036 0.29456687 0.67058824 0.13725490 0.09019608
v 0.33566940 0.00685036 0.28828299 0.57254902 0.32941176 0.27843137
v 0.32285452 0.00685036 0.29456687 0.83921569 0.37647059 0.29803922
v 0.23976374 0.02055115 0.28508556 0.24313725 0.04705882 0.04313725
v 0.25346458 0.02055115 0.29001093 0.34117647 0.05098039 0.04313725
v 0.26352537 0.02055115 0.29456687 0.65490196 0.12941176 0.08627451
v 0.32196844 0.02055115 0.29447281 0.83921569 0.36862745 0.29803922
v 0.32196844 0.01703918 0.29456687 0.84705882 0.37647059 0.30588235
v 0.32185709 0.02055115 0.29456687 0.84313725 0.37254902 0.30196078
v 0.33566940 0.02055115 0.28805590 0.56862745 0.33333333 0.28235294
v 0.26716530 0.03425193 0.29300749 0.60784314 0.11764706 0.08627451
v 0.26716530 0.02501875 0.29456687 0.67843137 0.14117647 0.09803922
v 0.28086615 0.03425193 0.29365575 0.71764706 0.17254902 0.12549020
v 0.28086615 0.02605474 0.29456687 0.74509804 0.18431373 0.12941176
v 0.28153169 0.03425193 0.29456687 0.73725490 0.18431373 0.12941176
v 0.32196844 0.03425193 0.29400682 0.79607843 0.33333333 0.27058824
v 0.32121587 0.03425193 0.29456687 0.81960784 0.34509804 0.27843137
v 0.33566940 0.03425193 0.28459537 0.59215686 0.35294118 0.29803922
v 0.26716530 0.04795271 0.29018378 0.48627451 0.09411765 0.07843137
v 0.28086615 0.04795271 0.29096496 0.63921569 0.15686275 0.12941176
v 0.28310370 0.04795271 0.29456687 0.73333333 0.18431373 0.13333333
v 0.32196844 0.04795271 0.29022551 0.57254902 0.23137255 0.20784314
v 0.31566942 0.04795271 0.29456687 0.85490196 0.37254902 0.30588235
v 0.28086615 0.06165349 0.28440690 0.21960784 0.04705882 0.05490196
v 0.28828704 0.06165349 0.29456687 0.72549020 0.18039216 0.13725490
v 0.30826771 0.06165349 0.29126740 0.84313725 0.37647059 0.32549020
v 0.30826771 0.05525976 0.29456687 0.84313725 0.32156863 0.27058824
v 0.30122125 0.06165349 0.29456687 0.76078431 0.21960784 0.18823529
v 0.29456687 0.07535428 0.29107451 0.74509804 0.25098039 0.21960784
v 0.29456687 0.06833130 0.29456687 0.72941176 0.19607843 0.16078431
v 0.28086615 -0.06165355 0.30330682 0.77254902 0.15294118 0.12549020
v 0.28086615 -0.04795271 0.30243313 0.78823529 0.15686275 0.12156863
v 0.29456687 -0.04795271 0.30547297 0.81568627 0.20392157 0.16470588
v 0.28086615 -0.03425193 0.29792857 0.79215686 0.18431373 0.12549020
v 0.29456687 -0.03425193 0.30812252 0.83529412 0.21960784 0.16862745
v 0.30826771 -0.03425193 0.29995966 0.84705882 0.27058824 0.21960784
v 0.28086615 -0.02055115 0.29527748 0.79607843 0.21568627 0.13725490
v 0.28663945 -0.02055115 0.30826771 0.82745098 0.20784314 0.15294118
v 0.29456687 -0.03355515 0.30826771 0.83529412 0.22352941 0.16862745
v 0.30261350 -0.02055115 0.30826771 0.84313725 0.24705882 0.20000000
v 0.30826771 -0.02055115 0.30439091 0.84705882 0.26666667 0.21960784
v 0.26716530 -0.00685036 0.29481590 0.74901961 0.18823529 0.11764706
v 0.28086615 -0.00685036 0.29582202 0.79215686 0.21960784 0.14117647
v 0.28559399 -0.00685036 0.30826771 0.82352941 0.20392157 0.14901961
v 0.30826771 -0.00685036 0.30576456 0.83921569 0.24705882 0.20392157
v 0.30458915 -0.00685036 0.30826771 0.83921569 0.24313725 0.19607843
v 0.32196844 -0.00685036 0.29714108 0.86274510 0.41960784 0.30980392
v 0.26716530 0.00685036 0.29931951 0.78823529 0.21176471 0.13333333
v 0.28086615 0.00685036 0.29757106 0.79215686 0.21176471 0.14117647
v 0.28591549 0.00685036 0.30826771 0.81568627 0.18431373 0.13725490
v 0.30826771 0.00685036 0.30574739 0.83529412 0.24313725 0.20000000
v 0.30419075 0.00685036 0.30826771 0.83529412 0.22745098 0.18431373
v 0.32196844 0.00685036 0.29545057 0.85882353 0.39607843 0.30980392
v 0.26716530 0.02055115 0.29819858 0.76470588 0.19607843 0.12549020
v 0.28086615 0.02055115 0.29665196 0.77254902 0.20000000 0.13725490
v 0.28682768 0.02055115 0.30826771 0.80392157 0.17254902 0.13333333
v 0.30826771 0.02055115 0.30548656 0.82352941 0.23137255 0.19607843
v 0.30314732 0.02055115 0.30826771 0.81960784 0.20392157 0.16862745
v 0.28839779 0.03425193 0.30826771 0.78823529 0.16078431 0.13333333
v 0.30826771 0.03425193 0.30470395 0.80000000 0.20392157 0.18039216
v 0.30139518 0.03425193 0.30826771 0.80000000 0.18039216 0.15686275
v 0.29456687 0.04263747 0.30826771 0.78431373 0.16470588 0.14117647
v 0.29456687 0.04795271 0.30656970 0.76862745 0.15686275 0.13333333
v 0.30826771 0.04795271 0.30136800 0.82745098 0.27058824 0.22745098
v 0.29456687 0.06165349 0.30065131 0.73333333 0.16078431 0.13725490
v 0.29456687 -0.02055115 0.31562746 0.85098039 0.26274510 0.20000000
v 0.29456687 -0.00685036 0.31694186 0.85098039 0.25490196 0.19607843
v 0.29456687 0.00685036 0.31671333 0.84705882 0.23921569 0.18431373
v 0.29456687 0.02055115 0.31584525 0.83529412 0.21568627 0.17254902
v 0.29456687 0.03425193 0.31434393 0.81176471 0.18431373 0.15686275
f 3 2 1
f 1 4 3
f 1 2 5
f 5 2 6
f 4 1 7
f 7 1 5
f 5 6 8
f 8 6 9
f 7 5 10
f 10 5 8
f 8 9 11
f 11 9 12
f 10 8 13
f 13 8 11
f 11 12 14
f 14 12 15
f 13 11 16
f 16 11 14
f 15 17 14
f 14 17 16
f 20 19 18
f 18 21 20
f 18 19 22
f 22 19 23
f 21 18 24
f 18 25 24
f 18 22 25
f 25 26 24
f 22 23 27
f 27 23 28
f 22 29 25
f 22 27 29
f 26 25 30
f 30 25 29
f 27 28 31
f 31 28 32
f 27 33 29
f 27 31 33
f 30 29 34
f 34 29 33
f 31 32 35
f 35 32 36
f 38 33 37
f 33 35 37
f 33 31 35
f 33 38 34
f 36 39 35
f 35 39 37
f 42 41 40
f 40 43 42
f 40 41 44
f 44 41 45
f 43 40 46
f 40 47 46
f 40 44 47
f 47 48 46
f 51 50 49
f 51 49 45
f 49 44 45
f 49 52 44
f 44 53 47
f 44 52 53
f 48 47 54
f 47 55 54
f 47 53 55
f 55 56 54
f 49 50 57
f 57 50 58
f 49 59 52
f 49 57 59
f 52 60 53
f 52 59 60
f 53 61 55
f 53 60 61
f 56 55 62
f 62 55 61
f 57 58 63
f 63 58 64
f 57 65 59
f 57 63 65
f 59 66 60
f 59 65 66
f 60 67 61
f 60 66 67
f 62 61 68
f 68 61 67
f 64 69 63
f 71 70 69
f 70 63 69
f 70 65 63
f 73 66 72
f 66 70 72
f 66 65 70
f 66 73 67
f 67 73 74
f 67 74 68
f 77 76 75
f 79 78 75
f 75 78 77
f 81 80 79
f 79 80 78
f 81 82 80
f 71 83 70
f 70 83 72
f 75 76 84
f 84 76 85
f 75 86 79
f 75 84 86
f 79 87 81
f 79 86 87
f 82 81 88
f 88 81 87
f 84 85 89
f 89 85 90
f 84 91 86
f 84 89 91
f 86 92 87
f 86 91 92
f 88 87 93
f 87 94 93
f 87 92 94
f 96 95 94
f 94 95 93
f 96 97 95
f 100 99 98
f 100 98 90
f 90 98 89
f 98 2 89
f 2 3 89
f 89 3 4
f 101 89 4
f 91 89 101
f 91 102 92
f 91 101 102
f 92 103 94
f 92 102 103
f 94 104 96
f 94 103 104
f 97 96 105
f 96 106 105
f 96 104 106
f 106 107 105
f 98 99 108
f 108 99 109
f 108 6 2
f 108 2 98
f 7 110 101
f 7 101 4
f 101 111 102
f 101 110 111
f 102 112 103
f 102 111 112
f 103 113 104
f 103 112 113
f 104 114 106
f 104 113 114
f 107 106 115
f 106 116 115
f 106 114 116
f 116 117 115
f 108 109 118
f 118 109 119
f 118 9 6
f 118 6 108
f 10 120 110
f 10 110 7
f 110 121 111
f 110 120 121
f 111 122 112
f 111 121 122
f 112 123 113
f 112 122 123
f 113 124 114
f 113 123 124
f 114 125 116
f 114 124 125
f 117 116 126
f 126 116 125
f 118 119 127
f 127 119 128
f 127 12 9
f 127 9 118
f 13 129 120
f 13 120 10
f 120 130 121
f 120 129 130
f 121 131 122
f 121 130 131
f 122 132 123
f 122 131 132
f 123 133 124
f 123 132 133
f 135 125 134
f 125 133 134
f 125 124 133
f 125 135 126
f 127 128 136
f 136 128 137
f 136 15 12
f 136 12 127
f 16 138 129
f 16 129 13
f 129 139 130
f 129 138 139
f 130 140 131
f 130 139 140
f 131 141 132
f 131 140 141
f 132 142 133
f 132 141 142
f 134 133 143
f 143 133 142
f 136 137 144
f 144 137 145
f 146 17 15
f 136 146 15
f 144 146 136
f 138 16 17
f 146 138 17
f 147 138 146
f 138 148 139
f 138 147 148
f 139 149 140
f 139 148 149
f 140 150 141
f 140 149 150
f 141 151 142
f 141 150 151
f 143 142 152
f 152 142 151
f 144 145 153
f 153 145 154
f 144 155 146
f 144 153 155
f 146 156 147
f 146 155 156
f 147 157 148
f 147 156 157
f 148 158 149
f 148 157 158
f 160 150 159
f 150 158 159
f 150 149 158
f 150 160 151
f 151 160 161
f 151 161 152
f 164 163 162
f 166 165 162
f 162 165 164
f 168 167 166
f 166 167 165
f 170 169 168
f 168 169 167
f 170 171 169
f 153 154 172
f 172 154 173
f 153 174 155
f 153 172 174
f 155 175 156
f 155 174 175
f 177 157 176
f 157 175 176
f 157 156 175
f 157 177 158
f 158 177 178
f 158 178 159
f 162 163 179
f 179 163 180
f 179 19 20
f 166 179 20
f 162 179 166
f 166 20 21
f 181 166 21
f 168 166 181
f 168 182 170
f 168 181 182
f 171 170 183
f 170 184 183
f 170 182 184
f 186 185 184
f 184 185 183
f 186 187 185
f 173 188 172
f 190 189 188
f 189 172 188
f 189 174 172
f 174 191 175
f 174 189 191
f 176 175 192
f 192 175 191
f 179 180 193
f 193 180 194
f 193 23 19
f 193 19 179
f 24 181 21
f 181 24 26
f 195 181 26
f 182 181 195
f 182 196 184
f 182 195 196
f 184 197 186
f 184 196 197
f 187 186 198
f 186 199 198
f 186 197 199
f 199 200 198
f 190 201 189
f 189 201 191
f 191 201 202
f 191 202 192
f 193 194 203
f 203 194 204
f 203 28 23
f 203 23 193
f 30 205 195
f 30 195 26
f 195 206 196
f 195 205 206
f 196 207 197
f 196 206 207
f 197 208 199
f 197 207 208
f 200 199 209
f 209 199 208
f 203 204 210
f 210 204 211
f 210 32 28
f 210 28 203
f 34 212 205
f 34 205 30
f 205 213 206
f 205 212 213
f 206 214 207
f 206 213 214
f 216 208 215
f 208 214 215
f 208 207 214
f 208 216 209
f 210 211 217
f 217 211 218
f 217 36 32
f 217 32 210
f 37 219 38
f 212 34 38
f 219 212 38
f 220 212 219
f 212 221 213
f 212 220 221
f 223 214 222
f 214 221 222
f 214 213 221
f 214 223 215
f 218 224 217
f 224 226 225
f 224 225 39
f 217 224 39
f 36 217 39
f 219 37 39
f 225 219 39
f 227 219 225
f 219 228 220
f 219 227 228
f 230 221 229
f 221 228 229
f 221 220 228
f 221 230 222
f 225 226 231
f 231 226 232
f 234 227 233
f 227 231 233
f 227 225 231
f 227 234 228
f 228 234 235
f 228 235 229
f 232 236 231
f 231 236 233
f 239 238 237
f 241 240 237
f 237 240 239
f 241 242 240
f 245 244 243
f 245 243 238
f 238 243 237
f 243 41 237
f 41 42 237
f 237 42 43
f 246 237 43
f 241 237 246
f 242 241 247
f 241 248 247
f 241 246 248
f 250 249 248
f 248 249 247
f 252 251 250
f 250 251 249
f 252 253 251
f 243 244 254
f 254 244 255
f 254 45 41
f 254 41 243
f 46 246 43
f 246 46 48
f 256 246 48
f 248 246 256
f 248 257 250
f 248 256 257
f 250 258 252
f 250 257 258
f 253 252 259
f 252 260 259
f 252 258 260
f 260 261 259
f 254 255 51
f 255 50 51
f 255 262 50
f 254 51 45
f 54 256 48
f 256 54 56
f 263 256 56
f 257 256 263
f 257 264 258
f 257 263 264
f 258 265 260
f 258 264 265
f 261 260 266
f 266 260 265
f 262 58 50
f 267 58 262
f 62 268 263
f 62 263 56
f 263 269 264
f 263 268 269
f 264 270 265
f 264 269 270
f 266 265 271
f 265 272 271
f 265 270 272
f 272 273 271
f 276 275 274
f 278 277 274
f 274 277 276
f 280 279 278
f 278 279 277
f 280 281 279
f 267 64 58
f 282 64 267
f 68 283 268
f 68 268 62
f 268 284 269
f 268 283 284
f 269 285 270
f 269 284 285
f 287 272 286
f 272 285 286
f 272 270 285
f 272 287 273
f 290 289 288
f 290 288 275
f 288 274 275
f 288 291 274
f 274 292 278
f 274 291 292
f 278 293 280
f 278 292 293
f 281 280 294
f 280 295 294
f 280 293 295
f 297 296 295
f 295 296 294
f 299 298 297
f 297 298 296
f 301 300 299
f 299 300 298
f 301 302 300
f 69 64 303
f 64 304 303
f 64 282 304
f 303 71 69
f 72 305 73
f 306 74 73
f 306 73 305
f 283 68 74
f 306 283 74
f 307 283 306
f 283 308 284
f 283 307 308
f 310 285 309
f 285 308 309
f 285 284 308
f 285 310 286
f 288 289 311
f 311 289 312
f 311 76 77
f 291 311 77
f 288 311 291
f 291 77 78
f 291 78 292
f 292 78 80
f 292 80 293
f 293 80 82
f 313 293 82
f 295 293 313
f 295 314 297
f 295 313 314
f 297 315 299
f 297 314 315
f 299 316 301
f 299 315 316
f 302 301 317
f 301 318 317
f 301 316 318
f 320 319 318
f 318 319 317
f 322 321 320
f 320 321 319
f 322 323 321
f 304 324 303
f 324 326 325
f 324 325 83
f 303 324 83
f 71 303 83
f 325 327 83
f 83 327 72
f 327 328 72
f 328 305 72
f 305 328 306
f 306 328 329
f 306 329 307
f 307 329 330
f 307 330 308
f 308 330 331
f 308 331 309
f 311 312 332
f 332 312 333
f 332 85 76
f 332 76 311
f 88 334 313
f 88 313 82
f 313 335 314
f 313 334 335
f 314 336 315
f 314 335 336
f 315 337 316
f 315 336 337
f 316 338 318
f 316 337 338
f 318 339 320
f 318 338 339
f 320 340 322
f 320 339 340
f 323 322 341
f 341 322 340
f 326 342 325
f 325 342 327
f 332 333 343
f 343 333 344
f 343 90 85
f 343 85 332
f 93 334 88
f 334 93 95
f 334 95 335
f 335 95 97
f 345 335 97
f 336 335 345
f 336 346 337
f 336 345 346
f 337 347 338
f 337 346 347
f 338 348 339
f 338 347 348
f 339 349 340
f 339 348 349
f 341 340 350
f 340 351 350
f 340 349 351
f 351 352 350
f 343 344 100
f 344 99 100
f 344 353 99
f 343 100 90
f 105 345 97
f 345 105 107
f 354 345 107
f 346 345 354
f 346 355 347
f 346 354 355
f 347 356 348
f 347 355 356
f 348 357 349
f 348 356 357
f 349 358 351
f 349 357 358
f 352 351 359
f 351 360 359
f 351 358 360
f 362 361 360
f 360 361 359
f 362 363 361
f 353 109 99
f 364 109 353
f 115 354 107
f 354 115 117
f 365 354 117
f 355 354 365
f 355 366 356
f 355 365 366
f 356 367 357
f 356 366 367
f 357 368 358
f 357 367 368
f 358 369 360
f 358 368 369
f 360 370 362
f 360 369 370
f 363 362 371
f 362 372 371
f 362 370 372
f 372 373 371
f 364 119 109
f 374 119 364
f 126 375 365
f 126 365 117
f 365 376 366
f 365 375 376
f 366 377 367
f 366 376 377
f 367 378 368
f 367 377 378
f 368 379 369
f 368 378 379
f 369 380 370
f 369 379 380
f 370 381 372
f 370 380 381
f 373 372 382
f 382 372 381
f 374 128 119
f 383 128 374
f 134 384 135
f 375 126 135
f 384 375 135
f 385 375 384
f 375 386 376
f 375 385 386
f 376 387 377
f 376 386 387
f 377 388 378
f 377 387 388
f 378 389 379
f 378 388 389
f 379 390 380
f 379 389 390
f 380 391 381
f 380 390 391
f 382 381 392
f 392 381 391
f 383 137 128
f 393 137 383
f 143 394 384
f 143 384 134
f 384 395 385
f 384 394 395
f 385 396 386
f 385 395 396
f 386 397 387
f 386 396 397
f 387 398 388
f 387 397 398
f 388 399 389
f 388 398 399
f 389 400 390
f 389 399 400
f 390 401 391
f 390 400 401
f 392 391 402
f 402 391 401
f 393 145 137
f 403 145 393
f 152 404 394
f 152 394 143
f 394 405 395
f 394 404 405
f 395 406 396
f 395 405 406
f 396 407 397
f 396 406 407
f 397 408 398
f 397 407 408
f 398 409 399
f 398 408 409
f 399 410 400
f 399 409 410
f 412 401 411
f 401 410 411
f 401 400 410
f 401 412 402
f 415 414 413
f 417 416 413
f 413 416 415
f 419 418 417
f 417 418 416
f 421 420 419
f 419 420 418
f 421 422 420
f 403 154 145
f 423 154 403
f 159 424 160
f 425 161 160
f 425 160 424
f 404 152 161
f 425 404 161
f 426 404 425
f 404 427 405
f 404 426 427
f 405 428 406
f 405 427 428
f 406 429 407
f 406 428 429
f 407 430 408
f 407 429 430
f 408 431 409
f 408 430 431
f 433 410 432
f 410 431 432
f 410 409 431
f 410 433 411
f 413 414 164
f 414 163 164
f 414 434 163
f 413 164 165
f 413 165 417
f 417 165 167
f 417 167 419
f 419 167 169
f 419 169 421
f 436 435 171
f 171 435 169
f 435 422 169
f 422 421 169
f 438 437 436
f 436 437 435
f 440 439 438
f 438 439 437
f 442 441 440
f 440 441 439
f 442 443 441
f 423 173 154
f 444 173 423
f 176 445 177
f 446 178 177
f 446 177 445
f 424 159 178
f 446 424 178
f 447 424 446
f 424 448 425
f 424 447 448
f 425 449 426
f 425 448 449
f 426 450 427
f 426 449 450
f 427 451 428
f 427 450 451
f 428 452 429
f 428 451 452
f 429 453 430
f 429 452 453
f 455 431 454
f 431 453 454
f 431 430 453
f 431 455 432
f 434 180 163
f 456 180 434
f 183 436 171
f 436 183 185
f 436 185 438
f 438 185 187
f 457 438 187
f 440 438 457
f 440 458 442
f 440 457 458
f 443 442 459
f 442 460 459
f 442 458 460
f 460 461 459
f 188 173 462
f 173 463 462
f 173 444 463
f 462 190 188
f 192 464 445
f 192 445 176
f 445 465 446
f 445 464 465
f 446 466 447
f 446 465 466
f 447 467 448
f 447 466 467
f 448 468 449
f 448 467 468
f 449 469 450
f 449 468 469
f 450 470 451
f 450 469 470
f 472 452 471
f 452 470 471
f 452 451 470
f 452 472 453
f 453 472 473
f 453 473 454
f 456 194 180
f 474 194 456
f 198 457 187
f 457 198 200
f 475 457 200
f 458 457 475
f 458 476 460
f 458 475 476
f 461 460 477
f 460 478 477
f 460 476 478
f 478 479 477
f 462 463 480
f 480 463 481
f 482 201 190
f 462 482 190
f 480 482 462
f 483 202 201
f 483 201 482
f 464 192 202
f 483 464 202
f 484 464 483
f 464 485 465
f 464 484 485
f 465 486 466
f 465 485 486
f 466 487 467
f 466 486 487
f 467 488 468
f 467 487 488
f 468 489 469
f 468 488 489
f 491 470 490
f 470 489 490
f 470 469 489
f 470 491 471
f 474 204 194
f 492 204 474
f 209 493 475
f 209 475 200
f 475 494 476
f 475 493 494
f 476 495 478
f 476 494 495
f 479 478 496
f 496 478 495
f 480 481 497
f 497 481 498
f 480 499 482
f 480 497 499
f 482 500 483
f 482 499 500
f 483 501 484
f 483 500 501
f 484 502 485
f 484 501 502
f 485 503 486
f 485 502 503
f 505 487 504
f 487 503 504
f 487 486 503
f 487 505 488
f 488 505 506
f 488 506 489
f 489 506 507
f 489 507 490
f 492 211 204
f 508 211 492
f 215 509 216
f 493 209 216
f 509 493 216
f 510 493 509
f 493 511 494
f 493 510 511
f 494 512 495
f 494 511 512
f 496 495 513
f 513 495 512
f 497 498 514
f 514 498 515
f 497 516 499
f 497 514 516
f 499 517 500
f 499 516 517
f 500 518 501
f 500 517 518
f 520 502 519
f 502 518 519
f 502 501 518
f 502 520 503
f 503 520 521
f 503 521 504
f 508 218 211
f 522 218 508
f 222 523 223
f 509 215 223
f 523 509 223
f 524 509 523
f 509 525 510
f 509 524 525
f 510 526 511
f 510 525 526
f 528 512 527
f 512 526 527
f 512 511 526
f 512 528 513
f 515 529 514
f 531 530 529
f 530 514 529
f 530 516 514
f 533 517 532
f 517 530 532
f 517 516 530
f 517 533 518
f 518 533 534
f 518 534 519
f 224 218 535
f 218 536 535
f 218 522 536
f 535 226 224
f 229 537 230
f 523 222 230
f 537 523 230
f 538 523 537
f 523 539 524
f 523 538 539
f 524 540 525
f 524 539 540
f 542 526 541
f 526 540 541
f 526 525 540
f 526 542 527
f 531 543 530
f 530 543 532
f 535 536 544
f 544 536 545
f 544 232 226
f 544 226 535
f 233 546 234
f 547 235 234
f 547 234 546
f 537 229 235
f 547 537 235
f 548 537 547
f 550 538 549
f 538 548 549
f 538 537 548
f 538 550 539
f 539 550 551
f 539 551 540
f 540 551 552
f 540 552 541
f 545 553 544
f 553 555 554
f 553 554 236
f 544 553 236
f 232 544 236
f 554 556 236
f 236 556 233
f 556 557 233
f 557 546 233
f 546 557 547
f 547 557 558
f 547 558 548
f 548 558 559
f 548 559 549
f 555 560 554
f 554 560 556
f 563 562 561
f 565 564 561
f 561 564 563
f 565 566 564
f 569 568 567
f 569 567 562
f 562 567 561
f 567 238 561
f 238 239 561
f 561 239 240
f 561 240 565
f 571 570 242
f 242 570 240
f 570 566 240
f 566 565 240
f 573 572 571
f 571 572 570
f 575 574 573
f 573 574 572
f 577 576 575
f 575 576 574
f 577 578 576
f 567 568 245
f 568 244 245
f 568 579 244
f 567 245 238
f 247 571 242
f 571 247 249
f 571 249 573
f 573 249 251
f 573 251 575
f 575 251 253
f 580 575 253
f 577 575 580
f 578 577 581
f 577 582 581
f 577 580 582
f 582 583 581
f 579 255 244
f 584 255 579
f 259 580 253
f 580 259 261
f 585 580 261
f 582 580 585
f 583 582 586
f 582 587 586
f 582 585 587
f 587 588 586
f 591 590 589
f 593 592 589
f 589 592 591
f 595 594 593
f 593 594 592
f 597 596 595
f 595 596 594
f 599 598 597
f 597 598 596
f 601 600 599
f 599 600 598
f 601 602 600
f 605 604 603
f 584 605 603
f 262 584 603
f 255 584 262
f 266 606 585
f 266 585 261
f 585 607 587
f 585 606 607
f 588 587 608
f 587 609 608
f 587 607 609
f 609 610 608
f 589 590 611
f 611 590 612
f 589 613 593
f 589 611 613
f 593 614 595
f 593 613 614
f 595 615 597
f 595 614 615
f 597 616 599
f 597 615 616
f 599 617 601
f 599 616 617
f 602 601 618
f 601 619 618
f 601 617 619
f 621 620 619
f 619 620 618
f 621 622 620
f 603 604 623
f 623 604 624
f 623 267 262
f 623 262 603
f 271 606 266
f 606 271 273
f 625 606 273
f 607 606 625
f 607 626 609
f 607 625 626
f 610 609 627
f 627 609 626
f 611 612 628
f 628 612 629
f 628 275 276
f 613 628 276
f 611 628 613
f 613 276 277
f 613 277 614
f 614 277 279
f 614 279 615
f 615 279 281
f 630 615 281
f 616 615 630
f 616 631 617
f 616 630 631
f 617 632 619
f 617 631 632
f 619 633 621
f 619 632 633
f 622 621 634
f 621 635 634
f 621 633 635
f 637 636 635
f 635 636 634
f 639 638 637
f 637 638 636
f 641 640 639
f 639 640 638
f 641 642 640
f 623 624 643
f 643 624 644
f 643 282 267
f 643 267 623
f 286 645 287
f 625 273 287
f 645 625 287
f 646 625 645
f 625 647 626
f 625 646 647
f 627 626 648
f 648 626 647
f 628 629 290
f 629 289 290
f 629 649 289
f 628 290 275
f 294 630 281
f 630 294 296
f 630 296 631
f 631 296 298
f 631 298 632
f 632 298 300
f 632 300 633
f 633 300 302
f 650 633 302
f 635 633 650
f 635 651 637
f 635 650 651
f 637 652 639
f 637 651 652
f 639 653 641
f 639 652 653
f 642 641 654
f 641 655 654
f 641 653 655
f 657 656 655
f 655 656 654
f 657 658 656
f 644 659 643
f 282 643 659
f 660 282 659
f 304 282 660
f 309 661 310
f 645 286 310
f 661 645 310
f 662 645 661
f 645 663 646
f 645 662 663
f 665 647 664
f 647 663 664
f 647 646 663
f 647 665 648
f 649 312 289
f 666 312 649
f 317 650 302
f 650 317 319
f 650 319 651
f 651 319 321
f 651 321 652
f 652 321 323
f 667 652 323
f 653 652 667
f 653 668 655
f 653 667 668
f 655 669 657
f 655 668 669
f 658 657 670
f 657 671 670
f 657 669 671
f 673 672 671
f 671 672 670
f 673 674 672
f 324 304 675
f 304 676 675
f 304 660 676
f 675 326 324
f 327 677 328
f 678 329 328
f 678 328 677
f 679 330 329
f 679 329 678
f 680 331 330
f 680 330 679
f 661 309 331
f 680 661 331
f 681 661 680
f 683 662 682
f 662 681 682
f 662 661 681
f 662 683 663
f 663 683 684
f 663 684 664
f 687 686 685
f 666 687 685
f 333 666 685
f 312 666 333
f 341 688 667
f 341 667 323
f 667 689 668
f 667 688 689
f 668 690 669
f 668 689 690
f 669 691 671
f 669 690 691
f 671 692 673
f 671 691 692
f 674 673 693
f 673 694 693
f 673 692 694
f 694 695 693
f 676 696 675
f 675 696 326
f 696 342 326
f 696 697 342
f 327 342 677
f 342 698 677
f 342 697 698
f 677 698 678
f 678 698 699
f 678 699 679
f 679 699 700
f 679 700 680
f 680 700 701
f 680 701 681
f 681 701 702
f 681 702 682
f 685 686 703
f 703 686 704
f 703 344 333
f 703 333 685
f 350 688 341
f 688 350 352
f 705 688 352
f 689 688 705
f 689 706 690
f 689 705 706
f 690 707 691
f 690 706 707
f 691 708 692
f 691 707 708
f 692 709 694
f 692 708 709
f 695 694 710
f 694 711 710
f 694 709 711
f 711 712 710
f 703 704 713
f 713 704 714
f 713 353 344
f 713 344 703
f 359 705 352
f 705 359 361
f 705 361 706
f 706 361 363
f 715 706 363
f 707 706 715
f 707 716 708
f 707 715 716
f 708 717 709
f 708 716 717
f 709 718 711
f 709 717 718
f 712 711 719
f 711 720 719
f 711 718 720
f 722 721 720
f 720 721 719
f 722 723 721
f 713 714 724
f 724 714 725
f 724 364 353
f 724 353 713
f 371 715 363
f 715 371 373
f 726 715 373
f 716 715 726
f 716 727 717
f 716 726 727
f 717 728 718
f 717 727 728
f 718 729 720
f 718 728 729
f 720 730 722
f 720 729 730
f 723 722 731
f 722 732 731
f 722 730 732
f 732 733 731
f 724 725 734
f 734 725 735
f 734 374 364
f 734 364 724
f 382 736 726
f 382 726 373
f 726 737 727
f 726 736 737
f 727 738 728
f 727 737 738
f 728 739 729
f 728 738 739
f 729 740 730
f 729 739 740
f 730 741 732
f 730 740 741
f 733 732 742
f 742 732 741
f 734 735 743
f 743 735 744
f 743 383 374
f 743 374 734
f 392 745 736
f 392 736 382
f 736 746 737
f 736 745 746
f 737 747 738
f 737 746 747
f 738 748 739
f 738 747 748
f 739 749 740
f 739 748 749
f 740 750 741
f 740 749 750
f 742 741 751
f 751 741 750
f 743 744 752
f 752 744 753
f 752 393 383
f 752 383 743
f 402 754 745
f 402 745 392
f 745 755 746
f 745 754 755
f 746 756 747
f 746 755 756
f 747 757 748
f 747 756 757
f 748 758 749
f 748 757 758
f 760 750 759
f 750 758 759
f 750 749 758
f 750 760 751
f 752 753 761
f 761 753 762
f 761 403 393
f 761 393 752
f 411 763 412
f 754 402 412
f 763 754 412
f 764 754 763
f 754 765 755
f 754 764 765
f 755 766 756
f 755 765 766
f 756 767 757
f 756 766 767
f 757 768 758
f 757 767 768
f 759 758 769
f 769 758 768
f 771 770 415
f 415 770 414
f 772 415 416
f 772 771 415
f 773 416 418
f 773 772 416
f 774 418 420
f 774 773 418
f 776 775 422
f 775 420 422
f 775 774 420
f 778 777 776
f 776 777 775
f 780 779 778
f 778 779 777
f 782 781 780
f 780 781 779
f 784 783 782
f 782 783 781
f 784 785 783
f 761 762 786
f 786 762 787
f 786 423 403
f 786 403 761
f 432 788 433
f 763 411 433
f 788 763 433
f 789 763 788
f 763 790 764
f 763 789 790
f 764 791 765
f 764 790 791
f 765 792 766
f 765 791 792
f 794 767 793
f 767 792 793
f 767 766 792
f 767 794 768
f 768 794 795
f 768 795 769
f 798 797 796
f 770 798 796
f 434 770 796
f 414 770 434
f 435 776 422
f 776 435 437
f 776 437 778
f 778 437 439
f 778 439 780
f 780 439 441
f 780 441 782
f 782 441 443
f 799 782 443
f 784 782 799
f 785 784 800
f 784 801 800
f 784 799 801
f 801 802 800
f 805 804 803
f 803 806 805
f 786 787 807
f 807 787 808
f 807 444 423
f 807 423 786
f 454 809 455
f 788 432 455
f 809 788 455
f 810 788 809
f 788 811 789
f 788 810 811
f 789 812 790
f 789 811 812
f 790 813 791
f 790 812 813
f 815 792 814
f 792 813 814
f 792 791 813
f 792 815 793
f 796 797 816
f 816 797 817
f 816 456 434
f 816 434 796
f 459 799 443
f 799 459 461
f 818 799 461
f 801 799 818
f 802 801 819
f 801 820 819
f 801 818 820
f 819 820 804
f 820 803 804
f 820 821 803
f 806 803 822
f 803 823 822
f 803 821 823
f 825 824 823
f 823 824 822
f 827 826 825
f 825 826 824
f 827 828 826
f 807 808 829
f 829 808 830
f 829 463 444
f 829 444 807
f 471 831 472
f 832 473 472
f 832 472 831
f 809 454 473
f 832 809 473
f 833 809 832
f 809 834 810
f 809 833 834
f 810 835 811
f 810 834 835
f 811 836 812
f 811 835 836
f 838 813 837
f 813 836 837
f 813 812 836
f 813 838 814
f 816 817 839
f 839 817 840
f 839 474 456
f 839 456 816
f 477 818 461
f 818 477 479
f 841 818 479
f 820 818 841
f 820 842 821
f 820 841 842
f 821 843 823
f 821 842 843
f 823 844 825
f 823 843 844
f 825 845 827
f 825 844 845
f 828 827 846
f 846 827 845
f 829 830 847
f 847 830 848
f 847 481 463
f 847 463 829
f 490 849 491
f 831 471 491
f 849 831 491
f 850 831 849
f 831 851 832
f 831 850 851
f 832 852 833
f 832 851 852
f 833 853 834
f 833 852 853
f 855 835 854
f 835 853 854
f 835 834 853
f 835 855 836
f 836 855 856
f 836 856 837
f 839 840 857
f 857 840 858
f 857 492 474
f 857 474 839
f 496 859 841
f 496 841 479
f 841 860 842
f 841 859 860
f 842 861 843
f 842 860 861
f 843 862 844
f 843 861 862
f 864 845 863
f 845 862 863
f 845 844 862
f 845 864 846
f 848 865 847
f 481 847 865
f 866 481 865
f 498 481 866
f 504 867 505
f 868 506 505
f 868 505 867
f 869 507 506
f 869 506 868
f 849 490 507
f 869 849 507
f 870 849 869
f 849 871 850
f 849 870 871
f 850 872 851
f 850 871 872
f 851 873 852
f 851 872 873
f 875 853 874
f 853 873 874
f 853 852 873
f 853 875 854
f 857 858 876
f 876 858 877
f 876 508 492
f 876 492 857
f 513 878 859
f 513 859 496
f 859 879 860
f 859 878 879
f 860 880 861
f 860 879 880
f 861 881 862
f 861 880 881
f 863 862 882
f 882 862 881
f 866 515 498
f 883 515 866
f 519 884 520
f 885 521 520
f 885 520 884
f 867 504 521
f 885 867 521
f 886 867 885
f 867 887 868
f 867 886 887
f 868 888 869
f 868 887 888
f 869 889 870
f 869 888 889
f 891 871 890
f 871 889 890
f 871 870 889
f 871 891 872
f 872 891 892
f 872 892 873
f 873 892 893
f 873 893 874
f 876 877 894
f 894 877 895
f 894 522 508
f 894 508 876
f 527 896 528
f 878 513 528
f 896 878 528
f 897 878 896
f 878 898 879
f 878 897 898
f 900 880 899
f 880 898 899
f 880 879 898
f 880 900 881
f 881 900 901
f 881 901 882
f 529 515 902
f 515 903 902
f 515 883 903
f 902 531 529
f 532 904 533
f 905 534 533
f 905 533 904
f 884 519 534
f 905 884 534
f 906 884 905
f 884 907 885
f 884 906 907
f 885 908 886
f 885 907 908
f 886 909 887
f 886 908 909
f 911 888 910
f 888 909 910
f 888 887 909
f 888 911 889
f 889 911 912
f 889 912 890
f 895 913 894
f 522 894 913
f 914 522 913
f 536 522 914
f 541 915 542
f 896 527 542
f 915 896 542
f 916 896 915
f 918 897 917
f 897 916 917
f 897 896 916
f 897 918 898
f 898 918 919
f 898 919 899
f 902 903 920
f 920 903 921
f 922 543 531
f 902 922 531
f 920 922 902
f 904 532 543
f 922 904 543
f 923 904 922
f 904 924 905
f 904 923 924
f 905 925 906
f 905 924 925
f 927 907 926
f 907 925 926
f 907 906 925
f 907 927 908
f 908 927 928
f 908 928 909
f 909 928 929
f 909 929 910
f 914 545 536
f 930 545 914
f 549 931 550
f 932 551 550
f 932 550 931
f 933 552 551
f 933 551 932
f 915 541 552
f 933 915 552
f 934 915 933
f 936 916 935
f 916 934 935
f 916 915 934
f 916 936 917
f 921 937 920
f 920 937 922
f 922 937 938
f 922 938 923
f 923 938 939
f 923 939 924
f 924 939 940
f 924 940 925
f 925 940 941
f 925 941 926
f 553 545 942
f 545 943 942
f 545 930 943
f 942 555 553
f 556 944 557
f 945 558 557
f 945 557 944
f 946 559 558
f 946 558 945
f 946 947 559
f 559 947 549
f 947 948 549
f 948 931 549
f 931 948 932
f 932 948 949
f 932 949 933
f 933 949 950
f 933 950 934
f 934 950 951
f 934 951 935
f 943 952 942
f 942 952 555
f 952 560 555
f 952 953 560
f 556 560 944
f 560 954 944
f 560 953 954
f 944 954 945
f 945 954 955
f 945 955 946
f 946 955 956
f 946 956 947
f 959 958 957
f 562 563 957
f 563 959 957
f 563 960 959
f 961 563 564
f 961 960 563
f 963 962 566
f 962 564 566
f 962 961 564
f 965 964 963
f 963 964 962
f 967 966 965
f 965 966 964
f 967 968 966
f 957 958 569
f 958 568 569
f 958 969 568
f 957 569 562
f 570 963 566
f 963 570 572
f 963 572 965
f 965 572 574
f 965 574 967
f 970 968 967
f 574 970 967
f 576 970 574
f 972 971 578
f 971 576 578
f 971 970 576
f 974 973 972
f 972 973 971
f 974 975 973
f 978 977 976
f 969 978 976
f 579 969 976
f 568 969 579
f 581 972 578
f 972 581 583
f 979 972 583
f 974 972 979
f 975 974 980
f 974 981 980
f 974 979 981
f 981 982 980
f 985 984 983
f 987 986 983
f 983 986 985
f 989 988 987
f 987 988 986
f 991 990 989
f 989 990 988
f 993 992 991
f 991 992 990
f 995 994 993
f 993 994 992
f 995 996 994
f 976 977 997
f 997 977 998
f 997 584 579
f 997 579 976
f 586 979 583
f 979 586 588
f 999 979 588
f 981 979 999
f 982 981 1000
f 981 1001 1000
f 981 999 1001
f 1003 1002 1001
f 1001 1002 1000
f 1003 1004 1002
f 983 984 591
f 984 590 591
f 984 1005 590
f 983 591 592
f 983 592 987
f 987 592 594
f 987 594 989
f 989 594 596
f 989 596 991
f 991 596 598
f 991 598 993
f 993 598 600
f 993 600 995
f 1007 1006 602
f 602 1006 600
f 1006 996 600
f 996 995 600
f 1009 1008 1007
f 1007 1008 1006
f 1011 1010 1009
f 1009 1010 1008
f 1013 1012 1011
f 1011 1012 1010
f 1013 1014 1012
f 997 998 605
f 998 604 605
f 998 1015 604
f 997 605 584
f 608 999 588
f 999 608 610
f 1016 999 610
f 1001 999 1016
f 1001 1017 1003
f 1001 1016 1017
f 1004 1003 1018
f 1003 1019 1018
f 1003 1017 1019
f 1019 1020 1018
f 1005 612 590
f 1021 612 1005
f 618 1007 602
f 1007 618 620
f 1007 620 1009
f 1009 620 622
f 1022 1009 622
f 1011 1009 1022
f 1011 1023 1013
f 1011 1022 1023
f 1014 1013 1024
f 1013 1025 1024
f 1013 1023 1025
f 1027 1026 1025
f 1025 1026 1024
f 1029 1028 1027
f 1027 1028 1026
f 1029 1030 1028
f 1015 624 604
f 1031 624 1015
f 627 1032 1016
f 627 1016 610
f 1016 1033 1017
f 1016 1032 1033
f 1017 1034 1019
f 1017 1033 1034
f 1020 1019 1035
f 1019 1036 1035
f 1019 1034 1036
f 1038 1037 1036
f 1036 1037 1035
f 1038 1039 1037
f 1042 1041 1040
f 1021 1042 1040
f 629 1021 1040
f 612 1021 629
f 634 1022 622
f 1022 634 636
f 1022 636 1023
f 1023 636 638
f 1023 638 1025
f 1025 638 640
f 1025 640 1027
f 1027 640 642
f 1043 1027 642
f 1029 1027 1043
f 1030 1029 1044
f 1029 1045 1044
f 1029 1043 1045
f 1047 1046 1045
f 1045 1046 1044
f 1049 1048 1047
f 1047 1048 1046
f 1049 1050 1048
f 1031 644 624
f 1051 644 1031
f 648 1052 1032
f 648 1032 627
f 1032 1053 1033
f 1032 1052 1053
f 1033 1054 1034
f 1033 1053 1054
f 1034 1055 1036
f 1034 1054 1055
f 1036 1056 1038
f 1036 1055 1056
f 1039 1038 1057
f 1038 1058 1057
f 1038 1056 1058
f 1058 1059 1057
f 1040 1041 1060
f 1060 1041 1061
f 1060 649 629
f 1060 629 1040
f 654 1043 642
f 1043 654 656
f 1043 656 1045
f 1045 656 658
f 1062 1045 658
f 1047 1045 1062
f 1047 1063 1049
f 1047 1062 1063
f 1050 1049 1064
f 1049 1065 1064
f 1049 1063 1065
f 1065 1066 1064
f 659 644 1067
f 644 1068 1067
f 644 1051 1068
f 1067 660 659
f 664 1069 665
f 1052 648 665
f 1069 1052 665
f 1070 1052 1069
f 1052 1071 1053
f 1052 1070 1071
f 1053 1072 1054
f 1053 1071 1072
f 1054 1073 1055
f 1054 1072 1073
f 1055 1074 1056
f 1055 1073 1074
f 1076 1058 1075
f 1058 1074 1075
f 1058 1056 1074
f 1058 1076 1059
f 1060 1061 1077
f 1077 1061 1078
f 1077 666 649
f 1077 649 1060
f 670 1062 658
f 1062 670 672
f 1062 672 1063
f 1063 672 674
f 1079 1063 674
f 1065 1063 1079
f 1066 1065 1080
f 1065 1081 1080
f 1065 1079 1081
f 1083 1082 1081
f 1081 1082 1080
f 1083 1084 1082
f 1068 1085 1067
f 660 1067 1085
f 1086 660 1085
f 676 660 1086
f 682 1087 683
f 1088 684 683
f 1088 683 1087
f 1069 664 684
f 1088 1069 684
f 1089 1069 1088
f 1091 1070 1090
f 1070 1089 1090
f 1070 1069 1089
f 1070 1091 1071
f 1071 1091 1092
f 1071 1092 1072
f 1072 1092 1093
f 1072 1093 1073
f 1073 1093 1094
f 1073 1094 1074
f 1074 1094 1095
f 1074 1095 1075
f 1077 1078 687
f 1078 686 687
f 1078 1096 686
f 1077 687 666
f 693 1079 674
f 1079 693 695
f 1097 1079 695
f 1081 1079 1097
f 1081 1098 1083
f 1081 1097 1098
f 1084 1083 1099
f 1083 1100 1099
f 1083 1098 1100
f 1100 1101 1099
f 1086 1102 676
f 676 1102 696
f 696 1103 697
f 1102 1103 696
f 697 1104 698
f 1103 1104 697
f 698 1105 699
f 1104 1105 698
f 699 1106 700
f 1105 1106 699
f 700 1107 701
f 1106 1107 700
f 701 1108 702
f 1107 1108 701
f 682 702 1087
f 702 1109 1087
f 702 1108 1109
f 1087 1109 1088
f 1088 1109 1110
f 1088 1110 1089
f 1089 1110 1111
f 1089 1111 1090
f 1096 704 686
f 1112 704 1096
f 710 1097 695
f 1097 710 712
f 1113 1097 712
f 1098 1097 1113
f 1098 1114 1100
f 1098 1113 1114
f 1101 1100 1115
f 1100 1116 1115
f 1100 1114 1116
f 1116 1117 1115
f 1120 1119 1118
f 1118 1121 1120
f 1112 714 704
f 1122 714 1112
f 719 1113 712
f 1113 719 721
f 1113 721 1114
f 1114 721 723
f 1123 1114 723
f 1116 1114 1123
f 1117 1116 1124
f 1124 1116 1123
f 1127 1126 1125
f 1127 1125 1119
f 1125 1118 1119
f 1125 1128 1118
f 1121 1118 1129
f 1118 1130 1129
f 1118 1128 1130
f 1130 1131 1129
f 1122 725 714
f 1132 725 1122
f 731 1123 723
f 731 733 1123
f 733 1124 1123
f 733 1133 1124
f 1125 1126 1134
f 1134 1126 1135
f 1125 1136 1128
f 1125 1134 1136
f 1128 1137 1130
f 1128 1136 1137
f 1131 1130 1138
f 1138 1130 1137
f 1132 735 725
f 1139 735 1132
f 742 1133 733
f 742 1140 1133
f 1134 1135 1141
f 1141 1135 1142
f 1134 1143 1136
f 1134 1141 1143
f 1136 1144 1137
f 1136 1143 1144
f 1138 1137 1145
f 1145 1137 1144
f 1139 744 735
f 1146 744 1139
f 751 1140 742
f 751 1147 1140
f 1141 1142 1148
f 1148 1142 1149
f 1141 1150 1143
f 1141 1148 1150
f 1143 1151 1144
f 1143 1150 1151
f 1145 1144 1152
f 1152 1144 1151
f 1146 753 744
f 1153 753 1146
f 759 1154 760
f 1154 1155 760
f 1155 751 760
f 1155 1147 751
f 1148 1149 1156
f 1156 1149 1157
f 1148 1158 1150
f 1148 1156 1158
f 1150 1159 1151
f 1150 1158 1159
f 1152 1151 1160
f 1160 1151 1159
f 1153 762 753
f 1161 762 1153
f 769 1162 1154
f 769 1154 759
f 1155 1154 1163
f 1163 1154 1162
f 1156 1157 1164
f 1164 1157 1165
f 1156 1166 1158
f 1156 1164 1166
f 1158 1167 1159
f 1158 1166 1167
f 1160 1159 1168
f 1168 1159 1167
f 1171 1170 1169
f 770 771 1169
f 771 1171 1169
f 771 1172 1171
f 1173 771 772
f 1173 1172 771
f 1174 772 773
f 1174 1173 772
f 1175 773 774
f 1175 1174 773
f 1176 774 775
f 1176 1175 774
f 1177 775 777
f 1177 1176 775
f 1178 777 779
f 1178 1177 777
f 1179 779 781
f 1179 1178 779
f 1180 781 783
f 1180 1179 781
f 1182 1181 785
f 1181 783 785
f 1181 1180 783
f 1182 1183 1181
f 1186 1185 1184
f 1188 1187 1184
f 1184 1187 1186
f 1190 1189 1188
f 1188 1189 1187
f 1192 1191 1190
f 1190 1191 1189
f 1194 1193 1192
f 1192 1193 1191
f 1196 1195 1194
f 1194 1195 1193
f 1198 1197 1196
f 1196 1197 1195
f 1200 1199 1198
f 1198 1199 1197
f 1200 1201 1199
f 1161 787 762
f 1202 787 1161
f 793 1203 794
f 1204 795 794
f 1204 794 1203
f 1162 769 795
f 1204 1162 795
f 1205 1162 1204
f 1163 1162 1206
f 1206 1162 1205
f 1164 1165 1207
f 1207 1165 1208
f 1164 1209 1166
f 1164 1207 1209
f 1211 1167 1210
f 1167 1209 1210
f 1167 1166 1209
f 1167 1211 1168
f 1169 1170 798
f 1170 797 798
f 1170 1212 797
f 1169 798 770
f 800 1182 785
f 1214 1213 802
f 802 1213 800
f 1213 1183 800
f 1183 1182 800
f 1213 1214 1185
f 1185 1214 1184
f 1214 804 1184
f 804 805 1184
f 1184 805 806
f 1215 1184 806
f 1188 1184 1215
f 1188 1216 1190
f 1188 1215 1216
f 1190 1217 1192
f 1190 1216 1217
f 1192 1218 1194
f 1192 1217 1218
f 1194 1219 1196
f 1194 1218 1219
f 1196 1220 1198
f 1196 1219 1220
f 1198 1221 1200
f 1198 1220 1221
f 1201 1200 1222
f 1222 1200 1221
f 1202 808 787
f 1223 808 1202
f 814 1224 815
f 1203 793 815
f 1224 1203 815
f 1225 1203 1224
f 1203 1226 1204
f 1203 1225 1226
f 1204 1227 1205
f 1204 1226 1227
f 1206 1205 1228
f 1228 1205 1227
f 1207 1208 1229
f 1229 1208 1230
f 1207 1231 1209
f 1207 1229 1231
f 1210 1209 1232
f 1232 1209 1231
f 1212 817 797
f 1233 817 1212
f 819 1214 802
f 1214 819 804
f 822 1215 806
f 1215 822 824
f 1215 824 1216
f 1216 824 826
f 1216 826 1217
f 1217 826 828
f 1234 1217 828
f 1218 1217 1234
f 1218 1235 1219
f 1218 1234 1235
f 1219 1236 1220
f 1219 1235 1236
f 1220 1237 1221
f 1220 1236 1237
f 1222 1221 1238
f 1238 1221 1237
f 1223 830 808
f 1239 830 1223
f 837 1240 838
f 1224 814 838
f 1240 1224 838
f 1241 1224 1240
f 1224 1242 1225
f 1224 1241 1242
f 1225 1243 1226
f 1225 1242 1243
f 1226 1244 1227
f 1226 1243 1244
f 1228 1227 1245
f 1245 1227 1244
f 1230 1246 1229
f 1229 1246 1231
f 1231 1246 1247
f 1231 1247 1232
f 1233 840 817
f 1248 840 1233
f 846 1249 1234
f 846 1234 828
f 1234 1250 1235
f 1234 1249 1250
f 1235 1251 1236
f 1235 1250 1251
f 1236 1252 1237
f 1236 1251 1252
f 1238 1237 1253
f 1253 1237 1252
f 1239 848 830
f 1254 848 1239
f 854 1255 855
f 1256 856 855
f 1256 855 1255
f 1240 837 856
f 1256 1240 856
f 1257 1240 1256
f 1240 1258 1241
f 1240 1257 1258
f 1260 1242 1259
f 1242 1258 1259
f 1242 1241 1258
f 1242 1260 1243
f 1243 1260 1261
f 1243 1261 1244
f 1244 1261 1262
f 1244 1262 1245
f 1248 858 840
f 1263 858 1248
f 863 1264 864
f 1249 846 864
f 1264 1249 864
f 1265 1249 1264
f 1249 1266 1250
f 1249 1265 1266
f 1250 1267 1251
f 1250 1266 1267
f 1251 1268 1252
f 1251 1267 1268
f 1253 1252 1269
f 1269 1252 1268
f 865 848 1270
f 848 1271 1270
f 848 1254 1271
f 1270 866 865
f 874 1272 875
f 1255 854 875
f 1272 1255 875
f 1273 1255 1272
f 1255 1274 1256
f 1255 1273 1274
f 1256 1275 1257
f 1256 1274 1275
f 1277 1258 1276
f 1258 1275 1276
f 1258 1257 1275
f 1258 1277 1259
f 1263 877 858
f 1278 877 1263
f 882 1279 1264
f 882 1264 863
f 1264 1280 1265
f 1264 1279 1280
f 1265 1281 1266
f 1265 1280 1281
f 1266 1282 1267
f 1266 1281 1282
f 1284 1268 1283
f 1268 1282 1283
f 1268 1267 1282
f 1268 1284 1269
f 1270 1271 1285
f 1285 1271 1286
f 1285 883 866
f 1285 866 1270
f 890 1287 891
f 1288 892 891
f 1288 891 1287
f 1289 893 892
f 1289 892 1288
f 1272 874 893
f 1289 1272 893
f 1290 1272 1289
f 1292 1273 1291
f 1273 1290 1291
f 1273 1272 1290
f 1273 1292 1274
f 1274 1292 1293
f 1274 1293 1275
f 1275 1293 1294
f 1275 1294 1276
f 1278 895 877
f 1295 895 1278
f 899 1296 900
f 1297 901 900
f 1297 900 1296
f 1279 882 901
f 1297 1279 901
f 1298 1279 1297
f 1279 1299 1280
f 1279 1298 1299
f 1280 1300 1281
f 1280 1299 1300
f 1281 1301 1282
f 1281 1300 1301
f 1283 1282 1302
f 1302 1282 1301
f 1285 1286 1303
f 1303 1286 1304
f 1303 903 883
f 1303 883 1285
f 910 1305 911
f 1306 912 911
f 1306 911 1305
f 1287 890 912
f 1306 1287 912
f 1307 1287 1306
f 1287 1308 1288
f 1287 1307 1308
f 1310 1289 1309
f 1289 1308 1309
f 1289 1288 1308
f 1289 1310 1290
f 1290 1310 1311
f 1290 1311 1291
f 913 895 1312
f 895 1313 1312
f 895 1295 1313
f 1312 914 913
f 917 1314 918
f 1315 919 918
f 1315 918 1314
f 1296 899 919
f 1315 1296 919
f 1316 1296 1315
f 1296 1317 1297
f 1296 1316 1317
f 1297 1318 1298
f 1297 1317 1318
f 1320 1299 1319
f 1299 1318 1319
f 1299 1298 1318
f 1299 1320 1300
f 1300 1320 1321
f 1300 1321 1301
f 1301 1321 1322
f 1301 1322 1302
f 1303 1304 1323
f 1323 1304 1324
f 1323 921 903
f 1323 903 1303
f 926 1325 927
f 1326 928 927
f 1326 927 1325
f 1327 929 928
f 1327 928 1326
f 1305 910 929
f 1327 1305 929
f 1328 1305 1327
f 1330 1306 1329
f 1306 1328 1329
f 1306 1305 1328
f 1306 1330 1307
f 1307 1330 1331
f 1307 1331 1308
f 1308 1331 1332
f 1308 1332 1309
f 1313 1333 1312
f 914 1312 1333
f 1334 914 1333
f 930 914 1334
f 935 1335 936
f 1335 1336 936
f 936 1336 917
f 1336 1337 917
f 1337 1314 917
f 1314 1337 1315
f 1315 1337 1338
f 1315 1338 1316
f 1316 1338 1339
f 1316 1339 1317
f 1317 1339 1340
f 1317 1340 1318
f 1318 1340 1341
f 1318 1341 1319
f 1324 1342 1323
f 1342 1344 1343
f 1342 1343 937
f 1323 1342 937
f 921 1323 937
f 1345 938 937
f 1345 937 1343
f 1346 939 938
f 1346 938 1345
f 1347 940 939
f 1347 939 1346
f 1348 941 940
f 1348 940 1347
f 1348 1349 941
f 941 1349 926
f 1349 1350 926
f 1350 1325 926
f 1325 1350 1326
f 1326 1350 1351
f 1326 1351 1327
f 1327 1351 1352
f 1327 1352 1328
f 1328 1352 1353
f 1328 1353 1329
f 1334 943 930
f 1354 943 1334
f 947 1355 948
f 1356 949 948
f 1356 948 1355
f 949 1356 1357
f 1358 949 1357
f 950 949 1358
f 950 1359 951
f 1358 1359 950
f 935 951 1335
f 951 1360 1335
f 951 1359 1360
f 1335 1360 1336
f 1344 1361 1343
f 1343 1361 1345
f 1345 1361 1362
f 1345 1362 1346
f 1346 1362 1363
f 1346 1363 1347
f 1347 1363 1364
f 1347 1364 1348
f 1348 1364 1365
f 1348 1365 1349
f 1354 1366 943
f 943 1366 952
f 1366 1368 1367
f 953 1366 1367
f 952 1366 953
f 953 1367 1369
f 1370 953 1369
f 954 953 1370
f 954 1371 955
f 1370 1371 954
f 955 1372 956
f 1371 1372 955
f 947 956 1355
f 956 1373 1355
f 956 1372 1373
f 1355 1373 1356
f 1356 1373 1374
f 1356 1374 1357
f 1368 1375 1367
f 1367 1375 1369
f 1377 1376 959
f 959 1376 958
f 1378 959 960
f 1378 1377 959
f 1379 960 961
f 1379 1378 960
f 1380 961 962
f 1380 1379 961
f 1381 962 964
f 1381 1380 962
f 1382 964 966
f 1382 1381 964
f 1384 1383 968
f 1383 966 968
f 1383 1382 966
f 1384 1385 1383
f 1388 1387 1386
f 1376 1388 1386
f 969 1376 1386
f 958 1376 969
f 970 1384 968
f 1389 1385 1384
f 970 1389 1384
f 971 1389 970
f 1390 971 973
f 1390 1389 971
f 1392 1391 975
f 1391 973 975
f 1391 1390 973
f 1392 1393 1391
f 1396 1395 1394
f 1398 1397 1394
f 1394 1397 1396
f 1400 1399 1398
f 1398 1399 1397
f 1402 1401 1400
f 1400 1401 1399
f 1404 1403 1402
f 1402 1403 1401
f 1404 1405 1403
f 1386 1387 978
f 1387 977 978
f 1387 1406 977
f 1386 978 969
f 980 1392 975
f 1408 1407 982
f 982 1407 980
f 1407 1393 980
f 1393 1392 980
f 1410 1409 1408
f 1408 1409 1407
f 1412 1411 1410
f 1410 1411 1409
f 1412 1413 1411
f 1416 1415 1414
f 1416 1414 1395
f 1395 1414 1394
f 1414 984 1394
f 984 985 1394
f 1394 985 986
f 1394 986 1398
f 1398 986 988
f 1398 988 1400
f 1400 988 990
f 1400 990 1402
f 1402 990 992
f 1402 992 1404
f 1417 1405 1404
f 992 1417 1404
f 994 1417 992
f 1419 1418 996
f 1418 994 996
f 1418 1417 994
f 1421 1420 1419
f 1419 1420 1418
f 1423 1422 1421
f 1421 1422 1420
f 1423 1424 1422
f 1406 998 977
f 1425 998 1406
f 1000 1408 982
f 1408 1000 1002
f 1408 1002 1410
f 1410 1002 1004
f 1426 1410 1004
f 1412 1410 1426
f 1413 1412 1427
f 1412 1428 1427
f 1412 1426 1428
f 1430 1429 1428
f 1428 1429 1427
f 1432 1431 1430
f 1430 1431 1429
f 1432 1433 1431
f 1414 1415 1434
f 1434 1415 1435
f 1434 1005 984
f 1434 984 1414
f 1006 1419 996
f 1419 1006 1008
f 1419 1008 1421
f 1421 1008 1010
f 1421 1010 1423
f 1436 1424 1423
f 1010 1436 1423
f 1012 1436 1010
f 1438 1437 1014
f 1437 1012 1014
f 1437 1436 1012
f 1440 1439 1438
f 1438 1439 1437
f 1440 1441 1439
f 1425 1015 998
f 1442 1015 1425
f 1018 1426 1004
f 1426 1018 1020
f 1443 1426 1020
f 1428 1426 1443
f 1428 1444 1430
f 1428 1443 1444
f 1430 1445 1432
f 1430 1444 1445
f 1433 1432 1446
f 1432 1447 1446
f 1432 1445 1447
f 1449 1448 1447
f 1447 1448 1446
f 1449 1450 1448
f 1434 1435 1451
f 1451 1435 1452
f 1451 1021 1005
f 1451 1005 1434
f 1024 1438 1014
f 1438 1024 1026
f 1438 1026 1440
f 1453 1441 1440
f 1026 1453 1440
f 1028 1453 1026
f 1455 1454 1030
f 1454 1028 1030
f 1454 1453 1028
f 1457 1456 1455
f 1455 1456 1454
f 1457 1458 1456
f 1442 1031 1015
f 1459 1031 1442
f 1035 1443 1020
f 1443 1035 1037
f 1443 1037 1444
f 1444 1037 1039
f 1460 1444 1039
f 1445 1444 1460
f 1445 1461 1447
f 1445 1460 1461
f 1447 1462 1449
f 1447 1461 1462
f 1450 1449 1463
f 1449 1464 1463
f 1449 1462 1464
f 1464 1465 1463
f 1451 1452 1042
f 1452 1041 1042
f 1452 1466 1041
f 1451 1042 1021
f 1044 1455 1030
f 1455 1044 1046
f 1455 1046 1457
f 1467 1458 1457
f 1046 1467 1457
f 1048 1467 1046
f 1469 1468 1050
f 1468 1048 1050
f 1468 1467 1048
f 1469 1470 1468
f 1459 1051 1031
f 1471 1051 1459
f 1057 1460 1039
f 1460 1057 1059
f 1472 1460 1059
f 1461 1460 1472
f 1461 1473 1462
f 1461 1472 1473
f 1462 1474 1464
f 1462 1473 1474
f 1465 1464 1475
f 1475 1464 1474
f 1466 1061 1041
f 1476 1061 1466
f 1064 1469 1050
f 1478 1477 1066
f 1066 1477 1064
f 1477 1470 1064
f 1470 1469 1064
f 1480 1479 1478
f 1478 1479 1477
f 1482 1481 1480
f 1480 1481 1479
f 1482 1483 1481
f 1471 1068 1051
f 1484 1068 1471
f 1075 1485 1076
f 1472 1059 1076
f 1485 1472 1076
f 1486 1472 1485
f 1472 1487 1473
f 1472 1486 1487
f 1473 1488 1474
f 1473 1487 1488
f 1475 1474 1489
f 1474 1490 1489
f 1474 1488 1490
f 1476 1489 1490
f 1078 1476 1490
f 1061 1476 1078
f 1080 1478 1066
f 1478 1080 1082
f 1478 1082 1480
f 1480 1082 1084
f 1491 1480 1084
f 1482 1480 1491
f 1483 1482 1492
f 1482 1493 1492
f 1482 1491 1493
f 1493 1494 1492
f 1497 1496 1495
f 1499 1498 1495
f 1495 1498 1497
f 1499 1500 1498
f 1085 1068 1501
f 1068 1502 1501
f 1068 1484 1502
f 1501 1086 1085
f 1090 1503 1091
f 1504 1092 1091
f 1504 1091 1503
f 1505 1093 1092
f 1505 1092 1504
f 1506 1094 1093
f 1506 1093 1505
f 1507 1095 1094
f 1507 1094 1506
f 1485 1075 1095
f 1507 1485 1095
f 1508 1485 1507
f 1485 1509 1486
f 1485 1508 1509
f 1486 1510 1487
f 1486 1509 1510
f 1487 1511 1488
f 1487 1510 1511
f 1488 1512 1490
f 1488 1511 1512
f 1512 1096 1078
f 1512 1078 1490
f 1099 1491 1084
f 1491 1099 1101
f 1513 1491 1101
f 1493 1491 1513
f 1494 1493 1514
f 1514 1493 1513
f 1517 1516 1515
f 1517 1515 1496
f 1515 1495 1496
f 1515 1518 1495
f 1495 1519 1499
f 1495 1518 1519
f 1500 1499 1520
f 1520 1499 1519
f 1502 1521 1501
f 1521 1523 1522
f 1521 1522 1102
f 1501 1521 1102
f 1086 1501 1102
f 1524 1103 1102
f 1524 1102 1522
f 1525 1104 1103
f 1525 1103 1524
f 1104 1525 1526
f 1527 1104 1526
f 1105 1104 1527
f 1105 1528 1106
f 1527 1528 1105
f 1106 1529 1107
f 1528 1529 1106
f 1107 1530 1108
f 1529 1530 1107
f 1108 1531 1109
f 1530 1531 1108
f 1109 1532 1110
f 1531 1532 1109
f 1110 1533 1111
f 1532 1533 1110
f 1090 1111 1503
f 1111 1534 1503
f 1111 1533 1534
f 1503 1534 1504
f 1504 1534 1535
f 1504 1535 1505
f 1505 1535 1536
f 1505 1536 1506
f 1506 1536 1537
f 1506 1537 1507
f 1507 1537 1538
f 1507 1538 1508
f 1508 1538 1539
f 1508 1539 1509
f 1509 1539 1540
f 1542 1541 1540
f 1541 1509 1540
f 1541 1510 1509
f 1510 1543 1511
f 1510 1541 1543
f 1545 1512 1544
f 1512 1543 1544
f 1512 1511 1543
f 1096 1512 1545
f 1546 1096 1545
f 1112 1096 1546
f 1115 1513 1101
f 1115 1117 1513
f 1117 1514 1513
f 1117 1547 1514
f 1515 1516 1548
f 1548 1516 1549
f 1548 1119 1120
f 1518 1548 1120
f 1515 1548 1518
f 1518 1120 1121
f 1550 1518 1121
f 1519 1518 1550
f 1520 1519 1551
f 1519 1552 1551
f 1519 1550 1552
f 1552 1553 1551
f 1523 1554 1522
f 1522 1554 1524
f 1524 1554 1555
f 1524 1555 1525
f 1525 1555 1556
f 1525 1556 1526
f 1542 1557 1541
f 1541 1557 1543
f 1543 1557 1558
f 1558 1559 1543
f 1559 1560 1543
f 1561 1544 1543
f 1561 1543 1560
f 1546 1561 1560
f 1122 1546 1560
f 1112 1546 1122
f 1124 1547 1117
f 1124 1562 1547
f 1548 1549 1127
f 1549 1126 1127
f 1549 1563 1126
f 1548 1127 1119
f 1129 1550 1121
f 1550 1129 1131
f 1564 1550 1131
f 1552 1550 1564
f 1553 1552 1565
f 1565 1552 1564
f 1559 1566 1560
f 1122 1560 1566
f 1567 1122 1566
f 1132 1122 1567
f 1133 1569 1568
f 1562 1133 1568
f 1124 1133 1562
f 1563 1568 1569
f 1135 1563 1569
f 1126 1563 1135
f 1138 1570 1564
f 1138 1564 1131
f 1565 1564 1571
f 1564 1572 1571
f 1564 1570 1572
f 1572 1573 1571
f 1567 1139 1132
f 1574 1139 1567
f 1140 1575 1569
f 1140 1569 1133
f 1575 1142 1135
f 1575 1135 1569
f 1145 1576 1570
f 1145 1570 1138
f 1570 1577 1572
f 1570 1576 1577
f 1573 1572 1578
f 1578 1572 1577
f 1574 1146 1139
f 1579 1146 1574
f 1147 1580 1575
f 1147 1575 1140
f 1580 1149 1142
f 1580 1142 1575
f 1152 1581 1576
f 1152 1576 1145
f 1576 1582 1577
f 1576 1581 1582
f 1578 1577 1583
f 1583 1577 1582
f 1586 1585 1584
f 1579 1586 1584
f 1153 1579 1584
f 1146 1579 1153
f 1155 1587 1580
f 1155 1580 1147
f 1587 1157 1149
f 1587 1149 1580
f 1160 1588 1581
f 1160 1581 1152
f 1581 1589 1582
f 1581 1588 1589
f 1583 1582 1590
f 1590 1582 1589
f 1593 1592 1591
f 1591 1594 1593
f 1597 1596 1595
f 1597 1595 1585
f 1595 1584 1585
f 1595 1598 1584
f 1598 1161 1153
f 1598 1153 1584
f 1163 1599 1587
f 1163 1587 1155
f 1599 1165 1157
f 1599 1157 1587
f 1168 1600 1588
f 1168 1588 1160
f 1588 1601 1589
f 1588 1600 1601
f 1590 1589 1602
f 1602 1589 1601
f 1604 1603 1171
f 1171 1603 1170
f 1172 1591 1592
f 1604 1172 1592
f 1171 1172 1604
f 1605 1594 1591
f 1172 1605 1591
f 1173 1605 1172
f 1606 1173 1174
f 1606 1605 1173
f 1607 1174 1175
f 1607 1606 1174
f 1608 1175 1176
f 1608 1607 1175
f 1609 1176 1177
f 1609 1608 1176
f 1610 1177 1178
f 1610 1609 1177
f 1611 1178 1179
f 1611 1610 1178
f 1612 1179 1180
f 1612 1611 1179
f 1613 1180 1181
f 1613 1612 1180
f 1615 1614 1183
f 1614 1181 1183
f 1614 1613 1181
f 1185 1186 1615
f 1186 1614 1615
f 1186 1616 1614
f 1617 1186 1187
f 1617 1616 1186
f 1618 1187 1189
f 1618 1617 1187
f 1619 1189 1191
f 1619 1618 1189
f 1620 1191 1193
f 1620 1619 1191
f 1621 1193 1195
f 1621 1620 1193
f 1622 1195 1197
f 1622 1621 1195
f 1199 1595 1596
f 1622 1199 1596
f 1197 1199 1622
f 1595 1199 1201
f 1623 1595 1201
f 1598 1595 1623
f 1623 1202 1161
f 1623 1161 1598
f 1206 1624 1599
f 1206 1599 1163
f 1624 1208 1165
f 1624 1165 1599
f 1210 1625 1211
f 1600 1168 1211
f 1625 1600 1211
f 1626 1600 1625
f 1628 1601 1627
f 1601 1626 1627
f 1601 1600 1626
f 1601 1628 1602
f 1603 1212 1170
f 1629 1212 1603
f 1213 1615 1183
f 1615 1213 1185
f 1222 1630 1623
f 1222 1623 1201
f 1630 1223 1202
f 1630 1202 1623
f 1632 1631 1624
f 1206 1632 1624
f 1228 1632 1206
f 1208 1624 1631
f 1633 1208 1631
f 1230 1208 1633
f 1232 1634 1625
f 1232 1625 1210
f 1625 1635 1626
f 1625 1634 1635
f 1627 1626 1636
f 1636 1626 1635
f 1629 1233 1212
f 1637 1233 1629
f 1238 1638 1630
f 1238 1630 1222
f 1638 1239 1223
f 1638 1223 1630
f 1245 1632 1228
f 1245 1639 1632
f 1246 1230 1640
f 1230 1641 1640
f 1230 1633 1641
f 1642 1247 1246
f 1642 1246 1640
f 1634 1232 1247
f 1642 1634 1247
f 1643 1634 1642
f 1645 1635 1644
f 1635 1643 1644
f 1635 1634 1643
f 1635 1645 1636
f 1637 1248 1233
f 1646 1248 1637
f 1253 1647 1638
f 1253 1638 1238
f 1647 1254 1239
f 1647 1239 1638
f 1259 1648 1260
f 1649 1261 1260
f 1649 1260 1648
f 1261 1649 1650
f 1651 1261 1650
f 1262 1261 1651
f 1245 1262 1639
f 1639 1262 1651
f 1640 1641 1652
f 1652 1641 1653
f 1640 1654 1642
f 1640 1652 1654
f 1642 1655 1643
f 1642 1654 1655
f 1644 1643 1656
f 1656 1643 1655
f 1646 1263 1248
f 1657 1263 1646
f 1269 1658 1647
f 1269 1647 1253
f 1658 1271 1254
f 1658 1254 1647
f 1276 1659 1277
f 1648 1259 1277
f 1659 1648 1277
f 1660 1648 1659
f 1662 1649 1661
f 1649 1660 1661
f 1649 1648 1660
f 1649 1662 1650
f 1653 1663 1652
f 1652 1663 1654
f 1654 1663 1664
f 1654 1664 1655
f 1655 1664 1665
f 1655 1665 1656
f 1657 1278 1263
f 1666 1278 1657
f 1283 1667 1284
f 1658 1269 1284
f 1667 1658 1284
f 1668 1658 1667
f 1668 1286 1271
f 1668 1271 1658
f 1291 1669 1292
f 1670 1293 1292
f 1670 1292 1669
f 1671 1294 1293
f 1671 1293 1670
f 1671 1672 1294
f 1294 1672 1276
f 1672 1673 1276
f 1673 1659 1276
f 1659 1673 1660
f 1660 1673 1674
f 1660 1674 1661
f 1666 1295 1278
f 1675 1295 1666
f 1302 1676 1667
f 1302 1667 1283
f 1667 1677 1668
f 1667 1676 1677
f 1677 1304 1286
f 1677 1286 1668
f 1309 1678 1310
f 1679 1311 1310
f 1679 1310 1678
f 1669 1291 1311
f 1679 1669 1311
f 1680 1669 1679
f 1682 1670 1681
f 1670 1680 1681
f 1670 1669 1680
f 1670 1682 1671
f 1671 1682 1683
f 1671 1683 1672
f 1675 1313 1295
f 1684 1313 1675
f 1319 1685 1320
f 1686 1321 1320
f 1686 1320 1685
f 1687 1322 1321
f 1687 1321 1686
f 1687 1688 1322
f 1322 1688 1302
f 1688 1689 1302
f 1689 1676 1302
f 1676 1689 1677
f 1677 1689 1690
f 1304 1677 1690
f 1691 1304 1690
f 1324 1304 1691
f 1329 1692 1330
f 1693 1331 1330
f 1693 1330 1692
f 1694 1332 1331
f 1694 1331 1693
f 1694 1695 1332
f 1332 1695 1309
f 1695 1696 1309
f 1696 1678 1309
f 1678 1696 1679
f 1679 1696 1697
f 1679 1697 1680
f 1680 1697 1698
f 1680 1698 1681
f 1333 1313 1699
f 1313 1700 1699
f 1313 1684 1700
f 1699 1334 1333
f 1336 1701 1337
f 1702 1338 1337
f 1702 1337 1701
f 1703 1339 1338
f 1703 1338 1702
f 1704 1340 1339
f 1704 1339 1703
f 1340 1704 1705
f 1706 1340 1705
f 1341 1340 1706
f 1319 1341 1685
f 1341 1707 1685
f 1341 1706 1707
f 1685 1707 1686
f 1686 1707 1708
f 1686 1708 1687
f 1687 1708 1709
f 1687 1709 1688
f 1342 1324 1710
f 1324 1711 1710
f 1324 1691 1711
f 1710 1344 1342
f 1349 1712 1350
f 1713 1351 1350
f 1713 1350 1712
f 1351 1713 1714
f 1715 1351 1714
f 1352 1351 1715
f 1352 1716 1353
f 1715 1716 1352
f 1329 1353 1692
f 1353 1717 1692
f 1353 1716 1717
f 1692 1717 1693
f 1693 1717 1718
f 1693 1718 1694
f 1694 1718 1719
f 1694 1719 1695
f 1700 1720 1699
f 1334 1699 1720
f 1721 1334 1720
f 1354 1334 1721
f 1357 1722 1358
f 1723 1359 1358
f 1723 1358 1722
f 1359 1723 1724
f 1725 1359 1724
f 1360 1359 1725
f 1336 1360 1701
f 1360 1726 1701
f 1360 1725 1726
f 1701 1726 1702
f 1702 1726 1727
f 1702 1727 1703
f 1703 1727 1728
f 1703 1728 1704
f 1704 1728 1729
f 1704 1729 1705
f 1711 1730 1710
f 1730 1732 1731
f 1730 1731 1361
f 1710 1730 1361
f 1344 1710 1361
f 1733 1362 1361
f 1733 1361 1731
f 1362 1733 1734
f 1735 1362 1734
f 1363 1362 1735
f 1363 1736 1364
f 1735 1736 1363
f 1364 1737 1365
f 1736 1737 1364
f 1349 1365 1712
f 1365 1738 1712
f 1365 1737 1738
f 1712 1738 1713
f 1713 1738 1739
f 1713 1739 1714
f 1366 1354 1740
f 1354 1741 1740
f 1354 1721 1741
f 1740 1368 1366
f 1369 1742 1370
f 1370 1742 1743
f 1744 1370 1743
f 1371 1370 1744
f 1371 1745 1372
f 1744 1745 1371
f 1372 1746 1373
f 1745 1746 1372
f 1373 1747 1374
f 1746 1747 1373
f 1357 1374 1722
f 1374 1748 1722
f 1374 1747 1748
f 1722 1748 1723
f 1723 1748 1749
f 1723 1749 1724
f 1732 1750 1731
f 1731 1750 1733
f 1733 1750 1751
f 1733 1751 1734
f 1741 1752 1740
f 1740 1752 1368
f 1752 1375 1368
f 1752 1753 1375
f 1369 1375 1742
f 1375 1754 1742
f 1375 1753 1754
f 1742 1754 1743
f 1756 1755 1377
f 1377 1755 1376
f 1757 1377 1378
f 1757 1756 1377
f 1758 1378 1379
f 1758 1757 1378
f 1759 1379 1380
f 1759 1758 1379
f 1760 1380 1381
f 1760 1759 1380
f 1761 1381 1382
f 1761 1760 1381
f 1762 1382 1383
f 1762 1761 1382
f 1764 1763 1385
f 1763 1383 1385
f 1763 1762 1383
f 1764 1765 1763
f 1768 1767 1766
f 1766 1769 1768
f 1771 1770 1388
f 1388 1770 1387
f 1388 1376 1755
f 1388 1755 1771
f 1389 1764 1385
f 1772 1765 1764
f 1389 1772 1764
f 1390 1772 1389
f 1773 1390 1391
f 1773 1772 1390
f 1775 1774 1393
f 1774 1391 1393
f 1774 1773 1391
f 1777 1776 1775
f 1775 1776 1774
f 1777 1778 1776
f 1781 1780 1779
f 1781 1779 1767
f 1767 1779 1766
f 1779 1395 1766
f 1395 1396 1766
f 1782 1769 1766
f 1396 1782 1766
f 1397 1782 1396
f 1783 1397 1399
f 1783 1782 1397
f 1784 1399 1401
f 1784 1783 1399
f 1785 1401 1403
f 1785 1784 1401
f 1787 1786 1405
f 1786 1403 1405
f 1786 1785 1403
f 1789 1788 1787
f 1787 1788 1786
f 1789 1790 1788
f 1770 1406 1387
f 1791 1406 1770
f 1407 1775 1393
f 1775 1407 1409
f 1775 1409 1777
f 1792 1778 1777
f 1409 1792 1777
f 1411 1792 1409
f 1794 1793 1413
f 1793 1411 1413
f 1793 1792 1411
f 1796 1795 1794
f 1794 1795 1793
f 1798 1797 1796
f 1796 1797 1795
f 1800 1799 1798
f 1798 1799 1797
f 1800 1801 1799
f 1779 1780 1416
f 1780 1415 1416
f 1780 1802 1415
f 1779 1416 1395
f 1417 1787 1405
f 1787 1417 1418
f 1787 1418 1789
f 1803 1790 1789
f 1418 1803 1789
f 1420 1803 1418
f 1804 1420 1422
f 1804 1803 1420
f 1806 1805 1424
f 1805 1422 1424
f 1805 1804 1422
f 1808 1807 1806
f 1806 1807 1805
f 1808 1809 1807
f 1791 1425 1406
f 1810 1425 1791
f 1427 1794 1413
f 1794 1427 1429
f 1794 1429 1796
f 1796 1429 1431
f 1796 1431 1798
f 1798 1431 1433
f 1811 1798 1433
f 1800 1798 1811
f 1801 1800 1812
f 1800 1813 1812
f 1800 1811 1813
f 1815 1814 1813
f 1813 1814 1812
f 1815 1816 1814
f 1802 1435 1415
f 1817 1435 1802
f 1436 1806 1424
f 1806 1436 1437
f 1806 1437 1808
f 1818 1809 1808
f 1437 1818 1808
f 1439 1818 1437
f 1820 1819 1441
f 1819 1439 1441
f 1819 1818 1439
f 1822 1821 1820
f 1820 1821 1819
f 1822 1823 1821
f 1810 1442 1425
f 1824 1442 1810
f 1446 1811 1433
f 1811 1446 1448
f 1811 1448 1813
f 1813 1448 1450
f 1825 1813 1450
f 1815 1813 1825
f 1816 1815 1826
f 1815 1827 1826
f 1815 1825 1827
f 1817 1826 1827
f 1452 1817 1827
f 1435 1817 1452
f 1453 1820 1441
f 1820 1453 1454
f 1820 1454 1822
f 1828 1823 1822
f 1454 1828 1822
f 1456 1828 1454
f 1830 1829 1458
f 1829 1456 1458
f 1829 1828 1456
f 1832 1831 1830
f 1830 1831 1829
f 1832 1833 1831
f 1824 1459 1442
f 1834 1459 1824
f 1463 1825 1450
f 1825 1463 1465
f 1835 1825 1465
f 1827 1825 1835
f 1835 1466 1452
f 1835 1452 1827
f 1467 1830 1458
f 1830 1467 1468
f 1830 1468 1832
f 1837 1836 1470
f 1470 1836 1468
f 1836 1833 1468
f 1833 1832 1468
f 1839 1838 1837
f 1837 1838 1836
f 1839 1840 1838
f 1843 1842 1841
f 1845 1844 1841
f 1841 1844 1843
f 1845 1846 1844
f 1834 1471 1459
f 1847 1471 1834
f 1475 1848 1835
f 1475 1835 1465
f 1848 1476 1466
f 1848 1466 1835
f 1477 1837 1470
f 1837 1477 1479
f 1837 1479 1839
f 1849 1840 1839
f 1479 1849 1839
f 1481 1849 1479
f 1851 1850 1483
f 1850 1481 1483
f 1850 1849 1481
f 1851 1852 1850
f 1841 1842 1853
f 1853 1842 1854
f 1841 1855 1845
f 1841 1853 1855
f 1846 1845 1856
f 1845 1857 1856
f 1845 1855 1857
f 1857 1858 1856
f 1847 1484 1471
f 1859 1484 1847
f 1489 1848 1475
f 1848 1489 1476
f 1492 1851 1483
f 1861 1860 1494
f 1494 1860 1492
f 1860 1852 1492
f 1852 1851 1492
f 1863 1862 1861
f 1861 1862 1860
f 1862 1863 1854
f 1854 1863 1853
f 1863 1496 1853
f 1496 1497 1853
f 1853 1497 1498
f 1853 1498 1855
f 1855 1498 1500
f 1864 1855 1500
f 1857 1855 1864
f 1858 1857 1865
f 1865 1857 1864
f 1859 1502 1484
f 1866 1502 1859
f 1514 1867 1861
f 1514 1861 1494
f 1867 1516 1517
f 1863 1867 1517
f 1861 1867 1863
f 1863 1517 1496
f 1520 1868 1864
f 1520 1864 1500
f 1865 1864 1869
f 1869 1864 1868
f 1866 1870 1502
f 1502 1870 1521
f 1523 1521 1870
f 1523 1870 1871
f 1526 1872 1527
f 1873 1528 1527
f 1873 1527 1872
f 1874 1529 1528
f 1874 1528 1873
f 1875 1530 1529
f 1875 1529 1874
f 1876 1531 1530
f 1876 1530 1875
f 1877 1532 1531
f 1877 1531 1876
f 1532 1877 1878
f 1879 1532 1878
f 1533 1532 1879
f 1533 1880 1534
f 1879 1880 1533
f 1534 1881 1535
f 1880 1881 1534
f 1881 1883 1882
f 1536 1881 1882
f 1535 1881 1536
f 1884 1537 1536
f 1884 1536 1882
f 1885 1538 1537
f 1885 1537 1884
f 1886 1539 1538
f 1886 1538 1885
f 1887 1540 1539
f 1887 1539 1886
f 1887 1542 1540
f 1544 1888 1545
f 1888 1546 1545
f 1547 1889 1867
f 1547 1867 1514
f 1889 1549 1516
f 1889 1516 1867
f 1551 1868 1520
f 1551 1553 1868
f 1553 1869 1868
f 1553 1890 1869
f 1893 1892 1891
f 1895 1894 1891
f 1891 1894 1893
f 1895 1896 1894
f 1871 1897 1523
f 1523 1897 1554
f 1554 1898 1555
f 1897 1898 1554
f 1555 1899 1556
f 1898 1899 1555
f 1526 1556 1872
f 1556 1900 1872
f 1556 1899 1900
f 1872 1900 1873
f 1873 1900 1901
f 1873 1901 1874
f 1874 1901 1902
f 1874 1902 1875
f 1875 1902 1903
f 1875 1903 1876
f 1876 1903 1904
f 1876 1904 1877
f 1877 1904 1905
f 1877 1905 1878
f 1883 1906 1882
f 1882 1906 1884
f 1884 1906 1907
f 1884 1907 1885
f 1885 1907 1908
f 1885 1908 1886
f 1886 1908 1909
f 1886 1909 1887
f 1887 1909 1910
f 1887 1910 1542
f 1910 1557 1542
f 1910 1911 1557
f 1911 1913 1912
f 1558 1911 1912
f 1557 1911 1558
f 1561 1888 1544
f 1559 1558 1912
f 1888 1561 1546
f 1562 1914 1889
f 1562 1889 1547
f 1914 1563 1549
f 1914 1549 1889
f 1565 1916 1915
f 1890 1565 1915
f 1553 1565 1890
f 1915 1916 1892
f 1916 1891 1892
f 1916 1917 1891
f 1891 1918 1895
f 1891 1917 1918
f 1896 1895 1919
f 1895 1920 1919
f 1895 1918 1920
f 1920 1921 1919
f 1913 1922 1912
f 1922 1924 1923
f 1922 1923 1566
f 1912 1922 1566
f 1559 1912 1566
f 1923 1567 1566
f 1568 1914 1562
f 1914 1568 1563
f 1571 1916 1565
f 1916 1571 1573
f 1925 1916 1573
f 1917 1916 1925
f 1917 1926 1918
f 1917 1925 1926
f 1918 1927 1920
f 1918 1926 1927
f 1921 1920 1928
f 1920 1929 1928
f 1920 1927 1929
f 1929 1930 1928
f 1923 1924 1931
f 1931 1924 1932
f 1931 1574 1567
f 1931 1567 1923
f 1578 1933 1925
f 1578 1925 1573
f 1925 1934 1926
f 1925 1933 1934
f 1926 1935 1927
f 1926 1934 1935
f 1927 1936 1929
f 1927 1935 1936
f 1930 1929 1937
f 1937 1929 1936
f 1931 1932 1938
f 1938 1932 1939
f 1938 1579 1574
f 1938 1574 1931
f 1583 1940 1933
f 1583 1933 1578
f 1933 1941 1934
f 1933 1940 1941
f 1934 1942 1935
f 1934 1941 1942
f 1935 1943 1936
f 1935 1942 1943
f 1937 1936 1944
f 1944 1936 1943
f 1947 1946 1945
f 1947 1945 1939
f 1939 1945 1938
f 1945 1585 1938
f 1585 1586 1938
f 1938 1586 1579
f 1590 1948 1940
f 1590 1940 1583
f 1940 1949 1941
f 1940 1948 1949
f 1941 1950 1942
f 1941 1949 1950
f 1942 1951 1943
f 1942 1950 1951
f 1944 1943 1952
f 1952 1943 1951
f 1953 1592 1593
f 1594 1953 1593
f 1956 1955 1954
f 1956 1954 1946
f 1946 1954 1945
f 1954 1596 1945
f 1596 1597 1945
f 1945 1597 1585
f 1602 1957 1948
f 1602 1948 1590
f 1948 1958 1949
f 1948 1957 1958
f 1949 1959 1950
f 1949 1958 1959
f 1950 1960 1951
f 1950 1959 1960
f 1952 1951 1961
f 1961 1951 1960
f 1963 1962 1604
f 1604 1962 1603
f 1604 1592 1953
f 1964 1604 1953
f 1963 1604 1964
f 1964 1953 1594
f 1605 1964 1594
f 1965 1964 1605
f 1966 1605 1606
f 1966 1965 1605
f 1967 1606 1607
f 1967 1966 1606
f 1968 1607 1608
f 1968 1967 1607
f 1969 1608 1609
f 1969 1968 1608
f 1970 1609 1610
f 1970 1969 1609
f 1971 1610 1611
f 1971 1970 1610
f 1972 1611 1612
f 1972 1971 1611
f 1973 1612 1613
f 1973 1972 1612
f 1974 1613 1614
f 1974 1973 1613
f 1975 1614 1616
f 1975 1974 1614
f 1976 1616 1617
f 1976 1975 1616
f 1977 1617 1618
f 1977 1976 1617
f 1978 1618 1619
f 1978 1977 1618
f 1979 1619 1620
f 1979 1978 1619
f 1980 1620 1621
f 1980 1979 1620
f 1622 1954 1955
f 1980 1622 1955
f 1621 1622 1980
f 1954 1622 1596
f 1627 1981 1628
f 1957 1602 1628
f 1981 1957 1628
f 1982 1957 1981
f 1957 1983 1958
f 1957 1982 1983
f 1958 1984 1959
f 1958 1983 1984
f 1959 1985 1960
f 1959 1984 1985
f 1961 1960 1986
f 1986 1960 1985
f 1962 1629 1603
f 1987 1629 1962
f 1632 1988 1631
f 1988 1633 1631
f 1636 1989 1981
f 1636 1981 1627
f 1981 1990 1982
f 1981 1989 1990
f 1982 1991 1983
f 1982 1990 1991
f 1983 1992 1984
f 1983 1991 1992
f 1994 1985 1993
f 1985 1992 1993
f 1985 1984 1992
f 1985 1994 1986
f 1987 1637 1629
f 1995 1637 1987
f 1639 1996 1988
f 1639 1988 1632
f 1996 1641 1633
f 1996 1633 1988
f 1644 1997 1645
f 1989 1636 1645
f 1997 1989 1645
f 1998 1989 1997
f 2000 1990 1999
f 1990 1998 1999
f 1990 1989 1998
f 1990 2000 1991
f 1991 2000 2001
f 1991 2001 1992
f 1992 2001 2002
f 1992 2002 1993
f 1995 1646 1637
f 2003 1646 1995
f 1650 2004 1651
f 1996 1639 1651
f 2004 1996 1651
f 2005 1996 2004
f 2005 1653 1641
f 2005 1641 1996
f 1656 2006 1997
f 1656 1997 1644
f 2008 1998 2007
f 1998 2006 2007
f 1998 1997 2006
f 1998 2008 1999
f 2003 1657 1646
f 2009 1657 2003
f 1661 2010 1662
f 2004 1650 1662
f 2010 2004 1662
f 2011 2004 2010
f 2004 2012 2005
f 2004 2011 2012
f 2005 2012 1653
f 2012 2013 1653
f 2013 1663 1653
f 2012 2014 2013
f 2013 2016 2015
f 1664 2013 2015
f 1663 2013 1664
f 2017 1665 1664
f 2017 1664 2015
f 2006 1656 1665
f 2017 2006 1665
f 2018 2006 2017
f 2007 2006 2019
f 2019 2006 2018
f 2009 1666 1657
f 2020 1666 2009
f 1672 2021 1673
f 2022 1674 1673
f 2022 1673 2021
f 2022 2023 1674
f 1674 2023 1661
f 2023 2024 1661
f 2024 2010 1661
f 2010 2024 2011
f 2011 2024 2025
f 2011 2025 2012
f 2012 2025 2026
f 2012 2026 2014
f 2015 2016 2027
f 2027 2016 2028
f 2030 2017 2029
f 2017 2027 2029
f 2017 2015 2027
f 2017 2030 2018
f 2018 2030 2031
f 2018 2031 2019
f 2020 1675 1666
f 2032 1675 2020
f 1681 2033 1682
f 2034 1683 1682
f 2034 1682 2033
f 2034 2035 1683
f 1683 2035 1672
f 2035 2036 1672
f 2036 2021 1672
f 2021 2036 2022
f 2022 2036 2037
f 2022 2037 2023
f 2028 2038 2027
f 2027 2038 2029
f 2032 1684 1675
f 2039 1684 2032
f 1688 2040 1689
f 1689 2040 2041
f 2042 1689 2041
f 1690 1689 2042
f 1691 1690 2042
f 1691 2042 2043
f 1695 2044 1696
f 2045 1697 1696
f 2045 1696 2044
f 1697 2045 2046
f 2047 1697 2046
f 1698 1697 2047
f 1681 1698 2033
f 1698 2048 2033
f 1698 2047 2048
f 2033 2048 2034
f 2034 2048 2049
f 2034 2049 2035
f 2039 1700 1684
f 2050 1700 2039
f 1705 2051 1706
f 2052 1707 1706
f 2052 1706 2051
f 2053 1708 1707
f 2053 1707 2052
f 1708 2053 2054
f 2055 1708 2054
f 1709 1708 2055
f 1688 1709 2040
f 1709 2056 2040
f 1709 2055 2056
f 2040 2056 2041
f 2043 1711 1691
f 2057 1711 2043
f 1714 2058 1715
f 2059 1716 1715
f 2059 1715 2058
f 2060 1717 1716
f 2060 1716 2059
f 1717 2060 2061
f 2062 1717 2061
f 1718 1717 2062
f 1718 2063 1719
f 2062 2063 1718
f 1695 1719 2044
f 1719 2064 2044
f 1719 2063 2064
f 2044 2064 2045
f 2045 2064 2065
f 2045 2065 2046
f 1720 1700 2066
f 1700 2067 2066
f 1700 2050 2067
f 2066 1721 1720
f 1724 2068 1725
f 1725 2068 2069
f 2070 1725 2069
f 1726 1725 2070
f 1726 2071 1727
f 2070 2071 1726
f 1727 2072 1728
f 2071 2072 1727
f 1728 2073 1729
f 2072 2073 1728
f 1705 1729 2051
f 1729 2074 2051
f 1729 2073 2074
f 2051 2074 2052
f 2052 2074 2075
f 2052 2075 2053
f 2053 2075 2076
f 2053 2076 2054
f 1730 1711 2077
f 1711 2078 2077
f 1711 2057 2078
f 2077 1732 1730
f 1734 2079 1735
f 2080 1736 1735
f 2080 1735 2079
f 2081 1737 1736
f 2081 1736 2080
f 1737 2081 2082
f 2083 1737 2082
f 1738 1737 2083
f 1738 2084 1739
f 2083 2084 1738
f 1714 1739 2058
f 1739 2085 2058
f 1739 2084 2085
f 2058 2085 2059
f 2059 2085 2086
f 2059 2086 2060
f 2060 2086 2087
f 2060 2087 2061
f 2067 2088 2066
f 1721 2066 2088
f 2089 1721 2088
f 1741 1721 2089
f 1743 2090 1744
f 1744 2090 2091
f 2092 1744 2091
f 1745 1744 2092
f 1745 2093 1746
f 2092 2093 1745
f 1746 2094 1747
f 2093 2094 1746
f 1747 2095 1748
f 2094 2095 1747
f 1748 2096 1749
f 2095 2096 1748
f 1724 1749 2068
f 1749 2097 2068
f 1749 2096 2097
f 2068 2097 2069
f 2078 2098 2077
f 2077 2098 1732
f 2098 1750 1732
f 2098 2099 1750
f 1750 2100 1751
f 2099 2100 1750
f 1734 1751 2079
f 1751 2101 2079
f 1751 2100 2101
f 2079 2101 2080
f 2080 2101 2102
f 2080 2102 2081
f 2081 2102 2103
f 2081 2103 2082
f 2089 2104 1741
f 1741 2104 1752
f 1752 2105 1753
f 2104 2105 1752
f 1753 2106 1754
f 2105 2106 1753
f 1743 1754 2090
f 1754 2107 2090
f 1754 2106 2107
f 2090 2107 2091
f 2110 2109 2108
f 2112 2111 2108
f 2108 2111 2110
f 2114 2113 2112
f 2112 2113 2111
f 2114 2115 2113
f 2118 2117 2116
f 2118 2116 2109
f 2109 2116 2108
f 2116 1755 2108
f 1755 1756 2108
f 2108 1756 1757
f 2108 1757 2112
f 2112 1757 1758
f 2112 1758 2114
f 2119 2115 2114
f 1758 2119 2114
f 1759 2119 1758
f 2120 1759 1760
f 2120 2119 1759
f 2121 1760 1761
f 2121 2120 1760
f 2122 1761 1762
f 2122 2121 1761
f 2123 1762 1763
f 2123 2122 1762
f 2125 2124 1765
f 2124 1763 1765
f 2124 2123 1763
f 2127 2126 2125
f 2125 2126 2124
f 2127 2128 2126
f 2131 2130 2129
f 1767 1768 2129
f 1768 2131 2129
f 1768 2132 2131
f 2134 2133 1769
f 2133 1768 1769
f 2133 2132 1768
f 2136 2135 2134
f 2134 2135 2133
f 2136 2137 2135
f 2116 2117 1771
f 2117 1770 1771
f 2117 2138 1770
f 2116 1771 1755
f 1772 2125 1765
f 2125 1772 1773
f 2125 1773 2127
f 2139 2128 2127
f 1773 2139 2127
f 1774 2139 1773
f 2140 1774 1776
f 2140 2139 1774
f 2142 2141 1778
f 2141 1776 1778
f 2141 2140 1776
f 2144 2143 2142
f 2142 2143 2141
f 2144 2145 2143
f 2129 2130 1781
f 2130 1780 1781
f 2130 2146 1780
f 2129 1781 1767
f 1782 2134 1769
f 2134 1782 1783
f 2134 1783 2136
f 2147 2137 2136
f 1783 2147 2136
f 1784 2147 1783
f 2148 1784 1785
f 2148 2147 1784
f 2149 1785 1786
f 2149 2148 1785
f 2150 1786 1788
f 2150 2149 1786
f 2152 2151 1790
f 2151 1788 1790
f 2151 2150 1788
f 2154 2153 2152
f 2152 2153 2151
f 2154 2155 2153
f 2138 1791 1770
f 2156 1791 2138
f 1792 2142 1778
f 2142 1792 1793
f 2142 1793 2144
f 2157 2145 2144
f 1793 2157 2144
f 1795 2157 1793
f 2158 1795 1797
f 2158 2157 1795
f 2159 1797 1799
f 2159 2158 1797
f 2161 2160 1801
f 2160 1799 1801
f 2160 2159 1799
f 2161 2162 2160
f 2146 1802 1780
f 2163 1802 2146
f 1803 2152 1790
f 2152 1803 1804
f 2152 1804 2154
f 2164 2155 2154
f 1804 2164 2154
f 1805 2164 1804
f 2165 1805 1807
f 2165 2164 1805
f 2167 2166 1809
f 2166 1807 1809
f 2166 2165 1807
f 2169 2168 2167
f 2167 2168 2166
f 2169 2170 2168
f 2156 1810 1791
f 2171 1810 2156
f 1812 2161 1801
f 2172 2162 2161
f 1812 2172 2161
f 1814 2172 1812
f 2174 2173 1816
f 2173 1814 1816
f 2173 2172 1814
f 2163 2173 2174
f 1817 2163 2174
f 1802 2163 1817
f 1818 2167 1809
f 2167 1818 1819
f 2167 1819 2169
f 2175 2170 2169
f 1819 2175 2169
f 1821 2175 1819
f 2177 2176 1823
f 2176 1821 1823
f 2176 2175 1821
f 2179 2178 2177
f 2177 2178 2176
f 2179 2180 2178
f 2171 1824 1810
f 2181 1824 2171
f 1826 2174 1816
f 2174 1826 1817
f 1828 2177 1823
f 2177 1828 1829
f 2177 1829 2179
f 2182 2180 2179
f 1829 2182 2179
f 1831 2182 1829
f 2184 2183 1833
f 2183 1831 1833
f 2183 2182 1831
f 2186 2185 2184
f 2184 2185 2183
f 2186 2187 2185
f 2190 2189 2188
f 2192 2191 2188
f 2188 2191 2190
f 2192 2193 2191
f 2181 1834 1824
f 2194 1834 2181
f 1836 2184 1833
f 2184 1836 1838
f 2184 1838 2186
f 2196 2195 1840
f 1840 2195 1838
f 2195 2187 1838
f 2187 2186 1838
f 2196 2197 2195
f 2200 2199 2198
f 2202 2201 2198
f 2198 2201 2200
f 2201 2202 2189
f 2189 2202 2188
f 2202 1842 2188
f 1842 1843 2188
f 2188 1843 1844
f 2188 1844 2192
f 2204 2203 1846
f 1846 2203 1844
f 2203 2193 1844
f 2193 2192 1844
f 2204 2205 2203
f 2194 1847 1834
f 2206 1847 2194
f 1849 2196 1840
f 2207 2197 2196
f 1849 2207 2196
f 1850 2207 1849
f 2208 2198 1852
f 2198 2207 1852
f 2207 1850 1852
f 2198 2199 2207
f 2198 2209 2202
f 2198 2208 2209
f 2209 1854 1842
f 2209 1842 2202
f 1856 2204 1846
f 1856 1858 2204
f 1858 2205 2204
f 1858 2210 2205
f 2206 1859 1847
f 2211 1859 2206
f 1860 2208 1852
f 2208 1860 1862
f 2208 1862 2209
f 2209 1862 1854
f 1865 2213 2212
f 2210 1865 2212
f 1858 1865 2210
f 2215 2214 2213
f 2213 2214 2212
f 2217 2216 2215
f 2215 2216 2214
f 2219 2218 2217
f 2217 2218 2216
f 2219 2220 2218
f 2211 1866 1859
f 2221 1866 2211
f 1869 2222 2213
f 1869 2213 1865
f 2213 2223 2215
f 2213 2222 2223
f 2215 2224 2217
f 2215 2223 2224
f 2217 2225 2219
f 2217 2224 2225
f 2220 2219 2226
f 2219 2227 2226
f 2219 2225 2227
f 2229 2228 2227
f 2227 2228 2226
f 2229 2230 2228
f 2221 2231 1866
f 1866 2231 1870
f 1871 1870 2231
f 1871 2231 2232
f 2234 2233 1879
f 2234 1879 1878
f 2233 2236 2235
f 1880 2233 2235
f 1879 2233 1880
f 2237 1881 1880
f 2237 1880 2235
f 2237 1883 1881
f 1890 2238 2222
f 1890 2222 1869
f 2238 1892 1893
f 2223 2238 1893
f 2222 2238 2223
f 2223 1893 1894
f 2223 1894 2224
f 2224 1894 1896
f 2239 2224 1896
f 2225 2224 2239
f 2225 2240 2227
f 2225 2239 2240
f 2227 2241 2229
f 2227 2240 2241
f 2230 2229 2242
f 2229 2243 2242
f 2229 2241 2243
f 2243 2244 2242
f 2232 2245 1871
f 1871 2245 1897
f 1897 2246 1898
f 2245 2246 1897
f 1898 2247 1899
f 2246 2247 1898
f 1899 2248 1900
f 2247 2248 1899
f 1900 2249 1901
f 2248 2249 1900
f 1901 2250 1902
f 2249 2250 1901
f 1902 2251 1903
f 2250 2251 1902
f 1903 2252 1904
f 2251 2252 1903
f 1904 2253 1905
f 2252 2253 1904
f 1878 1905 2234
f 2234 1905 2253
f 2236 2254 2235
f 2235 2254 2237
f 2237 2254 2255
f 2237 2255 1883
f 2255 1906 1883
f 2255 2256 1906
f 1906 2257 1907
f 2256 2257 1906
f 1907 2258 1908
f 2257 2258 1907
f 1908 2259 1909
f 2258 2259 1908
f 1909 2260 1910
f 2259 2260 1909
f 2260 2262 2261
f 1911 2260 2261
f 1910 2260 1911
f 2261 1913 1911
f 1915 2238 1890
f 2238 1915 1892
f 1919 2239 1896
f 2239 1919 1921
f 2263 2239 1921
f 2240 2239 2263
f 2240 2264 2241
f 2240 2263 2264
f 2241 2265 2243
f 2241 2264 2265
f 2244 2243 2266
f 2243 2267 2266
f 2243 2265 2267
f 2267 2268 2266
f 2262 2269 2261
f 2269 2271 2270
f 2269 2270 1922
f 2261 2269 1922
f 1913 2261 1922
f 2270 1924 1922
f 1928 2263 1921
f 2263 1928 1930
f 2272 2263 1930
f 2264 2263 2272
f 2264 2273 2265
f 2264 2272 2273
f 2265 2274 2267
f 2265 2273 2274
f 2268 2267 2275
f 2267 2276 2275
f 2267 2274 2276
f 2276 2277 2275
f 2271 2278 2270
f 1924 2270 2278
f 2279 1924 2278
f 1932 1924 2279
f 1937 2280 2272
f 1937 2272 1930
f 2272 2281 2273
f 2272 2280 2281
f 2273 2282 2274
f 2273 2281 2282
f 2274 2283 2276
f 2274 2282 2283
f 2277 2276 2284
f 2284 2276 2283
f 2279 1939 1932
f 2285 1939 2279
f 1944 2286 2280
f 1944 2280 1937
f 2280 2287 2281
f 2280 2286 2287
f 2281 2288 2282
f 2281 2287 2288
f 2282 2289 2283
f 2282 2288 2289
f 2284 2283 2290
f 2290 2283 2289
f 2292 2291 1947
f 1947 2291 1946
f 1947 1939 2285
f 1947 2285 2292
f 1952 2293 2286
f 1952 2286 1944
f 2286 2294 2287
f 2286 2293 2294
f 2287 2295 2288
f 2287 2294 2295
f 2288 2296 2289
f 2288 2295 2296
f 2290 2289 2297
f 2297 2289 2296
f 2299 2298 1956
f 1956 2298 1955
f 1956 1946 2291
f 1956 2291 2299
f 1961 2300 2293
f 1961 2293 1952
f 2293 2301 2294
f 2293 2300 2301
f 2294 2302 2295
f 2294 2301 2302
f 2295 2303 2296
f 2295 2302 2303
f 2297 2296 2304
f 2304 2296 2303
f 2306 2305 1963
f 1963 2305 1962
f 2307 1963 1964
f 2307 2306 1963
f 2308 1964 1965
f 2308 2307 1964
f 2309 1965 1966
f 2309 2308 1965
f 2310 1966 1967
f 2310 2309 1966
f 2311 1967 1968
f 2311 2310 1967
f 2312 1968 1969
f 2312 2311 1968
f 2313 1969 1970
f 2313 2312 1969
f 2314 1970 1971
f 2314 2313 1970
f 2315 1971 1972
f 2315 2314 1971
f 2316 1972 1973
f 2316 2315 1972
f 2317 1973 1974
f 2317 2316 1973
f 2318 1974 1975
f 2318 2317 1974
f 2319 1975 1976
f 2319 2318 1975
f 2320 1976 1977
f 2320 2319 1976
f 2321 1977 1978
f 2321 2320 1977
f 2322 1978 1979
f 2322 2321 1978
f 2323 1979 1980
f 2323 2322 1979
f 1980 1955 2298
f 1980 2298 2323
f 1986 2324 2300
f 1986 2300 1961
f 2300 2325 2301
f 2300 2324 2325
f 2301 2326 2302
f 2301 2325 2326
f 2328 2303 2327
f 2303 2326 2327
f 2303 2302 2326
f 2303 2328 2304
f 2305 1987 1962
f 2329 1987 2305
f 1993 2330 1994
f 2324 1986 1994
f 2330 2324 1994
f 2331 2324 2330
f 2324 2332 2325
f 2324 2331 2332
f 2334 2326 2333
f 2326 2332 2333
f 2326 2325 2332
f 2326 2334 2327
f 2329 1995 1987
f 2335 1995 2329
f 1999 2336 2000
f 2337 2001 2000
f 2337 2000 2336
f 2338 2002 2001
f 2338 2001 2337
f 2330 1993 2002
f 2338 2330 2002
f 2339 2330 2338
f 2330 2340 2331
f 2330 2339 2340
f 2342 2332 2341
f 2332 2340 2341
f 2332 2331 2340
f 2332 2342 2333
f 2335 2003 1995
f 2343 2003 2335
f 2007 2344 2008
f 2336 1999 2008
f 2344 2336 2008
f 2345 2336 2344
f 2336 2346 2337
f 2336 2345 2346
f 2337 2347 2338
f 2337 2346 2347
f 2338 2348 2339
f 2338 2347 2348
f 2350 2340 2349
f 2340 2348 2349
f 2340 2339 2348
f 2340 2350 2341
f 2343 2009 2003
f 2351 2009 2343
f 2014 2352 2013
f 2352 2016 2013
f 2354 2353 2344
f 2007 2354 2344
f 2019 2354 2007
f 2356 2355 2353
f 2355 2344 2353
f 2355 2345 2344
f 2358 2346 2357
f 2346 2355 2357
f 2346 2345 2355
f 2346 2358 2347
f 2347 2358 2359
f 2347 2359 2348
f 2348 2359 2360
f 2348 2360 2349
f 2351 2020 2009
f 2361 2020 2351
f 2023 2362 2024
f 2363 2025 2024
f 2363 2024 2362
f 2364 2026 2025
f 2364 2025 2363
f 2352 2014 2026
f 2364 2352 2026
f 2365 2352 2364
f 2365 2028 2016
f 2365 2016 2352
f 2029 2366 2030
f 2367 2031 2030
f 2367 2030 2366
f 2367 2368 2031
f 2368 2019 2031
f 2368 2354 2019
f 2356 2369 2355
f 2355 2369 2357
f 2361 2032 2020
f 2370 2032 2361
f 2035 2371 2036
f 2372 2037 2036
f 2372 2036 2371
f 2362 2023 2037
f 2372 2362 2037
f 2373 2362 2372
f 2375 2363 2374
f 2363 2373 2374
f 2363 2362 2373
f 2363 2375 2364
f 2364 2375 2376
f 2364 2376 2365
f 2365 2376 2377
f 2377 2379 2378
f 2377 2378 2038
f 2365 2377 2038
f 2028 2365 2038
f 2378 2380 2038
f 2038 2380 2029
f 2380 2381 2029
f 2381 2366 2029
f 2366 2381 2367
f 2367 2381 2382
f 2367 2382 2368
f 2370 2039 2032
f 2383 2039 2370
f 2041 2384 2042
f 2384 2043 2042
f 2046 2385 2047
f 2386 2048 2047
f 2386 2047 2385
f 2048 2386 2387
f 2388 2048 2387
f 2049 2048 2388
f 2035 2049 2371
f 2049 2389 2371
f 2049 2388 2389
f 2371 2389 2372
f 2372 2389 2390
f 2372 2390 2373
f 2373 2390 2391
f 2373 2391 2374
f 2379 2392 2378
f 2378 2392 2380
f 2383 2050 2039
f 2393 2050 2383
f 2054 2394 2055
f 2055 2394 2395
f 2396 2055 2395
f 2056 2055 2396
f 2041 2056 2384
f 2056 2397 2384
f 2056 2396 2397
f 2043 2384 2397
f 2398 2043 2397
f 2057 2043 2398
f 2061 2399 2062
f 2062 2399 2400
f 2401 2062 2400
f 2063 2062 2401
f 2063 2402 2064
f 2401 2402 2063
f 2064 2403 2065
f 2402 2403 2064
f 2046 2065 2385
f 2065 2404 2385
f 2065 2403 2404
f 2385 2404 2386
f 2386 2404 2405
f 2386 2405 2387
f 2393 2067 2050
f 2406 2067 2393
f 2408 2407 2070
f 2408 2070 2069
f 2070 2409 2071
f 2407 2409 2070
f 2071 2410 2072
f 2409 2410 2071
f 2072 2411 2073
f 2410 2411 2072
f 2073 2412 2074
f 2411 2412 2073
f 2074 2413 2075
f 2412 2413 2074
f 2075 2414 2076
f 2413 2414 2075
f 2054 2076 2394
f 2076 2415 2394
f 2076 2414 2415
f 2394 2415 2395
f 2398 2078 2057
f 2416 2078 2398
f 2082 2417 2083
f 2083 2417 2418
f 2419 2083 2418
f 2084 2083 2419
f 2084 2420 2085
f 2419 2420 2084
f 2085 2421 2086
f 2420 2421 2085
f 2086 2422 2087
f 2421 2422 2086
f 2061 2087 2399
f 2087 2423 2399
f 2087 2422 2423
f 2399 2423 2400
f 2406 2424 2067
f 2067 2424 2088
f 2089 2088 2424
f 2089 2424 2425
f 2091 2426 2092
f 2092 2426 2427
f 2428 2092 2427
f 2093 2092 2428
f 2093 2429 2094
f 2428 2429 2093
f 2094 2430 2095
f 2429 2430 2094
f 2095 2431 2096
f 2430 2431 2095
f 2096 2432 2097
f 2431 2432 2096
f 2069 2097 2408
f 2408 2097 2432
f 2416 2433 2078
f 2078 2433 2098
f 2098 2434 2099
f 2433 2434 2098
f 2099 2435 2100
f 2434 2435 2099
f 2100 2436 2101
f 2435 2436 2100
f 2101 2437 2102
f 2436 2437 2101
f 2102 2438 2103
f 2437 2438 2102
f 2082 2103 2417
f 2103 2439 2417
f 2103 2438 2439
f 2417 2439 2418
f 2425 2440 2089
f 2089 2440 2104
f 2104 2441 2105
f 2440 2441 2104
f 2105 2442 2106
f 2441 2442 2105
f 2106 2443 2107
f 2442 2443 2106
f 2091 2107 2426
f 2107 2444 2426
f 2107 2443 2444
f 2426 2444 2427
f 2446 2445 2110
f 2110 2445 2109
f 2448 2446 2447
f 2446 2111 2447
f 2446 2110 2111
f 2447 2111 2449
f 2111 2450 2449
f 2111 2113 2450
f 2113 2115 2450
f 2450 2115 2451
f 2453 2452 2118
f 2118 2452 2117
f 2118 2109 2445
f 2118 2445 2453
f 2454 2448 2447
f 2454 2447 2449
f 2455 2451 2115
f 2455 2115 2119
f 2456 2119 2120
f 2456 2455 2119
f 2457 2120 2121
f 2457 2456 2120
f 2458 2121 2122
f 2458 2457 2121
f 2459 2122 2123
f 2459 2458 2122
f 2460 2123 2124
f 2460 2459 2123
f 2462 2460 2461
f 2460 2126 2461
f 2460 2124 2126
f 2128 2461 2126
f 2464 2463 2131
f 2131 2463 2130
f 2465 2131 2132
f 2465 2464 2131
f 2466 2132 2133
f 2466 2465 2132
f 2467 2133 2135
f 2467 2466 2133
f 2469 2468 2137
f 2468 2135 2137
f 2468 2467 2135
f 2469 2470 2468
f 2452 2138 2117
f 2471 2138 2452
f 2472 2462 2461
f 2472 2461 2128
f 2139 2472 2128
f 2473 2472 2139
f 2474 2139 2140
f 2474 2473 2139
f 2475 2140 2141
f 2475 2474 2140
f 2476 2141 2143
f 2476 2475 2141
f 2478 2477 2145
f 2477 2143 2145
f 2477 2476 2143
f 2478 2479 2477
f 2463 2146 2130
f 2480 2146 2463
f 2147 2469 2137
f 2481 2470 2469
f 2147 2481 2469
f 2148 2481 2147
f 2482 2148 2149
f 2482 2481 2148
f 2483 2149 2150
f 2483 2482 2149
f 2484 2150 2151
f 2484 2483 2150
f 2485 2151 2153
f 2485 2484 2151
f 2487 2486 2155
f 2486 2153 2155
f 2486 2485 2153
f 2487 2488 2486
f 2471 2156 2138
f 2489 2156 2471
f 2157 2478 2145
f 2490 2479 2478
f 2157 2490 2478
f 2158 2490 2157
f 2491 2158 2159
f 2491 2490 2158
f 2492 2159 2160
f 2492 2491 2159
f 2494 2493 2162
f 2493 2160 2162
f 2493 2492 2160
f 2494 2495 2493
f 2480 2163 2146
f 2496 2163 2480
f 2164 2487 2155
f 2497 2488 2487
f 2164 2497 2487
f 2165 2497 2164
f 2498 2165 2166
f 2498 2497 2165
f 2499 2166 2168
f 2499 2498 2166
f 2168 2170 2499
f 2499 2170 2500
f 2489 2171 2156
f 2501 2171 2489
f 2172 2494 2162
f 2502 2495 2494
f 2172 2502 2494
f 2173 2502 2172
f 2173 2163 2496
f 2173 2496 2502
f 2503 2500 2170
f 2503 2170 2175
f 2504 2175 2176
f 2504 2503 2175
f 2505 2176 2178
f 2505 2504 2176
f 2507 2506 2180
f 2506 2178 2180
f 2506 2505 2178
f 2507 2508 2506
f 2511 2510 2509
f 2509 2512 2511
f 2501 2181 2171
f 2513 2181 2501
f 2182 2507 2180
f 2514 2508 2507
f 2182 2514 2507
f 2183 2514 2182
f 2515 2183 2185
f 2515 2514 2183
f 2517 2516 2187
f 2516 2185 2187
f 2516 2515 2185
f 2517 2518 2516
f 2521 2520 2519
f 2523 2522 2519
f 2519 2522 2521
f 2522 2523 2510
f 2510 2523 2509
f 2523 2189 2509
f 2189 2190 2509
f 2524 2512 2509
f 2190 2524 2509
f 2191 2524 2190
f 2526 2525 2193
f 2525 2191 2193
f 2525 2524 2191
f 2526 2527 2525
f 2513 2194 2181
f 2528 2194 2513
f 2195 2517 2187
f 2530 2529 2197
f 2197 2529 2195
f 2529 2518 2195
f 2518 2517 2195
f 2529 2530 2520
f 2520 2530 2519
f 2530 2199 2519
f 2199 2200 2519
f 2519 2200 2201
f 2519 2201 2523
f 2523 2201 2189
f 2203 2526 2193
f 2532 2531 2205
f 2205 2531 2203
f 2531 2527 2203
f 2527 2526 2203
f 2534 2533 2532
f 2532 2533 2531
f 2536 2535 2534
f 2534 2535 2533
f 2538 2537 2536
f 2536 2537 2535
f 2538 2539 2537
f 2528 2206 2194
f 2540 2206 2528
f 2207 2530 2197
f 2530 2207 2199
f 2210 2541 2532
f 2210 2532 2205
f 2532 2542 2534
f 2532 2541 2542
f 2534 2543 2536
f 2534 2542 2543
f 2536 2544 2538
f 2536 2543 2544
f 2539 2538 2545
f 2538 2546 2545
f 2538 2544 2546
f 2548 2547 2546
f 2546 2547 2545
f 2548 2549 2547
f 2540 2211 2206
f 2550 2211 2540
f 2212 2541 2210
f 2541 2212 2214
f 2541 2214 2542
f 2542 2214 2216
f 2542 2216 2543
f 2543 2216 2218
f 2543 2218 2544
f 2544 2218 2220
f 2551 2544 2220
f 2546 2544 2551
f 2546 2552 2548
f 2546 2551 2552
f 2549 2548 2553
f 2548 2554 2553
f 2548 2552 2554
f 2556 2555 2554
f 2554 2555 2553
f 2556 2557 2555
f 2550 2221 2211
f 2558 2221 2550
f 2226 2551 2220
f 2551 2226 2228
f 2551 2228 2552
f 2552 2228 2230
f 2559 2552 2230
f 2554 2552 2559
f 2554 2560 2556
f 2554 2559 2560
f 2557 2556 2561
f 2556 2562 2561
f 2556 2560 2562
f 2562 2563 2561
f 2231 2221 2564
f 2221 2565 2564
f 2221 2558 2565
f 2564 2232 2231
f 2567 2566 2233
f 2567 2233 2234
f 2236 2233 2566
f 2236 2566 2568
f 2242 2559 2230
f 2559 2242 2244
f 2569 2559 2244
f 2560 2559 2569
f 2560 2570 2562
f 2560 2569 2570
f 2563 2562 2571
f 2562 2572 2571
f 2562 2570 2572
f 2572 2573 2571
f 2565 2574 2564
f 2564 2574 2232
f 2574 2245 2232
f 2574 2575 2245
f 2245 2576 2246
f 2575 2576 2245
f 2246 2577 2247
f 2576 2577 2246
f 2247 2578 2248
f 2577 2578 2247
f 2248 2579 2249
f 2578 2579 2248
f 2249 2580 2250
f 2579 2580 2249
f 2250 2581 2251
f 2580 2581 2250
f 2251 2582 2252
f 2581 2582 2251
f 2252 2583 2253
f 2582 2583 2252
f 2234 2253 2567
f 2567 2253 2583
f 2568 2584 2236
f 2236 2584 2254
f 2254 2585 2255
f 2584 2585 2254
f 2255 2586 2256
f 2585 2586 2255
f 2256 2587 2257
f 2586 2587 2256
f 2257 2588 2258
f 2587 2588 2257
f 2258 2589 2259
f 2588 2589 2258
f 2589 2591 2590
f 2260 2589 2590
f 2259 2589 2260
f 2590 2262 2260
f 2266 2569 2244
f 2569 2266 2268
f 2592 2569 2268
f 2570 2569 2592
f 2570 2593 2572
f 2570 2592 2593
f 2573 2572 2594
f 2572 2595 2594
f 2572 2593 2595
f 2595 2596 2594
f 2591 2597 2590
f 2590 2597 2262
f 2597 2269 2262
f 2597 2598 2269
f 2271 2269 2598
f 2271 2598 2599
f 2275 2592 2268
f 2592 2275 2277
f 2600 2592 2277
f 2593 2592 2600
f 2593 2601 2595
f 2593 2600 2601
f 2596 2595 2602
f 2602 2595 2601
f 2278 2271 2603
f 2271 2604 2603
f 2271 2599 2604
f 2603 2279 2278
f 2284 2605 2600
f 2284 2600 2277
f 2600 2606 2601
f 2600 2605 2606
f 2602 2601 2607
f 2607 2601 2606
f 2603 2604 2608
f 2608 2604 2609
f 2608 2285 2279
f 2608 2279 2603
f 2290 2610 2605
f 2290 2605 2284
f 2605 2611 2606
f 2605 2610 2611
f 2607 2606 2612
f 2612 2606 2611
f 2608 2609 2292
f 2609 2291 2292
f 2609 2613 2291
f 2608 2292 2285
f 2297 2614 2610
f 2297 2610 2290
f 2610 2615 2611
f 2610 2614 2615
f 2612 2611 2616
f 2616 2611 2615
f 2618 2617 2299
f 2299 2617 2298
f 2299 2291 2613
f 2299 2613 2618
f 2304 2619 2614
f 2304 2614 2297
f 2614 2620 2615
f 2614 2619 2620
f 2616 2615 2621
f 2621 2615 2620
f 2623 2622 2306
f 2306 2622 2305
f 2624 2306 2307
f 2624 2623 2306
f 2625 2307 2308
f 2625 2624 2307
f 2626 2308 2309
f 2626 2625 2308
f 2627 2309 2310
f 2627 2626 2309
f 2628 2310 2311
f 2628 2627 2310
f 2629 2311 2312
f 2629 2628 2311
f 2630 2312 2313
f 2630 2629 2312
f 2631 2313 2314
f 2631 2630 2313
f 2632 2314 2315
f 2632 2631 2314
f 2633 2315 2316
f 2633 2632 2315
f 2634 2316 2317
f 2634 2633 2316
f 2635 2317 2318
f 2635 2634 2317
f 2636 2318 2319
f 2636 2635 2318
f 2637 2319 2320
f 2637 2636 2319
f 2638 2320 2321
f 2638 2637 2320
f 2639 2321 2322
f 2639 2638 2321
f 2640 2322 2323
f 2640 2639 2322
f 2323 2298 2617
f 2323 2617 2640
f 2327 2641 2328
f 2619 2304 2328
f 2641 2619 2328
f 2642 2619 2641
f 2619 2643 2620
f 2619 2642 2643
f 2621 2620 2644
f 2644 2620 2643
f 2622 2329 2305
f 2645 2329 2622
f 2333 2646 2334
f 2641 2327 2334
f 2646 2641 2334
f 2647 2641 2646
f 2641 2648 2642
f 2641 2647 2648
f 2650 2643 2649
f 2643 2648 2649
f 2643 2642 2648
f 2643 2650 2644
f 2645 2335 2329
f 2651 2335 2645
f 2341 2652 2342
f 2646 2333 2342
f 2652 2646 2342
f 2653 2646 2652
f 2646 2654 2647
f 2646 2653 2654
f 2656 2648 2655
f 2648 2654 2655
f 2648 2647 2654
f 2648 2656 2649
f 2651 2343 2335
f 2657 2343 2651
f 2349 2658 2350
f 2652 2341 2350
f 2658 2652 2350
f 2659 2652 2658
f 2661 2653 2660
f 2653 2659 2660
f 2653 2652 2659
f 2653 2661 2654
f 2654 2661 2662
f 2654 2662 2655
f 2657 2351 2343
f 2663 2351 2657
f 2354 2664 2353
f 2664 2356 2353
f 2357 2665 2358
f 2666 2359 2358
f 2666 2358 2665
f 2667 2360 2359
f 2667 2359 2666
f 2658 2349 2360
f 2667 2658 2360
f 2668 2658 2667
f 2670 2659 2669
f 2659 2668 2669
f 2659 2658 2668
f 2659 2670 2660
f 2663 2361 2351
f 2671 2361 2663
f 2368 2672 2664
f 2368 2664 2354
f 2673 2369 2356
f 2664 2673 2356
f 2672 2673 2664
f 2665 2357 2369
f 2673 2665 2369
f 2674 2665 2673
f 2665 2675 2666
f 2665 2674 2675
f 2666 2676 2667
f 2666 2675 2676
f 2678 2668 2677
f 2668 2676 2677
f 2668 2667 2676
f 2668 2678 2669
f 2671 2370 2361
f 2679 2370 2671
f 2681 2680 2375
f 2681 2375 2374
f 2680 2683 2682
f 2376 2680 2682
f 2375 2680 2376
f 2684 2377 2376
f 2684 2376 2682
f 2684 2379 2377
f 2380 2685 2381
f 2686 2382 2381
f 2686 2381 2685
f 2686 2687 2382
f 2382 2687 2368
f 2687 2688 2368
f 2688 2672 2368
f 2672 2688 2673
f 2673 2688 2689
f 2673 2689 2674
f 2674 2689 2690
f 2674 2690 2675
f 2675 2690 2691
f 2675 2691 2676
f 2676 2691 2692
f 2676 2692 2677
f 2679 2383 2370
f 2693 2383 2679
f 2387 2694 2388
f 2388 2694 2695
f 2696 2388 2695
f 2389 2388 2696
f 2389 2697 2390
f 2696 2697 2389
f 2390 2698 2391
f 2697 2698 2390
f 2374 2391 2681
f 2681 2391 2698
f 2683 2699 2682
f 2682 2699 2684
f 2684 2699 2700
f 2684 2700 2379
f 2700 2392 2379
f 2700 2701 2392
f 2380 2392 2685
f 2392 2702 2685
f 2392 2701 2702
f 2685 2702 2686
f 2686 2702 2703
f 2686 2703 2687
f 2693 2393 2383
f 2704 2393 2693
f 2706 2705 2396
f 2706 2396 2395
f 2396 2707 2397
f 2705 2707 2396
f 2398 2397 2707
f 2398 2707 2708
f 2400 2709 2401
f 2710 2402 2401
f 2710 2401 2709
f 2402 2710 2711
f 2712 2402 2711
f 2403 2402 2712
f 2403 2713 2404
f 2712 2713 2403
f 2404 2714 2405
f 2713 2714 2404
f 2387 2405 2694
f 2405 2715 2694
f 2405 2714 2715
f 2694 2715 2695
f 2704 2406 2393
f 2716 2406 2704
f 2718 2717 2407
f 2718 2407 2408
f 2407 2719 2409
f 2717 2719 2407
f 2409 2720 2410
f 2719 2720 2409
f 2410 2721 2411
f 2720 2721 2410
f 2411 2722 2412
f 2721 2722 2411
f 2412 2723 2413
f 2722 2723 2412
f 2413 2724 2414
f 2723 2724 2413
f 2414 2725 2415
f 2724 2725 2414
f 2395 2415 2706
f 2706 2415 2725
f 2708 2416 2398
f 2726 2416 2708
f 2418 2727 2419
f 2728 2420 2419
f 2728 2419 2727
f 2729 2421 2420
f 2729 2420 2728
f 2421 2729 2730
f 2731 2421 2730
f 2422 2421 2731
f 2422 2732 2423
f 2731 2732 2422
f 2400 2423 2709
f 2423 2733 2709
f 2423 2732 2733
f 2709 2733 2710
f 2710 2733 2734
f 2710 2734 2711
f 2716 2735 2406
f 2406 2735 2424
f 2425 2424 2735
f 2425 2735 2736
f 2738 2737 2428
f 2738 2428 2427
f 2428 2739 2429
f 2737 2739 2428
f 2429 2740 2430
f 2739 2740 2429
f 2430 2741 2431
f 2740 2741 2430
f 2431 2742 2432
f 2741 2742 2431
f 2408 2432 2718
f 2718 2432 2742
f 2433 2416 2743
f 2416 2744 2743
f 2416 2726 2744
f 2745 2434 2433
f 2745 2433 2743
f 2434 2745 2746
f 2747 2434 2746
f 2435 2434 2747
f 2435 2748 2436
f 2747 2748 2435
f 2436 2749 2437
f 2748 2749 2436
f 2437 2750 2438
f 2749 2750 2437
f 2438 2751 2439
f 2750 2751 2438
f 2418 2439 2727
f 2439 2752 2727
f 2439 2751 2752
f 2727 2752 2728
f 2728 2752 2753
f 2728 2753 2729
f 2729 2753 2754
f 2729 2754 2730
f 2736 2755 2425
f 2425 2755 2440
f 2440 2756 2441
f 2755 2756 2440
f 2441 2757 2442
f 2756 2757 2441
f 2442 2758 2443
f 2757 2758 2442
f 2443 2759 2444
f 2758 2759 2443
f 2427 2444 2738
f 2738 2444 2759
f 2744 2760 2743
f 2743 2760 2745
f 2745 2760 2761
f 2745 2761 2746
f 2763 2762 2446
f 2446 2762 2445
f 2446 2448 2763
f 2763 2448 2764
f 2765 2449 2450
f 2451 2765 2450
f 2767 2766 2453
f 2453 2766 2452
f 2453 2445 2762
f 2453 2762 2767
f 2768 2764 2448
f 2768 2448 2454
f 2454 2449 2765
f 2769 2454 2765
f 2768 2454 2769
f 2769 2765 2451
f 2455 2769 2451
f 2770 2769 2455
f 2771 2455 2456
f 2771 2770 2455
f 2772 2456 2457
f 2772 2771 2456
f 2773 2457 2458
f 2773 2772 2457
f 2774 2458 2459
f 2774 2773 2458
f 2775 2459 2460
f 2775 2774 2459
f 2460 2462 2775
f 2775 2462 2776
f 2778 2777 2464
f 2464 2777 2463
f 2779 2464 2465
f 2779 2778 2464
f 2780 2465 2466
f 2780 2779 2465
f 2781 2466 2467
f 2781 2780 2466
f 2782 2467 2468
f 2782 2781 2467
f 2468 2470 2782
f 2782 2470 2783
f 2766 2471 2452
f 2784 2471 2766
f 2785 2776 2462
f 2785 2462 2472
f 2786 2472 2473
f 2786 2785 2472
f 2787 2473 2474
f 2787 2786 2473
f 2788 2474 2475
f 2788 2787 2474
f 2789 2475 2476
f 2789 2788 2475
f 2790 2476 2477
f 2790 2789 2476
f 2792 2791 2479
f 2791 2477 2479
f 2791 2790 2477
f 2792 2793 2791
f 2777 2480 2463
f 2794 2480 2777
f 2795 2783 2470
f 2795 2470 2481
f 2796 2481 2482
f 2796 2795 2481
f 2797 2482 2483
f 2797 2796 2482
f 2798 2483 2484
f 2798 2797 2483
f 2799 2484 2485
f 2799 2798 2484
f 2800 2485 2486
f 2800 2799 2485
f 2486 2488 2800
f 2800 2488 2801
f 2784 2489 2471
f 2802 2489 2784
f 2490 2792 2479
f 2803 2793 2792
f 2490 2803 2792
f 2491 2803 2490
f 2804 2491 2492
f 2804 2803 2491
f 2805 2492 2493
f 2805 2804 2492
f 2807 2806 2495
f 2806 2493 2495
f 2806 2805 2493
f 2794 2806 2807
f 2496 2794 2807
f 2480 2794 2496
f 2808 2801 2488
f 2808 2488 2497
f 2809 2497 2498
f 2809 2808 2497
f 2810 2498 2499
f 2810 2809 2498
f 2499 2500 2810
f 2810 2500 2811
f 2802 2501 2489
f 2812 2501 2802
f 2502 2807 2495
f 2807 2502 2496
f 2813 2811 2500
f 2813 2500 2503
f 2814 2503 2504
f 2814 2813 2503
f 2815 2504 2505
f 2815 2814 2504
f 2816 2505 2506
f 2816 2815 2505
f 2818 2817 2508
f 2817 2506 2508
f 2817 2816 2506
f 2818 2819 2817
f 2822 2821 2820
f 2510 2511 2820
f 2511 2822 2820
f 2511 2823 2822
f 2825 2824 2512
f 2824 2511 2512
f 2824 2823 2511
f 2825 2826 2824
f 2812 2513 2501
f 2827 2513 2812
f 2514 2818 2508
f 2828 2819 2818
f 2514 2828 2818
f 2515 2828 2514
f 2829 2515 2516
f 2829 2828 2515
f 2516 2518 2829
f 2829 2518 2830
f 2832 2831 2521
f 2521 2831 2520
f 2522 2820 2821
f 2832 2522 2821
f 2521 2522 2832
f 2820 2522 2510
f 2524 2825 2512
f 2833 2826 2825
f 2524 2833 2825
f 2525 2833 2524
f 2835 2834 2527
f 2834 2525 2527
f 2834 2833 2525
f 2837 2836 2835
f 2835 2836 2834
f 2839 2838 2837
f 2837 2838 2836
f 2841 2840 2839
f 2839 2840 2838
f 2841 2842 2840
f 2827 2528 2513
f 2843 2528 2827
f 2844 2830 2518
f 2844 2518 2529
f 2529 2520 2831
f 2529 2831 2844
f 2531 2835 2527
f 2835 2531 2533
f 2835 2533 2837
f 2837 2533 2535
f 2837 2535 2839
f 2839 2535 2537
f 2839 2537 2841
f 2846 2845 2539
f 2539 2845 2537
f 2845 2842 2537
f 2842 2841 2537
f 2848 2847 2846
f 2846 2847 2845
f 2850 2849 2848
f 2848 2849 2847
f 2850 2851 2849
f 2843 2540 2528
f 2852 2540 2843
f 2545 2846 2539
f 2846 2545 2547
f 2846 2547 2848
f 2848 2547 2549
f 2853 2848 2549
f 2850 2848 2853
f 2851 2850 2854
f 2850 2855 2854
f 2850 2853 2855
f 2855 2856 2854
f 2852 2550 2540
f 2857 2550 2852
f 2553 2853 2549
f 2853 2553 2555
f 2853 2555 2855
f 2859 2858 2557
f 2557 2858 2555
f 2858 2856 2555
f 2856 2855 2555
f 2861 2860 2859
f 2859 2860 2858
f 2861 2862 2860
f 2857 2558 2550
f 2863 2558 2857
f 2561 2859 2557
f 2859 2561 2563
f 2864 2859 2563
f 2861 2859 2864
f 2862 2861 2865
f 2861 2866 2865
f 2861 2864 2866
f 2866 2867 2865
f 2863 2565 2558
f 2868 2565 2863
f 2567 2869 2566
f 2869 2568 2566
f 2571 2864 2563
f 2864 2571 2573
f 2870 2864 2573
f 2866 2864 2870
f 2867 2866 2871
f 2871 2866 2870
f 2868 2872 2565
f 2565 2872 2574
f 2574 2873 2575
f 2872 2873 2574
f 2575 2874 2576
f 2873 2874 2575
f 2576 2875 2577
f 2874 2875 2576
f 2577 2876 2578
f 2875 2876 2577
f 2578 2877 2579
f 2876 2877 2578
f 2579 2878 2580
f 2877 2878 2579
f 2580 2879 2581
f 2878 2879 2580
f 2581 2880 2582
f 2879 2880 2581
f 2582 2881 2583
f 2880 2881 2582
f 2567 2583 2869
f 2583 2882 2869
f 2583 2881 2882
f 2869 2882 2568
f 2882 2584 2568
f 2882 2883 2584
f 2584 2884 2585
f 2883 2884 2584
f 2585 2885 2586
f 2884 2885 2585
f 2586 2886 2587
f 2885 2886 2586
f 2587 2887 2588
f 2886 2887 2587
f 2887 2889 2888
f 2589 2887 2888
f 2588 2887 2589
f 2888 2591 2589
f 2594 2870 2573
f 2891 2890 2596
f 2596 2890 2594
f 2890 2871 2594
f 2871 2870 2594
f 2891 2892 2890
f 2889 2893 2888
f 2888 2893 2591
f 2893 2597 2591
f 2893 2894 2597
f 2597 2895 2598
f 2894 2895 2597
f 2599 2598 2895
f 2599 2895 2896
f 2602 2897 2891
f 2602 2891 2596
f 2892 2891 2898
f 2898 2891 2897
f 2896 2604 2599
f 2899 2604 2896
f 2607 2900 2897
f 2607 2897 2602
f 2898 2897 2901
f 2901 2897 2900
f 2899 2609 2604
f 2902 2609 2899
f 2612 2903 2900
f 2612 2900 2607
f 2901 2900 2904
f 2900 2905 2904
f 2900 2903 2905
f 2905 2906 2904
f 2902 2613 2609
f 2907 2613 2902
f 2616 2908 2903
f 2616 2903 2612
f 2910 2905 2909
f 2905 2908 2909
f 2905 2903 2908
f 2905 2910 2906
f 2913 2912 2911
f 2617 2618 2911
f 2618 2913 2911
f 2618 2914 2913
f 2618 2613 2907
f 2618 2907 2914
f 2621 2915 2908
f 2621 2908 2616
f 2909 2908 2916
f 2916 2908 2915
f 2917 2622 2623
f 2917 2623 2918
f 2623 2919 2918
f 2623 2624 2919
f 2920 2624 2625
f 2920 2919 2624
f 2921 2625 2626
f 2921 2920 2625
f 2922 2626 2627
f 2922 2921 2626
f 2923 2627 2628
f 2923 2922 2627
f 2924 2628 2629
f 2924 2923 2628
f 2925 2629 2630
f 2925 2924 2629
f 2926 2630 2631
f 2926 2925 2630
f 2928 2926 2927
f 2926 2632 2927
f 2926 2631 2632
f 2633 2929 2632
f 2632 2929 2927
f 2929 2633 2930
f 2633 2931 2930
f 2633 2634 2931
f 2932 2634 2635
f 2932 2931 2634
f 2933 2635 2636
f 2933 2932 2635
f 2934 2636 2637
f 2934 2933 2636
f 2935 2637 2638
f 2935 2934 2637
f 2936 2638 2639
f 2936 2935 2638
f 2640 2911 2912
f 2936 2640 2912
f 2639 2640 2936
f 2911 2640 2617
f 2644 2937 2915
f 2644 2915 2621
f 2916 2915 2938
f 2938 2915 2937
f 2940 2939 2917
f 2939 2622 2917
f 2939 2645 2622
f 2940 2917 2918
f 2941 2928 2927
f 2941 2927 2929
f 2941 2929 2942
f 2942 2929 2930
f 2649 2943 2650
f 2943 2944 2650
f 2650 2944 2644
f 2944 2945 2644
f 2945 2937 2644
f 2937 2945 2938
f 2939 2651 2645
f 2946 2651 2939
f 2655 2947 2656
f 2943 2649 2656
f 2947 2943 2656
f 2948 2943 2947
f 2944 2943 2949
f 2949 2943 2948
f 2946 2657 2651
f 2950 2657 2946
f 2660 2951 2661
f 2952 2662 2661
f 2952 2661 2951
f 2952 2953 2662
f 2662 2953 2655
f 2953 2954 2655
f 2954 2947 2655
f 2947 2954 2948
f 2948 2954 2955
f 2948 2955 2949
f 2950 2663 2657
f 2956 2663 2950
f 2669 2957 2670
f 2951 2660 2670
f 2957 2951 2670
f 2958 2951 2957
f 2960 2952 2959
f 2952 2958 2959
f 2952 2951 2958
f 2952 2960 2953
f 2956 2671 2663
f 2961 2671 2956
f 2677 2962 2678
f 2962 2963 2678
f 2678 2963 2669
f 2963 2964 2669
f 2964 2957 2669
f 2957 2964 2958
f 2958 2964 2965
f 2958 2965 2959
f 2961 2679 2671
f 2966 2679 2961
f 2681 2967 2680
f 2967 2683 2680
f 2687 2968 2688
f 2969 2689 2688
f 2969 2688 2968
f 2970 2690 2689
f 2970 2689 2969
f 2971 2691 2690
f 2971 2690 2970
f 2691 2971 2972
f 2973 2691 2972
f 2692 2691 2973
f 2677 2692 2962
f 2692 2974 2962
f 2692 2973 2974
f 2962 2974 2963
f 2966 2693 2679
f 2975 2693 2966
f 2695 2976 2696
f 2696 2976 2977
f 2978 2696 2977
f 2697 2696 2978
f 2697 2979 2698
f 2978 2979 2697
f 2681 2698 2967
f 2698 2980 2967
f 2698 2979 2980
f 2967 2980 2683
f 2980 2699 2683
f 2980 2981 2699
f 2699 2982 2700
f 2981 2982 2699
f 2982 2984 2983
f 2701 2982 2983
f 2700 2982 2701
f 2701 2983 2985
f 2986 2701 2985
f 2702 2701 2986
f 2702 2987 2703
f 2986 2987 2702
f 2687 2703 2968
f 2703 2988 2968
f 2703 2987 2988
f 2968 2988 2969
f 2969 2988 2989
f 2969 2989 2970
f 2970 2989 2990
f 2970 2990 2971
f 2971 2990 2991
f 2971 2991 2972
f 2975 2704 2693
f 2992 2704 2975
f 2994 2993 2705
f 2994 2705 2706
f 2993 2996 2995
f 2707 2993 2995
f 2705 2993 2707
f 2995 2708 2707
f 2711 2997 2712
f 2712 2997 2998
f 2999 2712 2998
f 2713 2712 2999
f 2713 3000 2714
f 2999 3000 2713
f 2714 3001 2715
f 3000 3001 2714
f 2695 2715 2976
f 2715 3002 2976
f 2715 3001 3002
f 2976 3002 2977
f 2984 3003 2983
f 2983 3003 2985
f 2992 2716 2704
f 3004 2716 2992
f 3007 3006 3005
f 3009 3008 3005
f 3009 3005 3006
f 2717 2718 3008
f 3009 2717 3008
f 3010 2717 3009
f 2717 3011 2719
f 3010 3011 2717
f 2719 3012 2720
f 3011 3012 2719
f 2720 3013 2721
f 3012 3013 2720
f 2721 3014 2722
f 3013 3014 2721
f 2722 3015 2723
f 3014 3015 2722
f 2723 3016 2724
f 3015 3016 2723
f 2724 3017 2725
f 3016 3017 2724
f 2706 2725 2994
f 2994 2725 3017
f 2996 3018 2995
f 2708 2995 3018
f 3019 2708 3018
f 2726 2708 3019
f 2730 3020 2731
f 2731 3020 3021
f 3022 2731 3021
f 2732 2731 3022
f 2732 3023 2733
f 3022 3023 2732
f 2733 3024 2734
f 3023 3024 2733
f 2711 2734 2997
f 2734 3025 2997
f 2734 3024 3025
f 2997 3025 2998
f 3004 3026 2716
f 2716 3026 2735
f 2736 2735 3026
f 2736 3026 3027
f 3030 3029 3028
f 2737 2738 3028
f 3029 2737 3028
f 3031 2737 3029
f 2737 3032 2739
f 3031 3032 2737
f 2739 3033 2740
f 3032 3033 2739
f 3005 2741 3007
f 2741 3033 3007
f 2741 2740 3033
f 2741 3005 2742
f 2742 3005 3008
f 2742 3008 2718
f 3019 2744 2726
f 3034 2744 3019
f 2746 3035 2747
f 2747 3035 3036
f 3037 2747 3036
f 2748 2747 3037
f 2748 3038 2749
f 3037 3038 2748
f 2749 3039 2750
f 3038 3039 2749
f 2750 3040 2751
f 3039 3040 2750
f 2751 3041 2752
f 3040 3041 2751
f 2752 3042 2753
f 3041 3042 2752
f 2753 3043 2754
f 3042 3043 2753
f 2730 2754 3020
f 2754 3044 3020
f 2754 3043 3044
f 3020 3044 3021
f 3047 3046 3045
f 3049 3048 3045
f 3045 3048 3047
f 3051 3050 3049
f 3049 3050 3048
f 3053 3052 3051
f 3051 3052 3050
f 3055 3054 3053
f 3053 3054 3052
f 3057 3056 3055
f 3055 3056 3054
f 3057 3058 3056
f 2755 2736 3059
f 2736 3060 3059
f 2736 3027 3060
f 3061 2756 2755
f 3061 2755 3059
f 2756 3061 3062
f 3063 2756 3062
f 2757 2756 3063
f 2757 3064 2758
f 3063 3064 2757
f 3028 2759 3030
f 2759 3064 3030
f 2759 2758 3064
f 2759 3028 2738
f 3034 3065 2744
f 2744 3065 2760
f 2760 3066 2761
f 3065 3066 2760
f 2746 2761 3035
f 2761 3067 3035
f 2761 3066 3067
f 3035 3067 3036
f 3070 3069 3068
f 3072 3071 3068
f 3068 3071 3070
f 3071 3072 3046
f 3072 3045 3046
f 3072 3073 3045
f 3045 3074 3049
f 3045 3073 3074
f 3049 3075 3051
f 3049 3074 3075
f 3051 3076 3053
f 3051 3075 3076
f 3053 3077 3055
f 3053 3076 3077
f 3079 3057 3078
f 3057 3077 3078
f 3057 3055 3077
f 3057 3079 3058
f 3060 3080 3059
f 3059 3080 3061
f 3061 3080 3081
f 3061 3081 3062
f 3084 3083 3082
f 3084 3082 3069
f 3082 3068 3069
f 3082 3085 3068
f 3068 3086 3072
f 3068 3085 3086
f 3072 3087 3073
f 3072 3086 3087
f 3073 3088 3074
f 3073 3087 3088
f 3074 3089 3075
f 3074 3088 3089
f 3075 3090 3076
f 3075 3089 3090
f 3092 3077 3091
f 3077 3090 3091
f 3077 3076 3090
f 3077 3092 3078
f 3095 3094 3093
f 3097 3096 3093
f 3093 3096 3095
f 3096 3097 3083
f 3097 3082 3083
f 3097 3098 3082
f 3082 3099 3085
f 3082 3098 3099
f 3085 3100 3086
f 3085 3099 3100
f 3086 3101 3087
f 3086 3100 3101
f 3087 3102 3088
f 3087 3101 3102
f 3088 3103 3089
f 3088 3102 3103
f 3105 3090 3104
f 3090 3103 3104
f 3090 3089 3103
f 3090 3105 3091
f 3093 3094 3106
f 3106 3094 3107
f 3093 3108 3097
f 3093 3106 3108
f 3097 3109 3098
f 3097 3108 3109
f 3098 3110 3099
f 3098 3109 3110
f 3099 3111 3100
f 3099 3110 3111
f 3113 3101 3112
f 3101 3111 3112
f 3101 3100 3111
f 3101 3113 3102
f 3102 3113 3114
f 3102 3114 3103
f 3103 3114 3115
f 3103 3115 3104
f 3107 3116 3106
f 3118 3117 3116
f 3117 3106 3116
f 3117 3108 3106
f 3120 3109 3119
f 3109 3117 3119
f 3109 3108 3117
f 3109 3120 3110
f 3110 3120 3121
f 3110 3121 3111
f 3111 3121 3122
f 3111 3122 3112
f 3118 3123 3117
f 3117 3123 3119
f 3124 2762 2763
f 2764 3124 2763
f 3126 3125 2767
f 2767 3125 2766
f 2767 2762 3124
f 3127 2767 3124
f 3126 2767 3127
f 3127 3124 2764
f 2768 3127 2764
f 3128 3127 2768
f 3129 2768 2769
f 3129 3128 2768
f 3130 2769 2770
f 3130 3129 2769
f 3131 2770 2771
f 3131 3130 2770
f 3132 2771 2772
f 3132 3131 2771
f 3133 2772 2773
f 3133 3132 2772
f 3134 2773 2774
f 3134 3133 2773
f 3135 2774 2775
f 3135 3134 2774
f 2775 2776 3135
f 3135 2776 3136
f 3138 3137 2778
f 2778 3137 2777
f 3139 2778 2779
f 3139 3138 2778
f 3140 2779 2780
f 3140 3139 2779
f 3141 2780 2781
f 3141 3140 2780
f 3142 2781 2782
f 3142 3141 2781
f 3144 3143 2783
f 3143 2782 2783
f 3143 3142 2782
f 3144 3145 3143
f 3125 2784 2766
f 3146 2784 3125
f 3147 3136 2776
f 3147 2776 2785
f 3148 2785 2786
f 3148 3147 2785
f 3149 2786 2787
f 3149 3148 2786
f 3150 2787 2788
f 3150 3149 2787
f 3151 2788 2789
f 3151 3150 2788
f 3152 2789 2790
f 3152 3151 2789
f 3153 2790 2791
f 3153 3152 2790
f 2791 2793 3153
f 3153 2793 3154
f 3157 3156 3155
f 3137 3157 3155
f 2794 3137 3155
f 2777 3137 2794
f 2795 3144 2783
f 3158 3145 3144
f 2795 3158 3144
f 2796 3158 2795
f 3159 2796 2797
f 3159 3158 2796
f 3160 2797 2798
f 3160 3159 2797
f 3161 2798 2799
f 3161 3160 2798
f 3162 2799 2800
f 3162 3161 2799
f 2800 2801 3162
f 3162 2801 3163
f 3146 2802 2784
f 3164 2802 3146
f 3165 3154 2793
f 3165 2793 2803
f 3166 2803 2804
f 3166 3165 2803
f 3168 3166 3167
f 3166 2805 3167
f 3166 2804 2805
f 3156 3169 3155
f 3169 2805 3155
f 2805 2806 3155
f 2805 3169 3167
f 3155 2806 2794
f 3170 3163 2801
f 3170 2801 2808
f 3171 2808 2809
f 3171 3170 2808
f 3172 2809 2810
f 3172 3171 2809
f 3174 3173 2811
f 3173 2810 2811
f 3173 3172 2810
f 3176 3175 3174
f 3174 3175 3173
f 3178 3177 3176
f 3176 3177 3175
f 3180 3179 3178
f 3178 3179 3177
f 3182 3181 3180
f 3180 3181 3179
f 3182 3183 3181
f 3164 2812 2802
f 3184 2812 3164
f 3185 3168 3167
f 3185 3167 3169
f 2813 3174 2811
f 3174 2813 2814
f 3174 2814 3176
f 3176 2814 2815
f 3176 2815 3178
f 3178 2815 2816
f 3178 2816 3180
f 3180 2816 2817
f 3180 2817 3182
f 3187 3186 2819
f 2819 3186 2817
f 3186 3183 2817
f 3183 3182 2817
f 3187 3188 3186
f 3190 3189 2822
f 2822 3189 2821
f 3191 2822 2823
f 3191 3190 2822
f 3192 2823 2824
f 3192 3191 2823
f 2824 2826 3192
f 3192 2826 3193
f 3196 3195 3194
f 3198 3197 3194
f 3194 3197 3196
f 3200 3199 3198
f 3198 3199 3197
f 3200 3201 3199
f 3184 2827 2812
f 3202 2827 3184
f 2828 3187 2819
f 3203 3188 3187
f 2828 3203 3187
f 2829 3203 2828
f 3205 3204 2830
f 3204 2829 2830
f 3204 3203 2829
f 2831 2832 3205
f 2832 3204 3205
f 2832 3206 3204
f 2832 2821 3189
f 2832 3189 3206
f 3207 3193 2826
f 3207 2826 2833
f 2834 3194 3195
f 3207 2834 3195
f 2833 2834 3207
f 3194 2834 2836
f 3194 2836 3198
f 3198 2836 2838
f 3198 2838 3200
f 3208 3201 3200
f 2838 3208 3200
f 2840 3208 2838
f 3210 3209 2842
f 3209 2840 2842
f 3209 3208 2840
f 3212 3211 3210
f 3210 3211 3209
f 3212 3213 3211
f 3202 2843 2827
f 3214 2843 3202
f 2844 3205 2830
f 3205 2844 2831
f 2845 3210 2842
f 3210 2845 2847
f 3210 2847 3212
f 3215 3213 3212
f 2847 3215 3212
f 2849 3215 2847
f 3217 3216 2851
f 3216 2849 2851
f 3216 3215 2849
f 3217 3218 3216
f 3214 2852 2843
f 3219 2852 3214
f 2854 3217 2851
f 3221 3220 2856
f 2856 3220 2854
f 3220 3218 2854
f 3218 3217 2854
f 3221 3222 3220
f 3219 2857 2852
f 3223 2857 3219
f 2858 3221 2856
f 3224 3222 3221
f 2858 3224 3221
f 2860 3224 2858
f 3226 3225 2862
f 3225 2860 2862
f 3225 3224 2860
f 3226 3227 3225
f 3223 2863 2857
f 3228 2863 3223
f 2865 3226 2862
f 3230 3229 2867
f 2867 3229 2865
f 3229 3227 2865
f 3227 3226 2865
f 3230 3231 3229
f 3228 2868 2863
f 3232 2868 3228
f 2871 3233 3230
f 2871 3230 2867
f 3231 3230 3234
f 3230 3235 3234
f 3230 3233 3235
f 3235 3236 3234
f 3232 3237 2868
f 2868 3237 2872
f 2872 3238 2873
f 3237 3238 2872
f 2873 3239 2874
f 3238 3239 2873
f 2874 3240 2875
f 3239 3240 2874
f 2875 3241 2876
f 3240 3241 2875
f 2876 3242 2877
f 3241 3242 2876
f 2877 3243 2878
f 3242 3243 2877
f 2878 3244 2879
f 3243 3244 2878
f 2879 3245 2880
f 3244 3245 2879
f 2880 3246 2881
f 3245 3246 2880
f 2881 3247 2882
f 3246 3247 2881
f 2882 3248 2883
f 3247 3248 2882
f 2883 3249 2884
f 3248 3249 2883
f 2884 3250 2885
f 3249 3250 2884
f 2885 3251 2886
f 3250 3251 2885
f 2886 3252 2887
f 3251 3252 2886
f 2889 2887 3252
f 2889 3252 3253
f 2890 3233 2871
f 3233 2890 2892
f 3254 3233 2892
f 3235 3233 3254
f 3236 3235 3255
f 3255 3235 3254
f 3253 3256 2889
f 2889 3256 2893
f 2893 3257 2894
f 3256 3257 2893
f 2894 3258 2895
f 3257 3258 2894
f 2896 2895 3258
f 2896 3258 3259
f 2898 3260 3254
f 2898 3254 2892
f 3255 3254 3261
f 3261 3254 3260
f 3259 2899 2896
f 3262 2899 3259
f 2901 3263 3260
f 2901 3260 2898
f 3261 3260 3264
f 3264 3260 3263
f 3262 2902 2899
f 3265 2902 3262
f 2904 3263 2901
f 2904 2906 3263
f 2906 3264 3263
f 2906 3266 3264
f 3265 2907 2902
f 3267 2907 3265
f 2909 3268 2910
f 3268 3269 2910
f 3269 2906 2910
f 3269 3266 2906
f 3270 2912 2913
f 3270 2913 3271
f 2913 3272 3271
f 2913 2914 3272
f 2914 2907 3267
f 2914 3267 3272
f 2916 3273 3268
f 2916 3268 2909
f 3269 3268 3274
f 3274 3268 3273
f 3276 3275 2919
f 2919 3275 2918
f 3278 3276 3277
f 3276 2920 3277
f 3276 2919 2920
f 2921 3279 2920
f 2920 3279 3277
f 2922 3280 2921
f 2921 3280 3279
f 2923 3281 2922
f 2922 3281 3280
f 2924 3282 2923
f 2923 3282 3281
f 2925 3283 2924
f 2924 3283 3282
f 2926 3284 2925
f 2925 3284 3283
f 2928 3284 2926
f 3285 2930 2931
f 2932 3286 2931
f 2931 3286 3285
f 2933 3287 2932
f 2932 3287 3286
f 3287 2933 3288
f 2933 3289 3288
f 2933 2934 3289
f 3290 2934 2935
f 3290 3289 2934
f 3291 2935 2936
f 3291 3290 2935
f 2936 2912 3270
f 3292 2936 3270
f 3291 2936 3292
f 3292 3270 3271
f 2938 3293 3273
f 2938 3273 2916
f 3274 3273 3294
f 3294 3273 3293
f 3296 3295 2940
f 2940 3295 2939
f 2940 2918 3275
f 2940 3275 3296
f 3297 3278 3277
f 3297 3277 3279
f 3297 3279 3298
f 3298 3279 3280
f 3298 3280 3299
f 3299 3280 3281
f 3299 3281 3300
f 3300 3281 3282
f 3300 3282 3301
f 3301 3282 3283
f 3301 3283 3302
f 3302 3283 3284
f 3302 3284 3303
f 3303 3284 2928
f 2941 3303 2928
f 3304 3303 2941
f 3305 2941 2942
f 3305 3304 2941
f 2942 2930 3285
f 3306 2942 3285
f 3305 2942 3306
f 3306 3285 3286
f 3306 3286 3307
f 3307 3286 3287
f 3307 3287 3308
f 3308 3287 3288
f 2944 3309 2945
f 3293 2938 2945
f 3309 3293 2945
f 3310 3293 3309
f 3294 3293 3311
f 3311 3293 3310
f 3295 2946 2939
f 3312 2946 3295
f 2949 3313 3309
f 2949 3309 2944
f 3315 3310 3314
f 3310 3313 3314
f 3310 3309 3313
f 3310 3315 3311
f 3312 2950 2946
f 3316 2950 3312
f 2953 3317 2954
f 3318 2955 2954
f 3318 2954 3317
f 3318 3319 2955
f 2955 3319 2949
f 3319 3320 2949
f 3320 3313 2949
f 3313 3320 3314
f 3316 2956 2950
f 3321 2956 3316
f 2959 3322 2960
f 3322 3323 2960
f 2960 3323 2953
f 3323 3324 2953
f 3324 3317 2953
f 3317 3324 3318
f 3318 3324 3325
f 3318 3325 3319
f 3321 2961 2956
f 3326 2961 3321
f 2963 3327 2964
f 3328 2965 2964
f 3328 2964 3327
f 3328 3329 2965
f 2965 3329 2959
f 3329 3330 2959
f 3330 3322 2959
f 3322 3330 3323
f 3326 2966 2961
f 3331 2966 3326
f 2972 3332 2973
f 3333 2974 2973
f 3333 2973 3332
f 3333 3334 2974
f 2974 3334 2963
f 3334 3335 2963
f 3335 3327 2963
f 3327 3335 3328
f 3328 3335 3336
f 3328 3336 3329
f 3331 2975 2966
f 3337 2975 3331
f 2977 3338 2978
f 3339 2979 2978
f 3339 2978 3338
f 3340 2980 2979
f 3340 2979 3339
f 2980 3340 3341
f 3342 2980 3341
f 2981 2980 3342
f 3342 3344 3343
f 2982 3342 3343
f 2981 3342 2982
f 3343 2984 2982
f 2985 3345 2986
f 2986 3345 3346
f 3347 2986 3346
f 2987 2986 3347
f 2987 3348 2988
f 3347 3348 2987
f 3348 3350 3349
f 2989 3348 3349
f 2988 3348 2989
f 2989 3349 3351
f 3352 2989 3351
f 2990 2989 3352
f 2990 3353 2991
f 3352 3353 2990
f 2972 2991 3332
f 2991 3354 3332
f 2991 3353 3354
f 3332 3354 3333
f 3333 3354 3355
f 3333 3355 3334
f 3337 2992 2975
f 3356 2992 3337
f 3359 3358 3357
f 3360 3357 3358
f 3362 3361 2993
f 3362 2993 2994
f 2996 2993 3361
f 2996 3361 3363
f 2998 3364 2999
f 3365 3000 2999
f 3365 2999 3364
f 3366 3001 3000
f 3366 3000 3365
f 3367 3002 3001
f 3367 3001 3366
f 3367 3368 3002
f 3002 3368 2977
f 3368 3369 2977
f 3369 3338 2977
f 3338 3369 3339
f 3339 3369 3370
f 3339 3370 3340
f 3340 3370 3371
f 3340 3371 3341
f 3344 3372 3343
f 3343 3372 2984
f 3372 3003 2984
f 3372 3373 3003
f 2985 3003 3345
f 3003 3374 3345
f 3003 3373 3374
f 3345 3374 3346
f 3350 3375 3349
f 3349 3375 3351
f 3356 3004 2992
f 3376 3004 3356
f 3379 3378 3377
f 3381 3380 3377
f 3381 3377 3378
f 3006 3007 3380
f 3381 3006 3380
f 3382 3006 3381
f 3357 3009 3359
f 3009 3382 3359
f 3009 3006 3382
f 3360 3383 3357
f 3383 3009 3357
f 3383 3010 3009
f 3010 3384 3011
f 3383 3384 3010
f 3011 3385 3012
f 3384 3385 3011
f 3012 3386 3013
f 3385 3386 3012
f 3013 3387 3014
f 3386 3387 3013
f 3014 3388 3015
f 3387 3388 3014
f 3015 3389 3016
f 3388 3389 3015
f 3016 3390 3017
f 3389 3390 3016
f 2994 3017 3362
f 3362 3017 3390
f 3018 2996 3391
f 2996 3392 3391
f 2996 3363 3392
f 3391 3019 3018
f 3021 3393 3022
f 3022 3393 3394
f 3395 3022 3394
f 3023 3022 3395
f 3023 3396 3024
f 3395 3396 3023
f 3024 3397 3025
f 3396 3397 3024
f 3025 3397 2998
f 3397 3398 2998
f 3398 3364 2998
f 3398 3397 3399
f 3364 3400 3365
f 3364 3398 3400
f 3365 3401 3366
f 3365 3400 3401
f 3366 3402 3367
f 3366 3401 3402
f 3368 3367 3403
f 3403 3367 3402
f 3026 3004 3404
f 3004 3405 3404
f 3004 3376 3405
f 3404 3027 3026
f 3407 3406 3029
f 3407 3029 3030
f 3029 3408 3031
f 3406 3408 3029
f 3377 3032 3379
f 3032 3408 3379
f 3032 3031 3408
f 3032 3377 3033
f 3033 3377 3380
f 3033 3380 3007
f 3392 3409 3391
f 3019 3391 3409
f 3410 3019 3409
f 3034 3019 3410
f 3412 3411 3037
f 3412 3037 3036
f 3037 3413 3038
f 3411 3413 3037
f 3038 3414 3039
f 3413 3414 3038
f 3039 3415 3040
f 3414 3415 3039
f 3040 3416 3041
f 3415 3416 3040
f 3041 3417 3042
f 3416 3417 3041
f 3042 3418 3043
f 3417 3418 3042
f 3043 3419 3044
f 3418 3419 3043
f 3021 3044 3393
f 3044 3420 3393
f 3044 3419 3420
f 3420 3421 3393
f 3421 3422 3393
f 3423 3394 3393
f 3423 3393 3422
f 3046 3047 3422
f 3047 3423 3422
f 3047 3424 3423
f 3425 3047 3048
f 3425 3424 3047
f 3050 3398 3399
f 3425 3050 3399
f 3048 3050 3425
f 3398 3050 3052
f 3398 3052 3400
f 3400 3052 3054
f 3400 3054 3401
f 3401 3054 3056
f 3401 3056 3402
f 3427 3426 3058
f 3058 3426 3056
f 3426 3403 3056
f 3403 3402 3056
f 3427 3428 3426
f 3405 3429 3404
f 3027 3404 3429
f 3430 3027 3429
f 3060 3027 3430
f 3432 3431 3063
f 3432 3063 3062
f 3063 3433 3064
f 3431 3433 3063
f 3030 3064 3407
f 3407 3064 3433
f 3410 3434 3034
f 3034 3434 3065
f 3065 3435 3066
f 3434 3435 3065
f 3066 3436 3067
f 3435 3436 3066
f 3036 3067 3412
f 3412 3067 3436
f 3439 3438 3437
f 3069 3070 3437
f 3070 3439 3437
f 3070 3440 3439
f 3071 3422 3421
f 3440 3071 3421
f 3070 3071 3440
f 3422 3071 3046
f 3078 3441 3079
f 3441 3442 3079
f 3079 3442 3058
f 3442 3443 3058
f 3443 3427 3058
f 3427 3443 3428
f 3430 3444 3060
f 3060 3444 3080
f 3080 3445 3081
f 3444 3445 3080
f 3062 3081 3432
f 3432 3081 3445
f 3448 3447 3446
f 3448 3446 3438
f 3438 3446 3437
f 3446 3083 3437
f 3083 3084 3437
f 3437 3084 3069
f 3091 3449 3092
f 3449 3450 3092
f 3092 3450 3078
f 3450 3451 3078
f 3451 3441 3078
f 3441 3451 3442
f 3454 3453 3452
f 3094 3095 3452
f 3095 3454 3452
f 3095 3455 3454
f 3096 3446 3447
f 3455 3096 3447
f 3095 3096 3455
f 3446 3096 3083
f 3104 3456 3105
f 3456 3457 3105
f 3105 3457 3091
f 3457 3458 3091
f 3458 3449 3091
f 3449 3458 3450
f 3452 3453 3459
f 3459 3453 3460
f 3459 3107 3094
f 3459 3094 3452
f 3112 3461 3113
f 3462 3114 3113
f 3462 3113 3461
f 3463 3115 3114
f 3463 3114 3462
f 3463 3464 3115
f 3115 3464 3104
f 3464 3465 3104
f 3465 3456 3104
f 3456 3465 3457
f 3468 3467 3466
f 3468 3466 3460
f 3466 3459 3460
f 3466 3469 3459
f 3470 3116 3107
f 3459 3470 3107
f 3469 3470 3459
f 3470 3118 3116
f 3119 3471 3120
f 3472 3121 3120
f 3472 3120 3471
f 3473 3122 3121
f 3473 3121 3472
f 3461 3112 3122
f 3473 3461 3122
f 3474 3461 3473
f 3476 3462 3475
f 3462 3474 3475
f 3462 3461 3474
f 3462 3476 3463
f 3463 3476 3477
f 3463 3477 3464
f 3480 3479 3478
f 3478 3481 3480
f 3466 3467 3482
f 3482 3467 3483
f 3466 3484 3469
f 3466 3482 3484
f 3469 3485 3470
f 3469 3484 3485
f 3486 3123 3118
f 3470 3486 3118
f 3485 3486 3470
f 3471 3119 3123
f 3486 3471 3123
f 3487 3471 3486
f 3471 3488 3472
f 3471 3487 3488
f 3472 3489 3473
f 3472 3488 3489
f 3491 3474 3490
f 3474 3489 3490
f 3474 3473 3489
f 3474 3491 3475
f 3478 3479 3492
f 3492 3479 3493
f 3481 3478 3494
f 3478 3495 3494
f 3478 3492 3495
f 3497 3496 3495
f 3496 3482 3495
f 3483 3494 3495
f 3483 3495 3482
f 3499 3498 3496
f 3498 3482 3496
f 3498 3484 3482
f 3484 3500 3485
f 3484 3498 3500
f 3485 3501 3486
f 3485 3500 3501
f 3486 3502 3487
f 3486 3501 3502
f 3504 3488 3503
f 3488 3502 3503
f 3488 3487 3502
f 3488 3504 3489
f 3489 3504 3505
f 3489 3505 3490
f 3493 3506 3492
f 3508 3507 3506
f 3507 3492 3506
f 3507 3495 3492
f 3497 3495 3509
f 3495 3510 3509
f 3495 3507 3510
f 3511 3498 3499
f 3510 3512 3509
f 3514 3513 3511
f 3513 3498 3511
f 3513 3500 3498
f 3516 3501 3515
f 3501 3513 3515
f 3501 3500 3513
f 3501 3516 3502
f 3502 3516 3517
f 3502 3517 3503
f 3508 3518 3507
f 3520 3519 3518
f 3519 3507 3518
f 3519 3510 3507
f 3512 3510 3521
f 3521 3510 3519
f 3514 3522 3513
f 3513 3522 3515
f 3520 3523 3519
f 3519 3523 3521
f 3525 3524 3126
f 3126 3524 3125
f 3526 3126 3127
f 3526 3525 3126
f 3527 3127 3128
f 3527 3526 3127
f 3528 3128 3129
f 3528 3527 3128
f 3529 3129 3130
f 3529 3528 3129
f 3530 3130 3131
f 3530 3529 3130
f 3531 3131 3132
f 3531 3530 3131
f 3532 3132 3133
f 3532 3531 3132
f 3534 3532 3533
f 3532 3134 3533
f 3532 3133 3134
f 3135 3535 3134
f 3134 3535 3533
f 3136 3535 3135
f 3537 3536 3138
f 3138 3536 3137
f 3538 3138 3139
f 3538 3537 3138
f 3539 3139 3140
f 3539 3538 3139
f 3540 3140 3141
f 3540 3539 3140
f 3541 3141 3142
f 3541 3540 3141
f 3542 3142 3143
f 3542 3541 3142
f 3143 3145 3542
f 3542 3145 3543
f 3524 3146 3125
f 3544 3146 3524
f 3545 3534 3533
f 3545 3533 3535
f 3545 3535 3546
f 3548 3546 3547
f 3547 3546 3147
f 3546 3535 3147
f 3535 3136 3147
f 3547 3147 3549
f 3147 3550 3549
f 3147 3148 3550
f 3551 3148 3149
f 3551 3550 3148
f 3552 3149 3150
f 3552 3551 3149
f 3553 3150 3151
f 3553 3552 3150
f 3555 3553 3554
f 3553 3152 3554
f 3553 3151 3152
f 3153 3556 3152
f 3152 3556 3554
f 3154 3556 3153
f 3558 3557 3157
f 3157 3557 3156
f 3157 3137 3536
f 3157 3536 3558
f 3559 3543 3145
f 3559 3145 3158
f 3560 3158 3159
f 3560 3559 3158
f 3561 3159 3160
f 3561 3560 3159
f 3562 3160 3161
f 3562 3561 3160
f 3563 3161 3162
f 3563 3562 3161
f 3162 3163 3563
f 3563 3163 3564
f 3567 3566 3565
f 3569 3568 3565
f 3565 3568 3567
f 3571 3570 3569
f 3569 3570 3568
f 3571 3572 3570
f 3544 3164 3146
f 3573 3164 3544
f 3574 3548 3547
f 3574 3547 3549
f 3575 3555 3554
f 3575 3554 3556
f 3575 3556 3576
f 3576 3556 3154
f 3165 3576 3154
f 3577 3576 3165
f 3578 3165 3166
f 3578 3577 3165
f 3166 3168 3578
f 3578 3168 3579
f 3557 3169 3156
f 3580 3169 3557
f 3581 3564 3163
f 3581 3163 3170
f 3582 3170 3171
f 3582 3581 3170
f 3583 3171 3172
f 3583 3582 3171
f 3173 3565 3566
f 3583 3173 3566
f 3172 3173 3583
f 3565 3173 3175
f 3565 3175 3569
f 3569 3175 3177
f 3569 3177 3571
f 3584 3572 3571
f 3177 3584 3571
f 3179 3584 3177
f 3585 3179 3181
f 3585 3584 3179
f 3181 3183 3585
f 3585 3183 3586
f 3589 3588 3587
f 3591 3590 3587
f 3587 3590 3589
f 3593 3592 3591
f 3591 3592 3590
f 3593 3594 3592
f 3573 3184 3164
f 3595 3184 3573
f 3596 3579 3168
f 3596 3168 3185
f 3185 3169 3580
f 3185 3580 3596
f 3597 3586 3183
f 3597 3183 3186
f 3599 3598 3188
f 3598 3186 3188
f 3598 3597 3186
f 3601 3600 3599
f 3599 3600 3598
f 3603 3602 3601
f 3601 3602 3600
f 3602 3603 3588
f 3588 3603 3587
f 3603 3189 3587
f 3189 3190 3587
f 3587 3190 3191
f 3587 3191 3591
f 3591 3191 3192
f 3591 3192 3593
f 3605 3604 3193
f 3193 3604 3192
f 3604 3594 3192
f 3594 3593 3192
f 3195 3196 3605
f 3196 3604 3605
f 3196 3606 3604
f 3607 3196 3197
f 3607 3606 3196
f 3608 3197 3199
f 3608 3607 3197
f 3610 3609 3201
f 3609 3199 3201
f 3609 3608 3199
f 3612 3611 3610
f 3610 3611 3609
f 3614 3613 3612
f 3612 3613 3611
f 3614 3615 3613
f 3618 3617 3616
f 3595 3618 3616
f 3202 3595 3616
f 3184 3595 3202
f 3203 3599 3188
f 3599 3203 3204
f 3599 3204 3601
f 3601 3204 3206
f 3601 3206 3603
f 3603 3206 3189
f 3207 3605 3193
f 3605 3207 3195
f 3208 3610 3201
f 3610 3208 3209
f 3610 3209 3612
f 3612 3209 3211
f 3612 3211 3614
f 3620 3619 3213
f 3213 3619 3211
f 3619 3615 3211
f 3615 3614 3211
f 3622 3621 3620
f 3620 3621 3619
f 3622 3623 3621
f 3616 3617 3624
f 3624 3617 3625
f 3624 3214 3202
f 3624 3202 3616
f 3215 3620 3213
f 3620 3215 3216
f 3620 3216 3622
f 3627 3626 3218
f 3218 3626 3216
f 3626 3623 3216
f 3623 3622 3216
f 3627 3628 3626
f 3625 3629 3624
f 3214 3624 3629
f 3630 3214 3629
f 3219 3214 3630
f 3220 3627 3218
f 3632 3631 3222
f 3222 3631 3220
f 3631 3628 3220
f 3628 3627 3220
f 3634 3633 3632
f 3632 3633 3631
f 3634 3635 3633
f 3630 3223 3219
f 3636 3223 3630
f 3224 3632 3222
f 3632 3224 3225
f 3632 3225 3634
f 3638 3637 3227
f 3227 3637 3225
f 3637 3635 3225
f 3635 3634 3225
f 3638 3639 3637
f 3636 3228 3223
f 3640 3228 3636
f 3229 3638 3227
f 3642 3641 3231
f 3231 3641 3229
f 3641 3639 3229
f 3639 3638 3229
f 3642 3643 3641
f 3640 3232 3228
f 3644 3232 3640
f 3647 3646 3645
f 3649 3648 3645
f 3649 3645 3646
f 3651 3650 3648
f 3651 3648 3649
f 3653 3652 3650
f 3653 3650 3651
f 3655 3654 3652
f 3655 3652 3653
f 3657 3656 3654
f 3657 3654 3655
f 3659 3658 3656
f 3659 3656 3657
f 3661 3660 3658
f 3661 3658 3659
f 3662 3660 3661
f 3234 3642 3231
f 3234 3236 3642
f 3236 3643 3642
f 3236 3663 3643
f 3644 3664 3232
f 3232 3664 3237
f 3237 3665 3238
f 3664 3665 3237
f 3238 3666 3239
f 3665 3666 3238
f 3645 3240 3647
f 3240 3666 3647
f 3240 3239 3666
f 3240 3645 3241
f 3241 3645 3648
f 3241 3648 3242
f 3242 3648 3650
f 3242 3650 3243
f 3243 3650 3652
f 3243 3652 3244
f 3244 3652 3654
f 3244 3654 3245
f 3245 3654 3656
f 3245 3656 3246
f 3246 3656 3658
f 3246 3658 3247
f 3247 3658 3660
f 3662 3667 3660
f 3667 3247 3660
f 3667 3248 3247
f 3248 3668 3249
f 3667 3668 3248
f 3249 3669 3250
f 3668 3669 3249
f 3250 3670 3251
f 3669 3670 3250
f 3251 3671 3252
f 3670 3671 3251
f 3673 3672 3253
f 3252 3673 3253
f 3671 3673 3252
f 3674 3672 3673
f 3255 3676 3675
f 3663 3255 3675
f 3236 3255 3663
f 3676 3677 3675
f 3672 3256 3253
f 3674 3678 3672
f 3678 3256 3672
f 3678 3257 3256
f 3257 3679 3258
f 3678 3679 3257
f 3259 3258 3679
f 3259 3679 3680
f 3261 3681 3676
f 3261 3676 3255
f 3677 3676 3682
f 3682 3676 3681
f 3680 3262 3259
f 3683 3262 3680
f 3264 3684 3681
f 3264 3681 3261
f 3682 3681 3685
f 3685 3681 3684
f 3683 3265 3262
f 3686 3265 3683
f 3266 3687 3684
f 3266 3684 3264
f 3685 3684 3688
f 3688 3684 3687
f 3686 3267 3265
f 3689 3267 3686
f 3269 3690 3687
f 3269 3687 3266
f 3688 3687 3691
f 3691 3687 3690
f 3693 3692 3272
f 3272 3692 3271
f 3272 3267 3689
f 3272 3689 3693
f 3274 3694 3690
f 3274 3690 3269
f 3691 3690 3695
f 3695 3690 3694
f 3696 3275 3276
f 3278 3696 3276
f 3697 3288 3289
f 3290 3698 3289
f 3289 3698 3697
f 3698 3290 3699
f 3290 3700 3699
f 3290 3291 3700
f 3701 3291 3292
f 3701 3700 3291
f 3292 3271 3692
f 3292 3692 3701
f 3294 3702 3694
f 3294 3694 3274
f 3695 3694 3703
f 3703 3694 3702
f 3704 3295 3296
f 3705 3704 3296
f 3705 3296 3275
f 3706 3705 3275
f 3696 3706 3275
f 3706 3696 3278
f 3297 3706 3278
f 3707 3706 3297
f 3708 3297 3298
f 3708 3707 3297
f 3709 3298 3299
f 3709 3708 3298
f 3711 3709 3710
f 3709 3300 3710
f 3709 3299 3300
f 3301 3712 3300
f 3300 3712 3710
f 3302 3713 3301
f 3301 3713 3712
f 3303 3714 3302
f 3302 3714 3713
f 3304 3715 3303
f 3303 3715 3714
f 3305 3716 3304
f 3304 3716 3715
f 3306 3717 3305
f 3305 3717 3716
f 3307 3718 3306
f 3306 3718 3717
f 3718 3307 3719
f 3307 3720 3719
f 3307 3308 3720
f 3308 3288 3697
f 3721 3308 3697
f 3720 3308 3721
f 3721 3697 3698
f 3721 3698 3722
f 3722 3698 3699
f 3724 3723 3702
f 3294 3724 3702
f 3311 3724 3294
f 3702 3723 3703
f 3726 3725 3704
f 3725 3295 3704
f 3725 3312 3295
f 3726 3704 3705
f 3727 3711 3710
f 3727 3710 3712
f 3727 3712 3728
f 3728 3712 3713
f 3728 3713 3729
f 3729 3713 3714
f 3729 3714 3730
f 3730 3714 3715
f 3730 3715 3731
f 3733 3732 3731
f 3715 3733 3731
f 3716 3733 3715
f 3717 3735 3734
f 3733 3717 3734
f 3716 3717 3733
f 3735 3717 3718
f 3735 3718 3736
f 3736 3718 3719
f 3314 3737 3315
f 3737 3738 3315
f 3738 3311 3315
f 3738 3724 3311
f 3725 3316 3312
f 3739 3316 3725
f 3740 3732 3733
f 3740 3733 3734
f 3319 3741 3320
f 3741 3742 3320
f 3320 3742 3314
f 3742 3743 3314
f 3743 3737 3314
f 3737 3743 3738
f 3739 3321 3316
f 3744 3321 3739
f 3323 3745 3324
f 3324 3745 3746
f 3747 3324 3746
f 3325 3324 3747
f 3319 3325 3741
f 3325 3748 3741
f 3325 3747 3748
f 3741 3748 3742
f 3744 3326 3321
f 3749 3326 3744
f 3329 3750 3330
f 3750 3751 3330
f 3330 3751 3323
f 3751 3752 3323
f 3752 3745 3323
f 3745 3752 3746
f 3749 3331 3326
f 3753 3331 3749
f 3334 3754 3335
f 3755 3336 3335
f 3755 3335 3754
f 3755 3756 3336
f 3336 3756 3329
f 3756 3757 3329
f 3757 3750 3329
f 3750 3757 3751
f 3753 3337 3331
f 3758 3337 3753
f 3761 3760 3759
f 3762 3759 3760
f 3341 3763 3342
f 3763 3344 3342
f 3346 3764 3347
f 3765 3348 3347
f 3765 3347 3764
f 3765 3350 3348
f 3351 3766 3352
f 3767 3353 3352
f 3767 3352 3766
f 3768 3354 3353
f 3768 3353 3767
f 3354 3768 3769
f 3770 3354 3769
f 3355 3354 3770
f 3334 3355 3754
f 3355 3771 3754
f 3355 3770 3771
f 3754 3771 3755
f 3755 3771 3772
f 3755 3772 3756
f 3758 3356 3337
f 3773 3356 3758
f 3776 3775 3774
f 3778 3777 3774
f 3778 3774 3775
f 3777 3778 3761
f 3777 3761 3759
f 3359 3777 3759
f 3358 3359 3759
f 3780 3779 3360
f 3780 3360 3358
f 3762 3780 3358
f 3759 3762 3358
f 3782 3781 3779
f 3782 3779 3780
f 3784 3783 3781
f 3784 3781 3782
f 3786 3785 3783
f 3786 3783 3784
f 3788 3787 3785
f 3788 3785 3786
f 3790 3789 3787
f 3790 3787 3788
f 3792 3791 3789
f 3792 3789 3790
f 3794 3793 3791
f 3794 3791 3792
f 3361 3362 3793
f 3794 3361 3793
f 3795 3361 3794
f 3363 3361 3795
f 3363 3795 3796
f 3368 3797 3369
f 3798 3370 3369
f 3798 3369 3797
f 3370 3798 3799
f 3800 3370 3799
f 3371 3370 3800
f 3341 3371 3763
f 3371 3801 3763
f 3371 3800 3801
f 3763 3801 3344
f 3801 3372 3344
f 3801 3802 3372
f 3372 3803 3373
f 3802 3803 3372
f 3373 3804 3374
f 3803 3804 3373
f 3346 3374 3764
f 3374 3805 3764
f 3374 3804 3805
f 3764 3805 3765
f 3765 3805 3806
f 3765 3806 3350
f 3806 3375 3350
f 3806 3807 3375
f 3351 3375 3766
f 3375 3808 3766
f 3375 3807 3808
f 3766 3808 3767
f 3767 3808 3809
f 3767 3809 3768
f 3768 3809 3810
f 3768 3810 3769
f 3773 3376 3356
f 3811 3376 3773
f 3814 3813 3812
f 3378 3379 3812
f 3813 3378 3812
f 3815 3378 3813
f 3774 3381 3776
f 3381 3815 3776
f 3381 3378 3815
f 3381 3774 3382
f 3382 3774 3777
f 3382 3777 3359
f 3779 3383 3360
f 3383 3779 3384
f 3384 3779 3781
f 3384 3781 3385
f 3385 3781 3783
f 3385 3783 3386
f 3386 3783 3785
f 3386 3785 3387
f 3387 3785 3787
f 3387 3787 3388
f 3388 3787 3789
f 3388 3789 3389
f 3389 3789 3791
f 3389 3791 3390
f 3390 3791 3793
f 3390 3793 3362
f 3796 3392 3363
f 3816 3392 3796
f 3394 3817 3395
f 3395 3817 3818
f 3819 3395 3818
f 3396 3395 3819
f 3819 3821 3820
f 3397 3819 3820
f 3396 3819 3397
f 3820 3399 3397
f 3403 3822 3797
f 3403 3797 3368
f 3797 3823 3798
f 3797 3822 3823
f 3799 3798 3824
f 3824 3798 3823
f 3826 3405 3825
f 3405 3811 3825
f 3405 3376 3811
f 3827 3826 3825
f 3829 3828 3406
f 3829 3406 3407
f 3812 3408 3814
f 3408 3828 3814
f 3408 3406 3828
f 3408 3812 3379
f 3816 3830 3392
f 3392 3830 3409
f 3410 3409 3830
f 3410 3830 3831
f 3412 3832 3411
f 3411 3832 3833
f 3834 3411 3833
f 3413 3411 3834
f 3413 3835 3414
f 3834 3835 3413
f 3414 3836 3415
f 3835 3836 3414
f 3415 3837 3416
f 3836 3837 3415
f 3416 3838 3417
f 3837 3838 3416
f 3417 3839 3418
f 3838 3839 3417
f 3418 3840 3419
f 3839 3840 3418
f 3840 3842 3841
f 3420 3840 3841
f 3419 3840 3420
f 3423 3817 3394
f 3421 3420 3841
f 3843 3818 3817
f 3423 3843 3817
f 3424 3843 3423
f 3425 3820 3821
f 3843 3425 3821
f 3424 3425 3843
f 3820 3425 3399
f 3426 3822 3403
f 3822 3426 3428
f 3844 3822 3428
f 3823 3822 3844
f 3824 3823 3845
f 3845 3823 3844
f 3826 3429 3405
f 3847 3846 3430
f 3847 3430 3429
f 3827 3847 3429
f 3826 3827 3429
f 3849 3848 3846
f 3849 3846 3847
f 3431 3432 3848
f 3849 3431 3848
f 3850 3431 3849
f 3431 3851 3433
f 3850 3851 3431
f 3407 3433 3829
f 3829 3433 3851
f 3831 3852 3410
f 3410 3852 3434
f 3434 3853 3435
f 3852 3853 3434
f 3435 3854 3436
f 3853 3854 3435
f 3412 3436 3832
f 3436 3855 3832
f 3436 3854 3855
f 3832 3855 3833
f 3857 3856 3439
f 3439 3856 3438
f 3440 3841 3842
f 3857 3440 3842
f 3439 3440 3857
f 3841 3440 3421
f 3442 3858 3443
f 3858 3859 3443
f 3443 3859 3428
f 3859 3860 3428
f 3860 3844 3428
f 3844 3860 3845
f 3846 3444 3430
f 3444 3846 3445
f 3445 3846 3848
f 3445 3848 3432
f 3863 3862 3861
f 3447 3448 3861
f 3448 3863 3861
f 3448 3864 3863
f 3448 3438 3856
f 3448 3856 3864
f 3450 3865 3451
f 3865 3866 3451
f 3451 3866 3442
f 3866 3867 3442
f 3867 3858 3442
f 3858 3867 3859
f 3869 3868 3454
f 3454 3868 3453
f 3455 3861 3862
f 3869 3455 3862
f 3454 3455 3869
f 3861 3455 3447
f 3457 3870 3458
f 3870 3871 3458
f 3458 3871 3450
f 3871 3872 3450
f 3872 3865 3450
f 3865 3872 3866
f 3875 3874 3873
f 3868 3875 3873
f 3460 3868 3873
f 3453 3868 3460
f 3464 3876 3465
f 3876 3877 3465
f 3465 3877 3457
f 3877 3878 3457
f 3878 3870 3457
f 3870 3878 3871
f 3881 3880 3879
f 3883 3882 3879
f 3879 3882 3881
f 3882 3883 3874
f 3874 3883 3873
f 3883 3467 3873
f 3467 3468 3873
f 3873 3468 3460
f 3475 3884 3476
f 3476 3884 3885
f 3886 3476 3885
f 3477 3476 3886
f 3464 3477 3876
f 3477 3887 3876
f 3477 3886 3887
f 3876 3887 3877
f 3890 3889 3888
f 3890 3888 3880
f 3880 3888 3879
f 3888 3479 3879
f 3479 3480 3879
f 3879 3480 3481
f 3891 3879 3481
f 3883 3879 3891
f 3891 3483 3467
f 3891 3467 3883
f 3490 3892 3491
f 3892 3893 3491
f 3491 3893 3475
f 3893 3894 3475
f 3894 3884 3475
f 3884 3894 3885
f 3888 3889 3895
f 3895 3889 3896
f 3895 3493 3479
f 3895 3479 3888
f 3494 3891 3481
f 3483 3891 3494
f 3496 3497 3897
f 3897 3499 3496
f 3503 3898 3504
f 3899 3505 3504
f 3899 3504 3898
f 3899 3900 3505
f 3505 3900 3490
f 3900 3901 3490
f 3901 3892 3490
f 3892 3901 3893
f 3895 3896 3902
f 3902 3896 3903
f 3904 3506 3493
f 3895 3904 3493
f 3902 3904 3895
f 3904 3508 3506
f 3509 3897 3497
f 3905 3509 3512
f 3905 3897 3509
f 3905 3511 3499
f 3897 3905 3499
f 3905 3514 3511
f 3515 3906 3516
f 3907 3517 3516
f 3907 3516 3906
f 3907 3908 3517
f 3517 3908 3503
f 3908 3909 3503
f 3909 3898 3503
f 3898 3909 3899
f 3899 3909 3910
f 3899 3910 3900
f 3913 3912 3911
f 3915 3914 3911
f 3911 3914 3913
f 3914 3915 3903
f 3915 3902 3903
f 3915 3916 3902
f 3902 3917 3904
f 3902 3916 3917
f 3918 3518 3508
f 3904 3918 3508
f 3917 3918 3904
f 3918 3520 3518
f 3521 3919 3905
f 3521 3905 3512
f 3920 3522 3514
f 3905 3920 3514
f 3919 3920 3905
f 3906 3515 3522
f 3920 3906 3522
f 3921 3906 3920
f 3923 3907 3922
f 3907 3921 3922
f 3907 3906 3921
f 3907 3923 3908
f 3926 3925 3924
f 3926 3924 3912
f 3924 3911 3912
f 3924 3927 3911
f 3911 3928 3915
f 3911 3927 3928
f 3915 3929 3916
f 3915 3928 3929
f 3916 3930 3917
f 3916 3929 3930
f 3917 3931 3918
f 3917 3930 3931
f 3932 3523 3520
f 3918 3932 3520
f 3931 3932 3918
f 3919 3521 3523
f 3932 3919 3523
f 3933 3919 3932
f 3935 3920 3934
f 3920 3933 3934
f 3920 3919 3933
f 3920 3935 3921
f 3921 3935 3936
f 3921 3936 3922
f 3924 3925 3937
f 3937 3925 3938
f 3924 3939 3927
f 3924 3937 3939
f 3927 3940 3928
f 3927 3939 3940
f 3928 3941 3929
f 3928 3940 3941
f 3929 3942 3930
f 3929 3941 3942
f 3944 3931 3943
f 3931 3942 3943
f 3931 3930 3942
f 3946 3945 3944
f 3945 3931 3944
f 3945 3932 3931
f 3948 3933 3947
f 3933 3945 3947
f 3933 3932 3945
f 3933 3948 3934
f 3938 3949 3937
f 3951 3950 3949
f 3950 3937 3949
f 3950 3939 3937
f 3939 3952 3940
f 3939 3950 3952
f 3940 3953 3941
f 3940 3952 3953
f 3941 3954 3942
f 3941 3953 3954
f 3943 3942 3955
f 3955 3942 3954
f 3946 3956 3945
f 3945 3956 3947
f 3951 3957 3950
f 3950 3957 3952
f 3952 3957 3958
f 3952 3958 3953
f 3953 3958 3959
f 3953 3959 3954
f 3954 3959 3960
f 3954 3960 3955
f 3963 3962 3961
f 3965 3964 3961
f 3961 3964 3963
f 3967 3966 3965
f 3965 3966 3964
f 3967 3968 3966
f 3971 3970 3969
f 3973 3972 3969
f 3969 3972 3971
f 3972 3973 3962
f 3973 3961 3962
f 3973 3974 3961
f 3961 3975 3965
f 3961 3974 3975
f 3965 3976 3967
f 3965 3975 3976
f 3968 3967 3977
f 3967 3978 3977
f 3967 3976 3978
f 3978 3979 3977
f 3981 3980 3525
f 3525 3980 3524
f 3982 3525 3526
f 3982 3981 3525
f 3983 3526 3527
f 3983 3982 3526
f 3984 3527 3528
f 3984 3983 3527
f 3985 3528 3529
f 3985 3984 3528
f 3986 3529 3530
f 3986 3985 3529
f 3988 3986 3987
f 3986 3531 3987
f 3986 3530 3531
f 3532 3989 3531
f 3531 3989 3987
f 3534 3989 3532
f 3991 3990 3537
f 3537 3990 3536
f 3992 3537 3538
f 3992 3991 3537
f 3993 3538 3539
f 3993 3992 3538
f 3994 3539 3540
f 3994 3993 3539
f 3995 3540 3541
f 3995 3994 3540
f 3996 3541 3542
f 3996 3995 3541
f 3998 3997 3543
f 3997 3542 3543
f 3997 3996 3542
f 3998 3999 3997
f 3969 3970 4000
f 4000 3970 4001
f 3969 4002 3973
f 3969 4000 4002
f 3973 4003 3974
f 3973 4002 4003
f 3974 4004 3975
f 3974 4003 4004
f 3975 4005 3976
f 3975 4004 4005
f 3976 4006 3978
f 3976 4005 4006
f 3979 3978 4007
f 3978 4008 4007
f 3978 4006 4008
f 4008 4009 4007
f 3980 3544 3524
f 4010 3544 3980
f 4011 3988 3987
f 4011 3987 3989
f 4011 3989 4012
f 4012 3989 3534
f 3545 4012 3534
f 4013 4012 3545
f 4015 4013 4014
f 4013 3546 4014
f 4013 3545 3546
f 3548 4014 3546
f 4016 3549 3550
f 3551 4017 3550
f 3550 4017 4016
f 3552 4018 3551
f 3551 4018 4017
f 3553 4019 3552
f 3552 4019 4018
f 3555 4019 3553
f 4021 4020 3558
f 3558 4020 3557
f 3558 3536 3990
f 3558 3990 4021
f 3559 3998 3543
f 4022 3999 3998
f 3559 4022 3998
f 3560 4022 3559
f 4023 3560 3561
f 4023 4022 3560
f 4024 3561 3562
f 4024 4023 3561
f 4025 3562 3563
f 4025 4024 3562
f 3563 3564 4025
f 4025 3564 4026
f 4001 4027 4000
f 4029 4028 4027
f 4028 4000 4027
f 4028 4002 4000
f 4028 3566 3567
f 4003 4028 3567
f 4002 4028 4003
f 4003 3567 3568
f 4003 3568 4004
f 4004 3568 3570
f 4004 3570 4005
f 4005 3570 3572
f 4030 4005 3572
f 4006 4005 4030
f 4006 4031 4008
f 4006 4030 4031
f 4009 4008 4032
f 4008 4033 4032
f 4008 4031 4033
f 4033 4034 4032
f 4010 3573 3544
f 4035 3573 4010
f 4036 4015 4014
f 4036 4014 3548
f 3574 4036 3548
f 4037 4036 3574
f 3574 3549 4016
f 4038 3574 4016
f 4037 3574 4038
f 4038 4016 4017
f 4038 4017 4039
f 4039 4017 4018
f 4039 4018 4040
f 4040 4018 4019
f 4040 4019 4041
f 4041 4019 3555
f 3575 4041 3555
f 4042 4041 3575
f 4043 3575 3576
f 4043 4042 3575
f 4044 3576 3577
f 4044 4043 3576
f 4045 3577 3578
f 4045 4044 3577
f 3578 3579 4045
f 4045 3579 4046
f 4020 3580 3557
f 4047 3580 4020
f 4048 4026 3564
f 4048 3564 3581
f 4049 3581 3582
f 4049 4048 3581
f 3583 4028 4029
f 4049 3583 4029
f 3582 3583 4049
f 4028 3583 3566
f 3584 4030 3572
f 4030 3584 3585
f 4030 3585 4031
f 4031 3585 3586
f 4050 4031 3586
f 4033 4031 4050
f 4034 4033 4051
f 4033 4052 4051
f 4033 4050 4052
f 4052 4053 4051
f 4056 4055 4054
f 3588 3589 4054
f 3589 4056 4054
f 3589 4057 4056
f 4058 3589 3590
f 4058 4057 3589
f 4059 3590 3592
f 4059 4058 3590
f 4061 4060 3594
f 4060 3592 3594
f 4060 4059 3592
f 4063 4062 4061
f 4061 4062 4060
f 4065 4064 4063
f 4063 4064 4062
f 4065 4066 4064
f 4035 3595 3573
f 4067 3595 4035
f 4068 4046 3579
f 4068 3579 3596
f 3596 3580 4047
f 3596 4047 4068
f 3597 4050 3586
f 4050 3597 3598
f 4050 3598 4052
f 4069 4053 4052
f 3598 4069 4052
f 3600 4069 3598
f 3602 4054 4055
f 4069 3602 4055
f 3600 3602 4069
f 4054 3602 3588
f 3604 4061 3594
f 4061 3604 3606
f 4061 3606 4063
f 4063 3606 3607
f 4063 3607 4065
f 4070 4066 4065
f 3607 4070 4065
f 3608 4070 3607
f 4071 3608 3609
f 4071 4070 3608
f 4072 3609 3611
f 4072 4071 3609
f 4073 3611 3613
f 4073 4072 3611
f 4075 4074 3615
f 4074 3613 3615
f 4074 4073 3613
f 4077 4076 4075
f 4075 4076 4074
f 4077 4078 4076
f 4079 3617 3618
f 4080 4079 3618
f 3595 4080 3618
f 4067 4080 3595
f 3619 4075 3615
f 4075 3619 3621
f 4075 3621 4077
f 4082 4081 3623
f 3623 4081 3621
f 4081 4078 3621
f 4078 4077 3621
f 4082 4083 4081
f 4085 4084 4079
f 4084 3617 4079
f 4084 3625 3617
f 4085 4079 4080
f 3626 4082 3623
f 4087 4086 3628
f 3628 4086 3626
f 4086 4083 3626
f 4083 4082 3626
f 4087 4088 4086
f 4084 4089 3625
f 3625 4089 3629
f 3630 3629 4089
f 3630 4089 4090
f 3631 4087 3628
f 4091 4088 4087
f 3631 4091 4087
f 3633 4091 3631
f 4093 4092 3635
f 4092 3633 3635
f 4092 4091 3633
f 4093 4094 4092
f 4090 3636 3630
f 4095 3636 4090
f 3637 4093 3635
f 4097 4096 3639
f 3639 4096 3637
f 4096 4094 3637
f 4094 4093 3637
f 4097 4098 4096
f 4095 3640 3636
f 4099 3640 4095
f 3641 4097 3639
f 3641 3643 4097
f 3643 4098 4097
f 3643 4100 4098
f 4102 3644 4101
f 3644 4099 4101
f 3644 3640 4099
f 4103 4102 4101
f 4106 4105 4104
f 3646 3647 4104
f 4105 3646 4104
f 4107 3646 4105
f 3646 4108 3649
f 4107 4108 3646
f 3649 4109 3651
f 4108 4109 3649
f 3651 4110 3653
f 4109 4110 3651
f 3653 4111 3655
f 4110 4111 3653
f 3655 4112 3657
f 4111 4112 3655
f 3657 4113 3659
f 4112 4113 3657
f 3659 4114 3661
f 4113 4114 3659
f 4116 4115 3662
f 3661 4116 3662
f 4114 4116 3661
f 4118 4117 4115
f 4118 4115 4116
f 4119 4117 4118
f 3663 4121 4120
f 4100 3663 4120
f 3643 3663 4100
f 4121 4122 4120
f 4102 3664 3644
f 4103 4123 4102
f 4123 3664 4102
f 4123 3665 3664
f 4104 3666 4106
f 3666 4123 4106
f 3666 3665 4123
f 3666 4104 3647
f 4115 3667 3662
f 3667 4115 3668
f 3668 4115 4117
f 4119 4124 4117
f 4124 3668 4117
f 4124 3669 3668
f 3669 4125 3670
f 4124 4125 3669
f 3670 4126 3671
f 4125 4126 3670
f 3671 4127 3673
f 4126 4127 3671
f 3674 3673 4127
f 3674 4127 4128
f 3675 4121 3663
f 3675 3677 4121
f 3677 4122 4121
f 3677 4129 4122
f 4128 4130 3674
f 3674 4130 3678
f 3678 4131 3679
f 4130 4131 3678
f 3680 3679 4131
f 3680 4131 4132
f 3682 4129 3677
f 3682 4133 4129
f 4132 3683 3680
f 4134 3683 4132
f 3685 4133 3682
f 3685 4135 4133
f 4134 3686 3683
f 4136 3686 4134
f 3688 4135 3685
f 3688 4137 4135
f 4136 3689 3686
f 4138 3689 4136
f 3691 4137 3688
f 3691 4139 4137
f 4140 3692 3693
f 4141 4140 3693
f 3689 4141 3693
f 4138 4141 3689
f 3695 4139 3691
f 3695 4142 4139
f 4143 3699 3700
f 4143 3700 4144
f 3700 4145 4144
f 3700 3701 4145
f 3701 3692 4140
f 4146 3701 4140
f 4145 3701 4146
f 4146 4140 4141
f 3703 4142 3695
f 3703 4147 4142
f 4148 3705 3706
f 3707 4149 3706
f 3706 4149 4148
f 3708 4150 3707
f 3707 4150 4149
f 3709 4151 3708
f 3708 4151 4150
f 3711 4151 3709
f 4152 3719 3720
f 3721 4153 3720
f 3720 4153 4152
f 3722 4154 3721
f 3721 4154 4153
f 4155 4154 3722
f 4155 3722 3699
f 4156 4155 3699
f 4143 4156 3699
f 4156 4143 4144
f 3724 4157 3723
f 4157 4158 3723
f 4158 3703 3723
f 4158 4147 3703
f 4159 3725 3726
f 4160 4159 3726
f 4160 3726 3705
f 4161 4160 3705
f 4148 4161 3705
f 4161 4148 4149
f 4161 4149 4162
f 4162 4149 4150
f 4162 4150 4163
f 4165 4164 4163
f 4150 4165 4163
f 4151 4165 4150
f 3727 4166 3711
f 4166 4151 3711
f 4166 4165 4151
f 3728 4167 3727
f 3727 4167 4166
f 3729 4168 3728
f 3728 4168 4167
f 3730 4169 3729
f 3729 4169 4168
f 3731 4170 3730
f 3730 4170 4169
f 3732 4170 3731
f 4171 3734 3735
f 3736 4172 3735
f 3735 4172 4171
f 3719 4152 3736
f 4152 4172 3736
f 4152 4173 4172
f 4153 4175 4174
f 4173 4153 4174
f 4152 4153 4173
f 4175 4153 4154
f 4175 4154 4176
f 4176 4154 4155
f 4178 4177 4157
f 3724 4178 4157
f 3738 4178 3724
f 4157 4177 4158
f 4180 4179 4159
f 4179 3725 4159
f 4179 3739 3725
f 4180 4159 4160
f 4181 4164 4165
f 4181 4165 4166
f 4181 4166 4182
f 4182 4166 4167
f 4182 4167 4183
f 4183 4167 4168
f 4183 4168 4184
f 4186 4185 4184
f 4168 4186 4184
f 4169 4186 4168
f 4187 4169 4170
f 4186 4169 4187
f 3740 4188 3732
f 4188 4170 3732
f 4188 4187 4170
f 3734 4171 3740
f 4171 4188 3740
f 4171 4189 4188
f 4172 4191 4190
f 4189 4172 4190
f 4171 4172 4189
f 4191 4172 4173
f 4191 4173 4192
f 4192 4173 4174
f 3742 4193 3743
f 4193 4194 3743
f 4194 3738 3743
f 4194 4178 3738
f 4179 3744 3739
f 4195 3744 4179
f 4196 4185 4186
f 4198 4197 4196
f 4186 4198 4196
f 4187 4198 4186
f 4199 4187 4188
f 4198 4187 4199
f 4200 4188 4189
f 4199 4188 4200
f 4189 4190 4201
f 4189 4201 4200
f 3746 4202 3747
f 3747 4202 4203
f 4204 3747 4203
f 3748 3747 4204
f 3742 3748 4193
f 3748 4205 4193
f 3748 4204 4205
f 4193 4205 4194
f 4195 3749 3744
f 4206 3749 4195
f 4197 4198 4207
f 4197 4207 4208
f 4209 4198 4199
f 4207 4198 4209
f 4210 4199 4200
f 4209 4199 4210
f 4200 4201 4211
f 4200 4211 4210
f 3751 4212 3752
f 4212 4213 3752
f 3752 4213 3746
f 4213 4214 3746
f 4214 4202 3746
f 4202 4214 4203
f 4206 3753 3749
f 4215 3753 4206
f 4218 4217 4216
f 4216 4217 4208
f 4207 4216 4208
f 4219 4216 4207
f 4220 4207 4209
f 4219 4207 4220
f 4221 4209 4210
f 4220 4209 4221
f 4210 4211 4222
f 4223 4210 4222
f 4221 4210 4223
f 4225 4224 4223
f 4225 4223 4222
f 4226 4224 4225
f 3756 4227 3757
f 4227 4228 3757
f 3757 4228 3751
f 4228 4229 3751
f 4229 4212 3751
f 4212 4229 4213
f 4215 3758 3753
f 4230 3758 4215
f 4233 4232 4231
f 4231 4232 4218
f 4216 4231 4218
f 4234 4231 4216
f 4235 4216 4219
f 4234 4216 4235
f 3761 4235 3760
f 4235 4220 3760
f 4235 4219 4220
f 3760 4220 3762
f 4220 4236 3762
f 4220 4221 4236
f 4237 4221 4223
f 4236 4221 4237
f 4238 4223 4224
f 4237 4223 4238
f 4224 4226 4239
f 4240 4224 4239
f 4238 4224 4240
f 4242 4241 4240
f 4242 4240 4239
f 4244 4243 4241
f 4244 4241 4242
f 4245 4243 4244
f 4248 4247 4246
f 4249 4246 4247
f 3769 4250 3770
f 4251 3771 3770
f 4251 3770 4250
f 3771 4251 4252
f 4253 3771 4252
f 3772 3771 4253
f 3756 3772 4227
f 3772 4254 4227
f 3772 4253 4254
f 4227 4254 4228
f 4230 3773 3758
f 4255 3773 4230
f 4258 4257 4256
f 4256 4257 4233
f 4231 4256 4233
f 4259 4256 4231
f 3776 4259 3775
f 4259 4234 3775
f 4259 4231 4234
f 3775 4234 3778
f 3778 4234 4235
f 3778 4235 3761
f 4236 3780 3762
f 3780 4236 3782
f 3782 4236 4237
f 3782 4237 3784
f 3784 4237 4238
f 3784 4238 3786
f 3786 4238 4240
f 3786 4240 3788
f 3788 4240 4241
f 3788 4241 3790
f 3790 4241 4243
f 4245 4260 4243
f 4260 3790 4243
f 4260 3792 3790
f 3792 4261 3794
f 4260 4261 3792
f 4246 3795 4248
f 3795 4261 4248
f 3795 3794 4261
f 3796 3795 4246
f 4249 3796 4246
f 4262 3796 4249
f 3799 4263 3800
f 3800 4263 4264
f 4265 3800 4264
f 3801 3800 4265
f 3801 4266 3802
f 4265 4266 3801
f 3802 4267 3803
f 4266 4267 3802
f 3803 4268 3804
f 4267 4268 3803
f 3804 4269 3805
f 4268 4269 3804
f 3805 4270 3806
f 4269 4270 3805
f 3806 4271 3807
f 4270 4271 3806
f 3807 4272 3808
f 4271 4272 3807
f 3808 4273 3809
f 4272 4273 3808
f 3809 4274 3810
f 4273 4274 3809
f 3769 3810 4250
f 3810 4275 4250
f 3810 4274 4275
f 4250 4275 4251
f 4251 4275 4276
f 4251 4276 4252
f 4255 3811 3773
f 4277 3811 4255
f 4280 4279 4278
f 4278 4279 4258
f 4278 4258 4256
f 3814 4278 4256
f 3813 3814 4256
f 3813 4256 3815
f 3815 4256 4259
f 3815 4259 3776
f 4262 3816 3796
f 4281 3816 4262
f 3818 4282 3819
f 4282 3821 3819
f 4284 4283 4263
f 3799 4284 4263
f 3824 4284 3799
f 4263 4283 4264
f 4277 4285 3811
f 3811 4285 3825
f 3827 3825 4285
f 3827 4285 4286
f 4289 4288 4287
f 4287 4288 4280
f 4287 4280 4278
f 3829 4287 4278
f 3828 3829 4278
f 3828 4278 3814
f 4281 4290 3816
f 3816 4290 3830
f 3831 3830 4290
f 3831 4290 4291
f 4294 4293 4292
f 4296 4295 4292
f 4296 4292 4293
f 4298 4297 4295
f 4298 4295 4296
f 3834 3833 4297
f 4298 3834 4297
f 4299 3834 4298
f 3834 4300 3835
f 4299 4300 3834
f 3835 4301 3836
f 4300 4301 3835
f 3836 4302 3837
f 4301 4302 3836
f 3837 4303 3838
f 4302 4303 3837
f 3838 4304 3839
f 4303 4304 3838
f 3839 4305 3840
f 4304 4305 3839
f 4307 4306 3842
f 3840 4307 3842
f 4305 4307 3840
f 4308 4306 4307
f 3843 4282 3818
f 4282 3843 3821
f 3845 4284 3824
f 3845 4309 4284
f 4286 4310 3827
f 3827 4310 3847
f 3847 4311 3849
f 4310 4311 3847
f 3849 4312 3850
f 4311 4312 3849
f 4287 3851 4289
f 3851 4312 4289
f 3851 3850 4312
f 3851 4287 3829
f 4291 4313 3831
f 3831 4313 3852
f 4292 3853 4294
f 3853 4313 4294
f 3853 3852 4313
f 3853 4292 3854
f 3854 4292 4295
f 3854 4295 3855
f 3855 4295 4297
f 3855 4297 3833
f 4315 4314 3857
f 3857 4314 3856
f 3857 3842 4306
f 4316 3857 4306
f 4315 3857 4316
f 4316 4306 4308
f 4318 4317 3860
f 4318 3860 3859
f 3845 3860 4309
f 4309 3860 4317
f 4319 3862 3863
f 4319 3863 4320
f 3863 4321 4320
f 3863 3864 4321
f 3864 3856 4314
f 3864 4314 4321
f 4323 4322 3867
f 4323 3867 3866
f 3859 3867 4318
f 4318 3867 4322
f 4325 4324 3869
f 3869 4324 3868
f 3869 3862 4319
f 4326 3869 4319
f 4325 3869 4326
f 4326 4319 4320
f 4328 4327 3872
f 4328 3872 3871
f 3866 3872 4323
f 4323 3872 4327
f 4330 4329 3875
f 3875 4329 3874
f 3875 3868 4324
f 3875 4324 4330
f 4332 4331 3878
f 4332 3878 3877
f 3871 3878 4328
f 4328 3878 4331
f 4335 4334 4333
f 3880 3881 4333
f 3881 4335 4333
f 3881 4336 4335
f 4337 3881 3882
f 4337 4336 3881
f 3882 3874 4329
f 3882 4329 4337
f 3885 4338 3886
f 3886 4338 4339
f 4340 3886 4339
f 3887 3886 4340
f 3877 3887 4332
f 4332 3887 4340
f 4333 4334 3890
f 4334 3889 3890
f 4334 4341 3889
f 4333 3890 3880
f 4343 4342 3894
f 4343 3894 3893
f 3885 3894 4338
f 3894 4344 4338
f 3894 4342 4344
f 4338 4344 4339
f 4347 4346 4345
f 4341 4347 4345
f 3896 4341 4345
f 3889 4341 3896
f 4349 4348 3901
f 4349 3901 3900
f 3893 3901 4343
f 4343 3901 4348
f 4352 4351 4350
f 4352 4350 4346
f 4350 4345 4346
f 4350 4353 4345
f 4353 3903 3896
f 4353 3896 4345
f 3908 4354 3909
f 3909 4354 4355
f 4356 3909 4355
f 3910 3909 4356
f 3900 3910 4349
f 4349 3910 4356
f 4359 4358 4357
f 4359 4357 4351
f 4351 4357 4350
f 4357 3912 4350
f 3912 3913 4350
f 4350 3913 3914
f 4350 3914 4353
f 4353 3914 3903
f 4361 4360 3923
f 4361 3923 3922
f 3908 3923 4354
f 3923 4362 4354
f 3923 4360 4362
f 4354 4362 4355
f 4365 4364 4363
f 4365 4363 4358
f 4358 4363 4357
f 4363 3925 4357
f 3925 3926 4357
f 4357 3926 3912
f 3934 4366 3935
f 3935 4366 4367
f 4368 3935 4367
f 3936 3935 4368
f 3922 3936 4361
f 4361 3936 4368
f 4371 4370 4369
f 4371 4369 4364
f 4369 4363 4364
f 4369 4372 4363
f 4372 3938 3925
f 4372 3925 4363
f 3943 4373 3944
f 4373 3946 3944
f 3947 4374 3948
f 4374 4375 3948
f 3948 4375 3934
f 4375 4376 3934
f 4376 4366 3934
f 4366 4376 4367
f 4369 4370 4377
f 4377 4370 4378
f 4369 4379 4372
f 4369 4377 4379
f 4380 3949 3938
f 4372 4380 3938
f 4379 4380 4372
f 4380 3951 3949
f 4382 4381 4373
f 3943 4382 4373
f 3955 4382 3943
f 4373 4381 3946
f 4381 3956 3946
f 4381 4383 3956
f 3947 3956 4374
f 3956 4384 4374
f 3956 4383 4384
f 4374 4384 4375
f 4387 4386 4385
f 4387 4385 4378
f 4385 4377 4378
f 4385 4388 4377
f 4377 4389 4379
f 4377 4388 4389
f 4379 4390 4380
f 4379 4389 4390
f 4391 3957 3951
f 4380 4391 3951
f 4390 4391 4380
f 4392 3958 3957
f 4392 3957 4391
f 4393 3959 3958
f 4393 3958 4392
f 3959 4393 4394
f 4395 3959 4394
f 3960 3959 4395
f 3955 3960 4382
f 4382 3960 4395
f 4385 4386 4396
f 4396 4386 4397
f 4385 4398 4388
f 4385 4396 4398
f 4388 4399 4389
f 4388 4398 4399
f 4389 4400 4390
f 4389 4399 4400
f 4390 4401 4391
f 4390 4400 4401
f 4391 4402 4392
f 4391 4401 4402
f 4404 4393 4403
f 4393 4402 4403
f 4393 4392 4402
f 4393 4404 4394
f 4396 4397 4405
f 4405 4397 4406
f 4396 4407 4398
f 4396 4405 4407
f 4398 4408 4399
f 4398 4407 4408
f 4410 4400 4409
f 4400 4408 4409
f 4400 4399 4408
f 4400 4410 4401
f 4401 4410 4411
f 4401 4411 4402
f 4402 4411 4412
f 4402 4412 4403
f 4406 4413 4405
f 4405 4413 4407
f 4407 4413 4414
f 4407 4414 4408
f 4408 4414 4415
f 4408 4415 4409
f 4418 4417 4416
f 4420 4419 4416
f 4416 4419 4418
f 4422 4421 4420
f 4420 4421 4419
f 4424 4423 4422
f 4422 4423 4421
f 4424 4425 4423
f 4428 4427 4426
f 4428 4426 4417
f 4426 4416 4417
f 4426 4429 4416
f 4416 4430 4420
f 4416 4429 4430
f 4420 4431 4422
f 4420 4430 4431
f 4422 4432 4424
f 4422 4431 4432
f 4425 4424 4433
f 4424 4434 4433
f 4424 4432 4434
f 4436 4435 4434
f 4434 4435 4433
f 4436 4437 4435
f 4427 4438 4426
f 4440 4439 4438
f 4439 4426 4438
f 4439 4429 4426
f 4429 4441 4430
f 4429 4439 4441
f 4430 4442 4431
f 4430 4441 4442
f 4431 4443 4432
f 4431 4442 4443
f 4432 4444 4434
f 4432 4443 4444
f 4434 4445 4436
f 4434 4444 4445
f 4437 4436 4446
f 4436 4447 4446
f 4436 4445 4447
f 4449 4448 4447
f 4447 4448 4446
f 4449 4450 4448
f 4439 4440 4451
f 4451 4440 4452
f 4439 4453 4441
f 4439 4451 4453
f 4441 4454 4442
f 4441 4453 4454
f 4442 4455 4443
f 4442 4454 4455
f 4443 4456 4444
f 4443 4455 4456
f 4444 4457 4445
f 4444 4456 4457
f 4445 4458 4447
f 4445 4457 4458
f 4447 4459 4449
f 4447 4458 4459
f 4450 4449 4460
f 4449 4461 4460
f 4449 4459 4461
f 4461 4462 4460
f 4452 4463 4451
f 4451 4463 4453
f 4453 4463 4464
f 4466 4465 4464
f 4465 4453 4464
f 4465 4454 4453
f 4454 4467 4455
f 4454 4465 4467
f 4455 4468 4456
f 4455 4467 4468
f 4456 4469 4457
f 4456 4468 4469
f 4469 3962 3963
f 4458 4469 3963
f 4457 4469 4458
f 4458 3963 3964
f 4458 3964 4459
f 4459 3964 3966
f 4459 3966 4461
f 4471 4470 3968
f 3968 4470 3966
f 4470 4462 3966
f 4462 4461 3966
f 4473 4472 4471
f 4471 4472 4470
f 4473 4474 4472
f 4466 4475 4465
f 4477 4476 4475
f 4476 4465 4475
f 4476 4467 4465
f 4476 3970 3971
f 4468 4476 3971
f 4467 4476 4468
f 4468 3971 3972
f 4468 3972 4469
f 4469 3972 3962
f 3977 4471 3968
f 4471 3977 3979
f 4478 4471 3979
f 4473 4471 4478
f 4474 4473 4479
f 4473 4480 4479
f 4473 4478 4480
f 4480 4481 4479
f 4482 3980 3981
f 4482 3981 4483
f 3981 4484 4483
f 3981 3982 4484
f 4485 3982 3983
f 4485 4484 3982
f 4486 3983 3984
f 4486 4485 3983
f 4487 3984 3985
f 4487 4486 3984
f 4489 4487 4488
f 4487 3986 4488
f 4487 3985 3986
f 3988 4488 3986
f 4491 4490 3991
f 3991 4490 3990
f 4492 3991 3992
f 4492 4491 3991
f 4493 3992 3993
f 4493 4492 3992
f 4494 3993 3994
f 4494 4493 3993
f 4495 3994 3995
f 4495 4494 3994
f 4496 3995 3996
f 4496 4495 3995
f 4497 3996 3997
f 4497 4496 3996
f 3997 3999 4497
f 4497 3999 4498
f 4477 4499 4476
f 3970 4476 4499
f 4500 3970 4499
f 4001 3970 4500
f 4007 4478 3979
f 4478 4007 4009
f 4501 4478 4009
f 4480 4478 4501
f 4481 4480 4502
f 4480 4503 4502
f 4480 4501 4503
f 4503 4504 4502
f 4506 4505 4482
f 4505 3980 4482
f 4505 4010 3980
f 4506 4482 4483
f 4507 4489 4488
f 4507 4488 3988
f 4011 4507 3988
f 4508 4507 4011
f 4510 4508 4509
f 4508 4012 4509
f 4508 4011 4012
f 4013 4511 4012
f 4012 4511 4509
f 4015 4511 4013
f 4513 4512 4021
f 4021 4512 4020
f 4021 3990 4490
f 4021 4490 4513
f 4514 4498 3999
f 4514 3999 4022
f 4515 4022 4023
f 4515 4514 4022
f 4516 4023 4024
f 4516 4515 4023
f 4517 4024 4025
f 4517 4516 4024
f 4519 4518 4026
f 4518 4025 4026
f 4518 4517 4025
f 4520 4518 4519
f 4001 4521 4027
f 4521 4001 4500
f 4029 4027 4521
f 4029 4521 4522
f 4032 4501 4009
f 4501 4032 4034
f 4523 4501 4034
f 4503 4501 4523
f 4504 4503 4524
f 4524 4503 4523
f 4505 4035 4010
f 4525 4035 4505
f 4526 4510 4509
f 4526 4509 4511
f 4526 4511 4527
f 4529 4527 4528
f 4528 4527 4036
f 4527 4511 4036
f 4511 4015 4036
f 4037 4530 4036
f 4036 4530 4528
f 4038 4531 4037
f 4037 4531 4530
f 4039 4532 4038
f 4038 4532 4531
f 4040 4533 4039
f 4039 4533 4532
f 4041 4534 4040
f 4040 4534 4533
f 4042 4535 4041
f 4041 4535 4534
f 4043 4536 4042
f 4042 4536 4535
f 4044 4537 4043
f 4043 4537 4536
f 4045 4538 4044
f 4044 4538 4537
f 4046 4538 4045
f 4512 4047 4020
f 4539 4047 4512
f 4048 4519 4026
f 4540 4520 4519
f 4048 4540 4519
f 4049 4540 4048
f 4049 4029 4522
f 4049 4522 4540
f 4051 4523 4034
f 4542 4541 4053
f 4053 4541 4051
f 4541 4524 4051
f 4524 4523 4051
f 4055 4056 4542
f 4056 4541 4542
f 4056 4543 4541
f 4544 4056 4057
f 4544 4543 4056
f 4545 4057 4058
f 4545 4544 4057
f 4547 4545 4546
f 4545 4059 4546
f 4545 4058 4059
f 4060 4548 4059
f 4059 4548 4546
f 4548 4060 4549
f 4060 4550 4549
f 4060 4062 4550
f 4551 4062 4064
f 4551 4550 4062
f 4553 4552 4066
f 4552 4064 4066
f 4552 4551 4064
f 4555 4554 4553
f 4553 4554 4552
f 4557 4556 4555
f 4555 4556 4554
f 4559 4558 4557
f 4557 4558 4556
f 4559 4560 4558
f 4525 4067 4035
f 4561 4067 4525
f 4562 4529 4528
f 4564 4563 4562
f 4528 4564 4562
f 4530 4564 4528
f 4531 4566 4565
f 4564 4531 4565
f 4530 4531 4564
f 4566 4531 4532
f 4566 4532 4567
f 4567 4532 4533
f 4567 4533 4568
f 4568 4533 4534
f 4568 4534 4569
f 4569 4534 4535
f 4569 4535 4570
f 4570 4535 4536
f 4570 4536 4571
f 4571 4536 4537
f 4571 4537 4572
f 4572 4537 4538
f 4572 4538 4573
f 4573 4538 4046
f 4068 4573 4046
f 4574 4573 4068
f 4068 4047 4539
f 4068 4539 4574
f 4069 4542 4053
f 4542 4069 4055
f 4575 4547 4546
f 4575 4546 4548
f 4575 4548 4576
f 4576 4548 4549
f 4070 4553 4066
f 4553 4070 4071
f 4553 4071 4555
f 4555 4071 4072
f 4555 4072 4557
f 4557 4072 4073
f 4557 4073 4559
f 4577 4560 4559
f 4073 4577 4559
f 4074 4577 4073
f 4578 4074 4076
f 4578 4577 4074
f 4580 4579 4078
f 4579 4076 4078
f 4579 4578 4076
f 4580 4581 4579
f 4561 4080 4067
f 4582 4080 4561
f 4583 4563 4564
f 4583 4564 4565
f 4081 4580 4078
f 4585 4584 4083
f 4083 4584 4081
f 4584 4581 4081
f 4581 4580 4081
f 4585 4586 4584
f 4587 4084 4085
f 4588 4587 4085
f 4080 4588 4085
f 4582 4588 4080
f 4086 4585 4083
f 4590 4589 4088
f 4088 4589 4086
f 4589 4586 4086
f 4586 4585 4086
f 4590 4591 4589
f 4587 4089 4084
f 4090 4089 4587
f 4588 4090 4587
f 4592 4090 4588
f 4091 4590 4088
f 4593 4591 4590
f 4091 4593 4590
f 4092 4593 4091
f 4092 4094 4593
f 4593 4094 4594
f 4592 4095 4090
f 4595 4095 4592
f 4598 4597 4596
f 4599 4596 4597
f 4600 4594 4094
f 4600 4094 4096
f 4096 4098 4600
f 4600 4098 4601
f 4595 4099 4095
f 4602 4099 4595
f 4605 4604 4603
f 4607 4606 4603
f 4607 4603 4604
f 4609 4608 4606
f 4609 4606 4607
f 4611 4610 4608
f 4611 4608 4609
f 4610 4611 4598
f 4596 4610 4598
f 4612 4610 4596
f 4596 4599 4613
f 4614 4596 4613
f 4612 4596 4614
f 4615 4614 4613
f 4100 4617 4616
f 4601 4100 4616
f 4098 4100 4601
f 4617 4618 4616
f 4602 4619 4099
f 4099 4619 4101
f 4621 4620 4103
f 4101 4621 4103
f 4619 4621 4101
f 4105 4106 4620
f 4621 4105 4620
f 4622 4105 4621
f 4105 4623 4107
f 4622 4623 4105
f 4107 4624 4108
f 4623 4624 4107
f 4108 4625 4109
f 4624 4625 4108
f 4603 4110 4605
f 4110 4625 4605
f 4110 4109 4625
f 4110 4603 4111
f 4111 4603 4606
f 4111 4606 4112
f 4112 4606 4608
f 4112 4608 4113
f 4113 4608 4610
f 4113 4610 4114
f 4114 4610 4612
f 4114 4612 4116
f 4116 4612 4614
f 4615 4626 4614
f 4626 4116 4614
f 4626 4118 4116
f 4628 4627 4119
f 4118 4628 4119
f 4626 4628 4118
f 4630 4629 4627
f 4630 4627 4628
f 4631 4629 4630
f 4120 4617 4100
f 4120 4122 4617
f 4122 4618 4617
f 4122 4632 4618
f 4620 4123 4103
f 4123 4620 4106
f 4627 4124 4119
f 4124 4627 4125
f 4125 4627 4629
f 4631 4633 4629
f 4633 4125 4629
f 4633 4126 4125
f 4126 4634 4127
f 4633 4634 4126
f 4636 4635 4128
f 4127 4636 4128
f 4634 4636 4127
f 4637 4635 4636
f 4129 4632 4122
f 4129 4638 4632
f 4635 4130 4128
f 4637 4639 4635
f 4639 4130 4635
f 4639 4131 4130
f 4132 4131 4639
f 4132 4639 4640
f 4133 4642 4641
f 4638 4133 4641
f 4129 4133 4638
f 4642 4643 4641
f 4640 4134 4132
f 4644 4134 4640
f 4135 4645 4642
f 4135 4642 4133
f 4643 4642 4646
f 4646 4642 4645
f 4644 4136 4134
f 4647 4136 4644
f 4137 4648 4645
f 4137 4645 4135
f 4646 4645 4649
f 4649 4645 4648
f 4647 4138 4136
f 4650 4138 4647
f 4139 4651 4648
f 4139 4648 4137
f 4649 4648 4652
f 4652 4648 4651
f 4650 4141 4138
f 4653 4141 4650
f 4142 4654 4651
f 4142 4651 4139
f 4652 4651 4655
f 4655 4651 4654
f 4656 4144 4145
f 4656 4145 4657
f 4145 4658 4657
f 4145 4146 4658
f 4146 4141 4653
f 4146 4653 4658
f 4660 4659 4654
f 4142 4660 4654
f 4147 4660 4142
f 4654 4659 4655
f 4661 4155 4156
f 4144 4656 4156
f 4656 4661 4156
f 4656 4662 4661
f 4656 4657 4663
f 4656 4663 4662
f 4158 4660 4147
f 4158 4664 4660
f 4665 4160 4161
f 4162 4666 4161
f 4161 4666 4665
f 4163 4667 4162
f 4162 4667 4666
f 4164 4667 4163
f 4668 4174 4175
f 4176 4669 4175
f 4175 4669 4668
f 4155 4661 4176
f 4661 4669 4176
f 4661 4670 4669
f 4662 4672 4671
f 4670 4662 4671
f 4661 4662 4670
f 4672 4662 4663
f 4178 4673 4177
f 4673 4674 4177
f 4674 4158 4177
f 4674 4664 4158
f 4675 4179 4180
f 4676 4675 4180
f 4676 4180 4160
f 4677 4676 4160
f 4665 4677 4160
f 4677 4665 4666
f 4677 4666 4678
f 4678 4666 4667
f 4678 4667 4679
f 4681 4679 4680
f 4680 4679 4181
f 4679 4667 4181
f 4667 4164 4181
f 4182 4682 4181
f 4181 4682 4680
f 4183 4683 4182
f 4182 4683 4682
f 4184 4684 4183
f 4183 4684 4683
f 4185 4684 4184
f 4685 4190 4191
f 4192 4686 4191
f 4191 4686 4685
f 4174 4668 4192
f 4668 4686 4192
f 4668 4687 4686
f 4688 4668 4669
f 4687 4668 4688
f 4689 4669 4670
f 4688 4669 4689
f 4670 4671 4690
f 4670 4690 4689
f 4692 4691 4673
f 4178 4692 4673
f 4194 4692 4178
f 4673 4691 4674
f 4693 4195 4675
f 4675 4195 4179
f 4675 4676 4694
f 4675 4694 4693
f 4695 4681 4680
f 4697 4696 4695
f 4680 4697 4695
f 4682 4697 4680
f 4698 4682 4683
f 4697 4682 4698
f 4699 4683 4684
f 4698 4683 4699
f 4196 4700 4185
f 4700 4684 4185
f 4700 4699 4684
f 4197 4700 4196
f 4701 4201 4685
f 4685 4201 4190
f 4702 4685 4686
f 4701 4685 4702
f 4703 4686 4687
f 4702 4686 4703
f 4704 4687 4688
f 4703 4687 4704
f 4705 4688 4689
f 4704 4688 4705
f 4689 4690 4706
f 4689 4706 4705
f 4203 4707 4204
f 4204 4707 4708
f 4709 4204 4708
f 4205 4204 4709
f 4194 4205 4692
f 4692 4205 4709
f 4711 4710 4693
f 4710 4195 4693
f 4710 4206 4195
f 4711 4693 4694
f 4696 4697 4712
f 4696 4712 4713
f 4714 4697 4698
f 4712 4697 4714
f 4715 4698 4699
f 4714 4698 4715
f 4716 4699 4700
f 4715 4699 4716
f 4208 4716 4197
f 4197 4716 4700
f 4717 4211 4701
f 4701 4211 4201
f 4718 4701 4702
f 4717 4701 4718
f 4719 4702 4703
f 4718 4702 4719
f 4720 4703 4704
f 4719 4703 4720
f 4721 4704 4705
f 4720 4704 4721
f 4705 4706 4722
f 4705 4722 4721
f 4213 4723 4214
f 4723 4724 4214
f 4214 4724 4203
f 4724 4725 4203
f 4725 4707 4203
f 4707 4725 4708
f 4710 4215 4206
f 4726 4215 4710
f 4727 4713 4712
f 4729 4728 4727
f 4712 4729 4727
f 4714 4729 4712
f 4730 4714 4715
f 4729 4714 4730
f 4218 4730 4217
f 4730 4716 4217
f 4730 4715 4716
f 4217 4716 4208
f 4717 4222 4211
f 4222 4717 4225
f 4225 4717 4718
f 4225 4718 4226
f 4718 4731 4226
f 4718 4719 4731
f 4732 4719 4720
f 4731 4719 4732
f 4733 4720 4721
f 4732 4720 4733
f 4721 4722 4734
f 4735 4721 4734
f 4733 4721 4735
f 4736 4735 4734
f 4228 4737 4229
f 4737 4738 4229
f 4229 4738 4213
f 4738 4739 4213
f 4739 4723 4213
f 4723 4739 4724
f 4726 4230 4215
f 4740 4230 4726
f 4743 4742 4741
f 4741 4742 4728
f 4729 4741 4728
f 4744 4741 4729
f 4233 4744 4232
f 4744 4730 4232
f 4744 4729 4730
f 4232 4730 4218
f 4731 4239 4226
f 4239 4731 4242
f 4242 4731 4732
f 4242 4732 4244
f 4244 4732 4733
f 4244 4733 4245
f 4733 4745 4245
f 4733 4735 4745
f 4735 4736 4746
f 4747 4735 4746
f 4745 4735 4747
f 4247 4248 4747
f 4746 4247 4747
f 4748 4247 4746
f 4249 4247 4748
f 4249 4748 4749
f 4252 4750 4253
f 4253 4750 4751
f 4752 4253 4751
f 4254 4253 4752
f 4228 4254 4737
f 4254 4753 4737
f 4254 4752 4753
f 4737 4753 4738
f 4755 4255 4754
f 4255 4740 4754
f 4255 4230 4740
f 4756 4755 4754
f 4743 4741 4757
f 4743 4757 4758
f 4258 4757 4257
f 4757 4744 4257
f 4757 4741 4744
f 4257 4744 4233
f 4745 4260 4245
f 4260 4745 4261
f 4261 4745 4747
f 4261 4747 4248
f 4749 4262 4249
f 4759 4262 4749
f 4264 4760 4265
f 4265 4760 4761
f 4762 4265 4761
f 4266 4265 4762
f 4266 4763 4267
f 4762 4763 4266
f 4267 4764 4268
f 4763 4764 4267
f 4268 4765 4269
f 4764 4765 4268
f 4269 4766 4270
f 4765 4766 4269
f 4270 4767 4271
f 4766 4767 4270
f 4271 4768 4272
f 4767 4768 4271
f 4272 4769 4273
f 4768 4769 4272
f 4273 4770 4274
f 4769 4770 4273
f 4274 4771 4275
f 4770 4771 4274
f 4275 4772 4276
f 4771 4772 4275
f 4252 4276 4750
f 4276 4773 4750
f 4276 4772 4773
f 4750 4773 4751
f 4774 4277 4755
f 4755 4277 4255
f 4755 4756 4775
f 4755 4775 4774
f 4778 4777 4776
f 4776 4777 4758
f 4776 4758 4757
f 4280 4776 4757
f 4279 4280 4757
f 4279 4757 4258
f 4759 4281 4262
f 4779 4281 4759
f 4782 4781 4780
f 4783 4780 4781
f 4785 4784 4283
f 4785 4283 4284
f 4264 4283 4760
f 4283 4786 4760
f 4283 4784 4786
f 4760 4786 4761
f 4774 4285 4277
f 4788 4787 4286
f 4788 4286 4285
f 4775 4788 4285
f 4774 4775 4285
f 4790 4789 4787
f 4790 4787 4788
f 4792 4791 4789
f 4792 4789 4790
f 4791 4792 4778
f 4791 4778 4776
f 4289 4791 4776
f 4288 4289 4776
f 4288 4776 4280
f 4779 4793 4281
f 4281 4793 4290
f 4795 4794 4291
f 4290 4795 4291
f 4793 4795 4290
f 4293 4294 4794
f 4795 4293 4794
f 4796 4293 4795
f 4293 4797 4296
f 4796 4797 4293
f 4296 4798 4298
f 4797 4798 4296
f 4298 4799 4299
f 4798 4799 4298
f 4299 4800 4300
f 4799 4800 4299
f 4300 4801 4301
f 4800 4801 4300
f 4301 4802 4302
f 4801 4802 4301
f 4302 4803 4303
f 4802 4803 4302
f 4303 4804 4304
f 4803 4804 4303
f 4304 4805 4305
f 4804 4805 4304
f 4305 4806 4307
f 4805 4806 4305
f 4308 4307 4806
f 4308 4806 4807
f 4808 4782 4780
f 4808 4780 4783
f 4309 4785 4284
f 4309 4809 4785
f 4787 4310 4286
f 4310 4787 4311
f 4311 4787 4789
f 4311 4789 4312
f 4312 4789 4791
f 4312 4791 4289
f 4794 4313 4291
f 4313 4794 4294
f 4810 4314 4315
f 4810 4315 4811
f 4315 4812 4811
f 4315 4316 4812
f 4316 4308 4807
f 4316 4807 4812
f 4814 4813 4317
f 4814 4317 4318
f 4309 4317 4809
f 4809 4317 4813
f 4816 4815 4321
f 4321 4815 4320
f 4321 4314 4810
f 4817 4321 4810
f 4816 4321 4817
f 4817 4810 4811
f 4820 4819 4818
f 4322 4323 4818
f 4819 4322 4818
f 4821 4322 4819
f 4318 4322 4814
f 4814 4322 4821
f 4822 4324 4325
f 4822 4325 4823
f 4325 4824 4823
f 4325 4326 4824
f 4326 4320 4815
f 4326 4815 4824
f 4827 4826 4825
f 4825 4826 4820
f 4825 4820 4818
f 4328 4825 4818
f 4327 4328 4818
f 4327 4818 4323
f 4829 4828 4330
f 4330 4828 4329
f 4330 4324 4822
f 4830 4330 4822
f 4829 4330 4830
f 4830 4822 4823
f 4833 4832 4831
f 4831 4832 4827
f 4831 4827 4825
f 4332 4831 4825
f 4331 4332 4825
f 4331 4825 4328
f 4835 4834 4335
f 4335 4834 4334
f 4836 4335 4336
f 4836 4835 4335
f 4837 4336 4337
f 4837 4836 4336
f 4337 4329 4828
f 4337 4828 4837
f 4840 4839 4838
f 4838 4839 4833
f 4838 4833 4831
f 4339 4838 4831
f 4340 4339 4831
f 4340 4831 4332
f 4834 4341 4334
f 4841 4341 4834
f 4843 4842 4342
f 4843 4342 4343
f 4838 4344 4840
f 4344 4842 4840
f 4344 4342 4842
f 4344 4838 4339
f 4845 4844 4347
f 4347 4844 4346
f 4347 4341 4841
f 4347 4841 4845
f 4847 4846 4348
f 4847 4348 4349
f 4343 4348 4843
f 4843 4348 4846
f 4849 4848 4352
f 4352 4848 4351
f 4352 4346 4844
f 4352 4844 4849
f 4851 4850 4356
f 4851 4356 4355
f 4349 4356 4847
f 4847 4356 4850
f 4854 4853 4852
f 4358 4359 4852
f 4359 4854 4852
f 4359 4855 4854
f 4359 4351 4848
f 4359 4848 4855
f 4857 4856 4360
f 4857 4360 4361
f 4360 4858 4362
f 4856 4858 4360
f 4355 4362 4851
f 4851 4362 4858
f 4861 4860 4859
f 4861 4859 4853
f 4853 4859 4852
f 4859 4364 4852
f 4364 4365 4852
f 4852 4365 4358
f 4863 4862 4368
f 4863 4368 4367
f 4361 4368 4857
f 4857 4368 4862
f 4859 4860 4371
f 4860 4370 4371
f 4860 4864 4370
f 4859 4371 4364
f 4866 4865 4376
f 4866 4376 4375
f 4367 4376 4863
f 4863 4376 4865
f 4869 4868 4867
f 4864 4869 4867
f 4378 4864 4867
f 4370 4864 4378
f 4382 4870 4381
f 4871 4383 4381
f 4871 4381 4870
f 4383 4871 4872
f 4873 4383 4872
f 4384 4383 4873
f 4375 4384 4866
f 4866 4384 4873
f 4867 4868 4387
f 4868 4386 4387
f 4868 4874 4386
f 4867 4387 4378
f 4394 4875 4395
f 4875 4876 4395
f 4395 4876 4382
f 4876 4877 4382
f 4877 4870 4382
f 4870 4877 4871
f 4871 4877 4878
f 4871 4878 4872
f 4874 4397 4386
f 4879 4397 4874
f 4881 4880 4404
f 4881 4404 4403
f 4394 4404 4875
f 4404 4882 4875
f 4404 4880 4882
f 4875 4882 4876
f 4879 4406 4397
f 4883 4406 4879
f 4409 4884 4410
f 4410 4884 4885
f 4886 4410 4885
f 4411 4410 4886
f 4411 4887 4412
f 4886 4887 4411
f 4403 4412 4881
f 4881 4412 4887
f 4883 4888 4406
f 4406 4888 4413
f 4413 4889 4414
f 4888 4889 4413
f 4414 4890 4415
f 4889 4890 4414
f 4409 4415 4884
f 4415 4891 4884
f 4415 4890 4891
f 4884 4891 4885
f 4894 4893 4892
f 4892 4895 4894
f 4898 4897 4896
f 4900 4899 4896
f 4896 4899 4898
f 4900 4901 4899
f 4904 4903 4902
f 4904 4902 4893
f 4902 4892 4893
f 4902 4905 4892
f 4895 4892 4906
f 4892 4907 4906
f 4892 4905 4907
f 4906 4907 4897
f 4907 4896 4897
f 4907 4908 4896
f 4896 4909 4900
f 4896 4908 4909
f 4901 4900 4910
f 4900 4911 4910
f 4900 4909 4911
f 4913 4912 4911
f 4911 4912 4910
f 4915 4914 4913
f 4913 4914 4912
f 4915 4916 4914
f 4903 4917 4902
f 4902 4917 4905
f 4905 4917 4918
f 4920 4919 4918
f 4919 4905 4918
f 4919 4907 4905
f 4907 4921 4908
f 4907 4919 4921
f 4921 4417 4418
f 4909 4921 4418
f 4908 4921 4909
f 4909 4418 4419
f 4909 4419 4911
f 4911 4419 4421
f 4911 4421 4913
f 4913 4421 4423
f 4913 4423 4915
f 4923 4922 4425
f 4425 4922 4423
f 4922 4916 4423
f 4916 4915 4423
f 4925 4924 4923
f 4923 4924 4922
f 4925 4926 4924
f 4919 4920 4927
f 4927 4920 4928
f 4927 4427 4428
f 4921 4927 4428
f 4919 4927 4921
f 4921 4428 4417
f 4433 4923 4425
f 4923 4433 4435
f 4923 4435 4925
f 4930 4929 4437
f 4437 4929 4435
f 4929 4926 4435
f 4926 4925 4435
f 4930 4931 4929
f 4927 4928 4932
f 4932 4928 4933
f 4934 4438 4427
f 4927 4934 4427
f 4932 4934 4927
f 4934 4440 4438
f 4446 4930 4437
f 4935 4931 4930
f 4446 4935 4930
f 4448 4935 4446
f 4937 4936 4450
f 4936 4448 4450
f 4936 4935 4448
f 4937 4938 4936
f 4933 4939 4932
f 4941 4940 4939
f 4940 4932 4939
f 4940 4934 4932
f 4940 4452 4440
f 4940 4440 4934
f 4460 4937 4450
f 4943 4942 4462
f 4462 4942 4460
f 4942 4938 4460
f 4938 4937 4460
f 4943 4944 4942
f 4941 4945 4940
f 4940 4945 4452
f 4945 4463 4452
f 4945 4946 4463
f 4946 4948 4947
f 4464 4946 4947
f 4463 4946 4464
f 4947 4466 4464
f 4470 4943 4462
f 4949 4944 4943
f 4470 4949 4943
f 4472 4949 4470
f 4472 4474 4949
f 4949 4474 4950
f 4948 4951 4947
f 4951 4953 4952
f 4951 4952 4475
f 4947 4951 4475
f 4466 4947 4475
f 4952 4477 4475
f 4954 4950 4474
f 4954 4474 4479
f 4479 4481 4954
f 4954 4481 4955
f 4956 4483 4484
f 4485 4957 4484
f 4484 4957 4956
f 4486 4958 4485
f 4485 4958 4957
f 4487 4959 4486
f 4486 4959 4958
f 4489 4959 4487
f 4961 4960 4491
f 4491 4960 4490
f 4962 4491 4492
f 4962 4961 4491
f 4963 4492 4493
f 4963 4962 4492
f 4964 4493 4494
f 4964 4963 4493
f 4965 4494 4495
f 4965 4964 4494
f 4967 4965 4966
f 4965 4496 4966
f 4965 4495 4496
f 4497 4968 4496
f 4496 4968 4966
f 4498 4968 4497
f 4953 4969 4952
f 4952 4969 4477
f 4969 4499 4477
f 4969 4970 4499
f 4500 4499 4970
f 4500 4970 4971
f 4972 4955 4481
f 4972 4481 4502
f 4502 4504 4972
f 4972 4504 4973
f 4975 4974 4506
f 4506 4974 4505
f 4506 4483 4956
f 4976 4506 4956
f 4975 4506 4976
f 4976 4956 4957
f 4976 4957 4977
f 4977 4957 4958
f 4977 4958 4978
f 4978 4958 4959
f 4978 4959 4979
f 4981 4979 4980
f 4980 4979 4507
f 4979 4959 4507
f 4959 4489 4507
f 4508 4982 4507
f 4507 4982 4980
f 4510 4982 4508
f 4984 4983 4513
f 4513 4983 4512
f 4513 4490 4960
f 4513 4960 4984
f 4985 4967 4966
f 4985 4966 4968
f 4985 4968 4986
f 4986 4968 4498
f 4514 4986 4498
f 4987 4986 4514
f 4988 4514 4515
f 4988 4987 4514
f 4989 4515 4516
f 4989 4988 4515
f 4990 4516 4517
f 4990 4989 4516
f 4991 4517 4518
f 4991 4990 4517
f 4971 4991 4992
f 4500 4971 4992
f 4521 4500 4992
f 4993 4521 4992
f 4994 4993 4992
f 4520 4994 4992
f 4518 4520 4992
f 4991 4518 4992
f 4522 4521 4993
f 4522 4993 4995
f 4524 4973 4504
f 4524 4996 4973
f 4974 4525 4505
f 4997 4525 4974
f 4998 4981 4980
f 5000 4999 4998
f 4980 5000 4998
f 4982 5000 4980
f 4526 5001 4510
f 5001 4982 4510
f 5001 5000 4982
f 4527 5002 4526
f 4526 5002 5001
f 4529 5002 4527
f 4983 4539 4512
f 5003 4539 4983
f 5004 4994 4520
f 5004 4520 4540
f 4540 4522 4995
f 4540 4995 5004
f 5005 4996 4524
f 5005 4524 4541
f 5006 4541 4543
f 5006 5005 4541
f 5007 4543 4544
f 5007 5006 4543
f 5008 4544 4545
f 5008 5007 4544
f 4545 4547 5008
f 5008 4547 5009
f 5011 5010 4550
f 4550 5010 4549
f 5012 4550 4551
f 5012 5011 4550
f 5013 4551 4552
f 5013 5012 4551
f 5014 4552 4554
f 5014 5013 4552
f 5015 4554 4556
f 5015 5014 4554
f 5016 4556 4558
f 5016 5015 4556
f 4558 4560 5016
f 5016 4560 5017
f 4997 4561 4525
f 5018 4561 4997
f 5019 4999 5000
f 5021 5020 5019
f 5000 5021 5019
f 5001 5021 5000
f 5022 5001 5002
f 5021 5001 5022
f 4562 5023 4529
f 5023 5002 4529
f 5023 5022 5002
f 4563 5023 4562
f 5024 4565 4566
f 4567 5025 4566
f 4566 5025 5024
f 4568 5026 4567
f 4567 5026 5025
f 4569 5027 4568
f 4568 5027 5026
f 4570 5028 4569
f 4569 5028 5027
f 4571 5029 4570
f 4570 5029 5028
f 4572 5030 4571
f 4571 5030 5029
f 5030 4572 5031
f 4572 5032 5031
f 4572 4573 5032
f 5033 4573 4574
f 5033 5032 4573
f 4574 4539 5003
f 4574 5003 5033
f 5034 5009 4547
f 5034 4547 4575
f 5035 4575 4576
f 5035 5034 4575
f 4576 4549 5010
f 4576 5010 5035
f 5036 5017 4560
f 5036 4560 4577
f 5037 4577 4578
f 5037 5036 4577
f 5038 4578 4579
f 5038 5037 4578
f 4579 4581 5038
f 5038 4581 5039
f 5018 4582 4561
f 5040 4582 5018
f 5041 5020 5021
f 5043 5042 5041
f 5021 5043 5041
f 5022 5043 5021
f 5044 5022 5023
f 5043 5022 5044
f 4583 5045 4563
f 5045 5023 4563
f 5045 5044 5023
f 4565 5024 4583
f 5024 5045 4583
f 5024 5046 5045
f 5047 5024 5025
f 5046 5024 5047
f 5048 5025 5026
f 5047 5025 5048
f 5027 5050 5049
f 5048 5027 5049
f 5026 5027 5048
f 5050 5027 5028
f 5050 5028 5051
f 5051 5028 5029
f 5051 5029 5052
f 5052 5029 5030
f 5052 5030 5053
f 5053 5030 5031
f 5054 5039 4581
f 5054 4581 4584
f 5056 5055 4586
f 5055 4584 4586
f 5055 5054 4584
f 5056 5057 5055
f 5040 4588 4582
f 5058 4588 5040
f 5059 5042 5043
f 5061 5060 5059
f 5043 5061 5059
f 5044 5061 5043
f 5062 5044 5045
f 5061 5044 5062
f 5063 5045 5046
f 5062 5045 5063
f 5064 5046 5047
f 5063 5046 5064
f 5048 5066 5065
f 5064 5048 5065
f 5047 5048 5064
f 5066 5048 5049
f 4589 5056 4586
f 4589 4591 5056
f 4591 5057 5056
f 4591 5067 5057
f 5058 4592 4588
f 5068 4592 5058
f 5071 5070 5069
f 5069 5070 5060
f 5061 5069 5060
f 5072 5069 5061
f 5073 5061 5062
f 5072 5061 5073
f 5074 5062 5063
f 5073 5062 5074
f 5075 5063 5064
f 5074 5063 5075
f 5064 5065 5076
f 5077 5064 5076
f 5075 5064 5077
f 5078 5077 5076
f 5079 5067 4591
f 5079 4591 4593
f 4593 4594 5079
f 5079 4594 5080
f 5068 4595 4592
f 5081 4595 5068
f 5084 5083 5082
f 5086 5085 5082
f 5086 5082 5083
f 5085 5086 5071
f 5069 5085 5071
f 5087 5085 5069
f 5088 5069 5072
f 5087 5069 5088
f 4598 5088 4597
f 5088 5073 4597
f 5088 5072 5073
f 4597 5073 4599
f 5073 5089 4599
f 5073 5074 5089
f 5090 5074 5075
f 5089 5074 5090
f 5091 5075 5077
f 5090 5075 5091
f 5077 5078 5092
f 5093 5077 5092
f 5091 5077 5093
f 5094 5093 5092
f 5095 5080 4594
f 5095 4594 4600
f 4600 4601 5095
f 5095 4601 5096
f 5098 4602 5097
f 4602 5081 5097
f 4602 4595 5081
f 5099 5098 5097
f 5102 5101 5100
f 5104 5103 5100
f 5104 5100 5101
f 5103 5104 5084
f 5103 5084 5082
f 4605 5103 5082
f 4604 4605 5082
f 4604 5082 4607
f 4607 5082 5085
f 4607 5085 4609
f 4609 5085 5087
f 4609 5087 4611
f 4611 5087 5088
f 4611 5088 4598
f 5089 4613 4599
f 4613 5089 4615
f 5089 5105 4615
f 5089 5090 5105
f 5106 5090 5091
f 5105 5090 5106
f 5107 5091 5093
f 5106 5091 5107
f 5093 5094 5108
f 5109 5093 5108
f 5107 5093 5109
f 5110 5109 5108
f 5111 5096 4601
f 5111 4601 4616
f 4616 4618 5111
f 5111 4618 5112
f 5098 4619 4602
f 5099 5113 5098
f 5113 4619 5098
f 5113 4621 4619
f 4621 5114 4622
f 5113 5114 4621
f 4622 5115 4623
f 5114 5115 4622
f 5100 4624 5102
f 4624 5115 5102
f 4624 4623 5115
f 4624 5100 4625
f 4625 5100 5103
f 4625 5103 4605
f 5105 4626 4615
f 4626 5105 4628
f 4628 5105 5106
f 4628 5106 4630
f 4630 5106 5107
f 4630 5107 4631
f 5107 5116 4631
f 5107 5109 5116
f 5109 5110 5117
f 5118 5109 5117
f 5116 5109 5118
f 5119 5118 5117
f 4632 5112 4618
f 4632 5120 5112
f 5116 4633 4631
f 4633 5116 4634
f 4634 5116 5118
f 5119 5121 5118
f 5121 4634 5118
f 5121 4636 4634
f 5123 5122 4637
f 4636 5123 4637
f 5121 5123 4636
f 5124 5122 5123
f 4638 5126 5125
f 5120 4638 5125
f 4632 4638 5120
f 5126 5127 5125
f 5122 4639 4637
f 4640 4639 5122
f 5124 4640 5122
f 5128 4640 5124
f 4641 5126 4638
f 4641 4643 5126
f 4643 5127 5126
f 4643 5129 5127
f 5128 4644 4640
f 5130 4644 5128
f 4646 5129 4643
f 4646 5131 5129
f 5130 4647 4644
f 5132 4647 5130
f 4649 5131 4646
f 4649 5133 5131
f 5132 4650 4647
f 5134 4650 5132
f 4652 5133 4649
f 4652 5135 5133
f 5134 4653 4650
f 5136 4653 5134
f 4655 5135 4652
f 4655 5137 5135
f 5138 4657 4658
f 5139 5138 4658
f 4653 5139 4658
f 5136 5139 4653
f 4660 5140 4659
f 5140 5141 4659
f 5141 4655 4659
f 5141 5137 4655
f 5142 4663 5138
f 5138 4663 4657
f 5138 5139 5143
f 5138 5143 5142
f 5145 5144 5140
f 4660 5145 5140
f 4664 5145 4660
f 5140 5144 5141
f 5146 4671 4672
f 4663 5142 4672
f 5142 5146 4672
f 5142 5147 5146
f 5142 5143 5148
f 5142 5148 5147
f 4674 5145 4664
f 4674 5149 5145
f 5150 4676 4677
f 4678 5151 4677
f 4677 5151 5150
f 4679 5152 4678
f 4678 5152 5151
f 4681 5152 4679
f 5153 4690 5146
f 5146 4690 4671
f 5154 5146 5147
f 5153 5146 5154
f 5147 5148 5155
f 5147 5155 5154
f 5157 5156 4691
f 5157 4691 4692
f 4674 4691 5149
f 5149 4691 5156
f 5158 4694 5150
f 5150 4694 4676
f 5159 5150 5151
f 5158 5150 5159
f 5160 5151 5152
f 5159 5151 5160
f 4695 5161 4681
f 5161 5152 4681
f 5161 5160 5152
f 4696 5161 4695
f 5162 4706 5153
f 5153 4706 4690
f 5163 5153 5154
f 5162 5153 5163
f 5154 5155 5164
f 5154 5164 5163
f 5166 5165 4709
f 5166 4709 4708
f 4692 4709 5157
f 5157 4709 5165
f 5167 4710 4711
f 5168 5167 4711
f 5168 4711 4694
f 5169 5168 4694
f 5158 5169 4694
f 5169 5158 5159
f 5169 5159 5170
f 5170 5159 5160
f 5170 5160 5171
f 5173 5172 5171
f 5160 5173 5171
f 5161 5173 5160
f 4713 5173 4696
f 4696 5173 5161
f 5174 4722 5162
f 5162 4722 4706
f 5175 5162 5163
f 5174 5162 5175
f 5163 5164 5176
f 5163 5176 5175
f 5178 5177 4725
f 5178 4725 4724
f 4708 4725 5166
f 5166 4725 5177
f 5179 4726 5167
f 5167 4726 4710
f 5167 5168 5180
f 5167 5180 5179
f 5181 5172 5173
f 5183 5181 5182
f 5182 5181 4727
f 5181 5173 4727
f 5173 4713 4727
f 4728 5182 4727
f 5174 4734 4722
f 4734 5174 4736
f 5174 5184 4736
f 5174 5175 5184
f 5175 5176 5185
f 5175 5185 5184
f 5187 5186 4739
f 5187 4739 4738
f 4724 4739 5178
f 5178 4739 5186
f 5188 4740 5179
f 5179 4740 4726
f 5179 5180 5189
f 5179 5189 5188
f 5192 5191 5190
f 5190 5191 5183
f 5190 5183 5182
f 4743 5190 5182
f 4742 4743 5182
f 4742 5182 4728
f 5184 4746 4736
f 5185 5193 5184
f 5193 4746 5184
f 5193 4748 4746
f 4749 4748 5193
f 4749 5193 5194
f 5196 5195 4752
f 5196 4752 4751
f 4752 5197 4753
f 5195 5197 4752
f 4738 4753 5187
f 5187 4753 5197
f 5188 4754 4740
f 5199 5198 4756
f 5199 4756 4754
f 5189 5199 4754
f 5188 5189 4754
f 5200 5198 5199
f 5192 5190 5201
f 5192 5201 5202
f 4758 5201 4743
f 4743 5201 5190
f 5194 4759 4749
f 5203 4759 5194
f 5205 5204 4762
f 5205 4762 4761
f 4762 5206 4763
f 5204 5206 4762
f 4763 5207 4764
f 5206 5207 4763
f 4764 5208 4765
f 5207 5208 4764
f 4765 5209 4766
f 5208 5209 4765
f 4766 5210 4767
f 5209 5210 4766
f 4767 5211 4768
f 5210 5211 4767
f 4768 5212 4769
f 5211 5212 4768
f 4769 5213 4770
f 5212 5213 4769
f 4770 5214 4771
f 5213 5214 4770
f 4771 5215 4772
f 5214 5215 4771
f 4772 5216 4773
f 5215 5216 4772
f 4751 4773 5196
f 5196 4773 5216
f 5217 4775 5198
f 5198 4775 4756
f 5198 5200 5218
f 5219 5198 5218
f 5217 5198 5219
f 5221 5220 5219
f 5221 5219 5218
f 5220 5221 5202
f 5220 5202 5201
f 4778 5220 5201
f 4777 4778 5201
f 4777 5201 4758
f 5223 4779 5222
f 4779 5203 5222
f 4779 4759 5203
f 5224 5223 5222
f 5227 5226 5225
f 5229 5228 5225
f 5229 5225 5226
f 5231 5230 5228
f 5231 5228 5229
f 5233 5232 5230
f 5233 5230 5231
f 5235 5234 5232
f 5235 5232 5233
f 5237 5236 5234
f 5237 5234 5235
f 5239 5238 5236
f 5239 5236 5237
f 5241 5240 5238
f 5241 5238 5239
f 5243 5242 5240
f 5243 5240 5241
f 5245 5244 5242
f 5245 5242 5243
f 4781 4782 5244
f 5245 4781 5244
f 5246 4781 5245
f 5248 5247 4783
f 4781 5248 4783
f 5246 5248 4781
f 5249 5247 5248
f 5251 5250 4784
f 5251 4784 4785
f 4784 5252 4786
f 5250 5252 4784
f 4761 4786 5205
f 5205 4786 5252
f 5217 4788 4775
f 4788 5217 4790
f 4790 5217 5219
f 4790 5219 4792
f 4792 5219 5220
f 4792 5220 4778
f 5223 4793 4779
f 5224 5253 5223
f 5253 4793 5223
f 5253 4795 4793
f 4795 5254 4796
f 5253 5254 4795
f 4796 5255 4797
f 5254 5255 4796
f 5225 4798 5227
f 4798 5255 5227
f 4798 4797 5255
f 4798 5225 4799
f 4799 5225 5228
f 4799 5228 4800
f 4800 5228 5230
f 4800 5230 4801
f 4801 5230 5232
f 4801 5232 4802
f 4802 5232 5234
f 4802 5234 4803
f 4803 5234 5236
f 4803 5236 4804
f 4804 5236 5238
f 4804 5238 4805
f 4805 5238 5240
f 4805 5240 4806
f 4806 5240 5242
f 4806 5242 4807
f 5242 5256 4807
f 5242 5244 5256
f 4808 5257 4782
f 5257 5244 4782
f 5257 5256 5244
f 5258 5257 4808
f 5258 4808 4783
f 5259 5258 4783
f 5247 5259 4783
f 5259 5247 5249
f 5262 5261 5260
f 5261 5251 5260
f 5251 4809 5260
f 5251 4785 4809
f 5263 4811 4812
f 4807 5256 4812
f 5256 5263 4812
f 5256 5264 5263
f 5257 5266 5265
f 5264 5257 5265
f 5256 5257 5264
f 5266 5257 5258
f 5269 5268 5267
f 5267 5268 5262
f 5267 5262 5260
f 4814 5267 5260
f 4813 4814 5260
f 4813 5260 4809
f 5270 4815 4816
f 4817 5271 4816
f 4816 5271 5270
f 5272 5271 4817
f 5272 4817 4811
f 5273 5272 4811
f 5263 5273 4811
f 5273 5263 5264
f 5273 5264 5274
f 5274 5264 5265
f 5276 5275 4819
f 5276 4819 4820
f 5267 4821 5269
f 4821 5275 5269
f 4821 4819 5275
f 4821 5267 4814
f 5277 4823 4824
f 5278 5277 4824
f 5278 4824 4815
f 5279 5278 4815
f 5270 5279 4815
f 5279 5270 5271
f 5279 5271 5280
f 5280 5271 5272
f 5283 5282 5281
f 4826 4827 5281
f 5282 4826 5281
f 5284 4826 5282
f 4820 4826 5276
f 5276 4826 5284
f 5285 4828 4829
f 5285 4829 5286
f 4829 5287 5286
f 4829 4830 5287
f 4830 4823 5277
f 5288 4830 5277
f 5287 4830 5288
f 5288 5277 5278
f 5291 5290 5289
f 5289 5290 5283
f 5289 5283 5281
f 4833 5289 5281
f 4832 4833 5281
f 4832 5281 4827
f 5292 4834 4835
f 5292 4835 5293
f 4835 5294 5293
f 4835 4836 5294
f 5295 4836 4837
f 5295 5294 4836
f 4837 4828 5285
f 5296 4837 5285
f 5295 4837 5296
f 5296 5285 5286
f 5299 5298 5297
f 5297 5298 5291
f 5297 5291 5289
f 4840 5297 5289
f 4839 4840 5289
f 4839 5289 4833
f 5301 5300 5292
f 5300 4834 5292
f 5300 4841 4834
f 5301 5292 5293
f 5304 5303 5302
f 5302 5303 5299
f 5302 5299 5297
f 4843 5302 5297
f 4842 4843 5297
f 4842 5297 4840
f 5306 5305 4845
f 4845 5305 4844
f 4845 4841 5300
f 4845 5300 5306
f 5309 5308 5307
f 5307 5308 5304
f 5307 5304 5302
f 4847 5307 5302
f 4846 4847 5302
f 4846 5302 4843
f 5311 5310 4849
f 4849 5310 4848
f 4849 4844 5305
f 4849 5305 5311
f 5314 5313 5312
f 5312 5313 5309
f 5312 5309 5307
f 4851 5312 5307
f 4850 4851 5307
f 4850 5307 4847
f 5316 5315 4854
f 4854 5315 4853
f 5317 4854 4855
f 5317 5316 4854
f 4855 4848 5310
f 4855 5310 5317
f 5319 5318 4856
f 5319 4856 4857
f 5312 4858 5314
f 4858 5318 5314
f 4858 4856 5318
f 4858 5312 4851
f 5321 5320 4861
f 4861 5320 4860
f 4861 4853 5315
f 4861 5315 5321
f 5323 5322 4862
f 5323 4862 4863
f 4857 4862 5319
f 5319 4862 5322
f 5320 4864 4860
f 5324 4864 5320
f 5326 5325 4865
f 5326 4865 4866
f 4863 4865 5323
f 5323 4865 5325
f 5328 5327 4869
f 4869 5327 4868
f 4869 4864 5324
f 4869 5324 5328
f 5331 5330 5329
f 4873 4872 5329
f 5330 4873 5329
f 5332 4873 5330
f 4866 4873 5326
f 5326 4873 5332
f 5327 4874 4868
f 5333 4874 5327
f 5335 5334 4877
f 5335 4877 4876
f 5329 4878 5331
f 4878 5334 5331
f 4878 4877 5334
f 4878 5329 4872
f 5333 4879 4874
f 5336 4879 5333
f 5338 5337 4880
f 5338 4880 4881
f 4880 5339 4882
f 5337 5339 4880
f 4876 4882 5335
f 5335 4882 5339
f 5336 4883 4879
f 5340 4883 5336
f 4885 5341 4886
f 4886 5341 5342
f 5343 4886 5342
f 4887 4886 5343
f 4881 4887 5338
f 5338 4887 5343
f 5340 5344 4883
f 4883 5344 4888
f 4888 5345 4889
f 5344 5345 4888
f 4889 5346 4890
f 5345 5346 4889
f 4890 5347 4891
f 5346 5347 4890
f 4885 4891 5341
f 4891 5348 5341
f 4891 5347 5348
f 5341 5348 5342
f 5351 5350 5349
f 5349 5352 5351
f 5355 5354 5353
f 5357 5356 5353
f 5353 5356 5355
f 5359 5358 5357
f 5357 5358 5356
f 5361 5360 5359
f 5359 5360 5358
f 5361 5362 5360
f 5350 5363 5349
f 5363 5364 5349
f 5364 5365 5349
f 5366 5352 5349
f 5366 5349 5365
f 5366 5365 5354
f 5354 5365 5353
f 5365 4893 5353
f 4893 4894 5353
f 5353 4894 4895
f 5367 5353 4895
f 5357 5353 5367
f 5367 4897 4898
f 5359 5367 4898
f 5357 5367 5359
f 5359 4898 4899
f 5359 4899 5361
f 5369 5368 4901
f 4901 5368 4899
f 5368 5362 4899
f 5362 5361 4899
f 5371 5370 5369
f 5369 5370 5368
f 5371 5372 5370
f 5365 5364 4904
f 5364 4903 4904
f 5364 5373 4903
f 5365 4904 4893
f 4906 5367 4895
f 5367 4906 4897
f 4910 5369 4901
f 5369 4910 4912
f 5369 4912 5371
f 5374 5372 5371
f 4912 5374 5371
f 4914 5374 4912
f 5376 5375 4916
f 5375 4914 4916
f 5375 5374 4914
f 5376 5377 5375
f 5380 5379 5378
f 5378 5381 4917
f 5373 5378 4917
f 4903 5373 4917
f 5378 5373 5380
f 5382 4918 4917
f 5382 4917 5381
f 5382 4920 4918
f 4922 5376 4916
f 5383 5377 5376
f 4922 5383 5376
f 4924 5383 4922
f 4924 4926 5383
f 5383 4926 5384
f 5379 5385 5378
f 5378 5385 5381
f 5381 5385 5386
f 5388 5387 5386
f 5387 5381 5386
f 5387 5382 5381
f 5387 4928 4920
f 5387 4920 5382
f 5389 5384 4926
f 5389 4926 4929
f 5391 5390 4931
f 5390 4929 4931
f 5390 5389 4929
f 5391 5392 5390
f 5388 5393 5387
f 4928 5387 5393
f 5394 4928 5393
f 4933 4928 5394
f 4935 5391 4931
f 5395 5392 5391
f 4935 5395 5391
f 4936 5395 4935
f 4936 4938 5395
f 5395 4938 5396
f 5394 5397 4933
f 4933 5397 4939
f 4941 4939 5397
f 4941 5397 5398
f 5399 5396 4938
f 5399 4938 4942
f 4942 4944 5399
f 5399 4944 5400
f 5398 5401 4941
f 4941 5401 4945
f 4945 5402 4946
f 5401 5402 4945
f 4948 4946 5402
f 4948 5402 5403
f 5404 5400 4944
f 5404 4944 4949
f 4949 4950 5404
f 5404 4950 5405
f 5403 5406 4948
f 4948 5406 4951
f 4953 4951 5406
f 4953 5406 5407
f 5408 5405 4950
f 5408 4950 4954
f 4954 4955 5408
f 5408 4955 5409
f 5410 4960 4961
f 4962 5411 4961
f 4961 5411 5410
f 4963 5412 4962
f 4962 5412 5411
f 4964 5413 4963
f 4963 5413 5412
f 4965 5414 4964
f 4964 5414 5413
f 4967 5414 4965
f 5407 5415 4953
f 4953 5415 4969
f 4969 5416 4970
f 5415 5416 4969
f 4971 4970 5416
f 4971 5416 5417
f 5418 5409 4955
f 5418 4955 4972
f 4972 4973 5418
f 5418 4973 5419
f 5420 4974 4975
f 4976 5421 4975
f 4975 5421 5420
f 5421 4976 5422
f 4976 5423 5422
f 4976 4977 5423
f 5425 5423 5424
f 5423 4978 5424
f 5423 4977 4978
f 4979 5426 4978
f 4978 5426 5424
f 4981 5426 4979
f 5428 5427 4984
f 4984 5427 4983
f 4984 4960 5410
f 5429 4984 5410
f 5428 4984 5429
f 5429 5410 5411
f 5429 5411 5430
f 5430 5411 5412
f 5430 5412 5431
f 5431 5412 5413
f 5431 5413 5432
f 5432 5413 5414
f 5432 5414 5433
f 5433 5414 4967
f 4985 5433 4967
f 5434 5433 4985
f 5435 4985 4986
f 5435 5434 4985
f 5436 4986 4987
f 5436 5435 4986
f 5437 4987 4988
f 5437 5436 4987
f 5438 4988 4989
f 5438 5437 4988
f 5439 4989 4990
f 5439 5438 4989
f 5441 5439 5440
f 5439 4991 5440
f 5439 4990 4991
f 5442 4993 4994
f 5442 4994 5440
f 5442 5440 4991
f 5442 4991 4971
f 5442 4971 5417
f 5442 5417 5443
f 5442 5443 5444
f 5442 5444 4993
f 5444 4995 4993
f 4996 5419 4973
f 4996 5445 5419
f 5446 4997 5420
f 5420 4997 4974
f 5421 5448 5447
f 5446 5421 5447
f 5420 5421 5446
f 5448 5421 5422
f 5449 5425 5424
f 5449 5424 5426
f 5449 5426 5450
f 5452 5450 5451
f 5451 5450 4998
f 5450 5426 4998
f 5426 4981 4998
f 4999 5451 4998
f 5427 5003 4983
f 5453 5003 5427
f 5454 5441 5440
f 5454 5444 5443
f 5454 5004 5444
f 5454 5440 4994
f 5004 5454 4994
f 5444 5004 4995
f 5455 5445 4996
f 5455 4996 5005
f 5456 5005 5006
f 5456 5455 5005
f 5457 5006 5007
f 5457 5456 5006
f 5458 5007 5008
f 5458 5457 5007
f 5460 5459 5009
f 5459 5008 5009
f 5459 5458 5008
f 5460 5461 5459
f 5462 5010 5011
f 5012 5463 5011
f 5011 5463 5462
f 5013 5464 5012
f 5012 5464 5463
f 5014 5465 5013
f 5013 5465 5464
f 5015 5466 5014
f 5014 5466 5465
f 5016 5467 5015
f 5015 5467 5466
f 5017 5467 5016
f 5469 5468 5446
f 5468 4997 5446
f 5468 5018 4997
f 5469 5446 5447
f 5452 5451 5470
f 5452 5470 5471
f 5019 5472 4999
f 5472 5451 4999
f 5472 5470 5451
f 5020 5472 5019
f 5473 5031 5032
f 5473 5032 5474
f 5032 5475 5474
f 5032 5033 5475
f 5033 5003 5453
f 5033 5453 5475
f 5034 5460 5009
f 5476 5461 5460
f 5034 5476 5460
f 5035 5476 5034
f 5035 5010 5462
f 5477 5035 5462
f 5476 5035 5477
f 5477 5462 5463
f 5477 5463 5478
f 5478 5463 5464
f 5478 5464 5479
f 5479 5464 5465
f 5479 5465 5480
f 5480 5465 5466
f 5480 5466 5481
f 5481 5466 5467
f 5481 5467 5482
f 5482 5467 5017
f 5036 5482 5017
f 5483 5482 5036
f 5484 5036 5037
f 5484 5483 5036
f 5485 5037 5038
f 5485 5484 5037
f 5038 5039 5485
f 5485 5039 5486
f 5468 5040 5018
f 5487 5040 5468
f 5471 5470 5488
f 5471 5488 5489
f 5490 5470 5472
f 5488 5470 5490
f 5041 5491 5020
f 5491 5472 5020
f 5491 5490 5472
f 5042 5491 5041
f 5492 5049 5050
f 5051 5493 5050
f 5050 5493 5492
f 5052 5494 5051
f 5051 5494 5493
f 5053 5495 5052
f 5052 5495 5494
f 5031 5473 5053
f 5473 5495 5053
f 5473 5496 5495
f 5473 5474 5497
f 5473 5497 5496
f 5498 5486 5039
f 5498 5039 5054
f 5499 5054 5055
f 5499 5498 5054
f 5055 5057 5499
f 5499 5057 5500
f 5487 5058 5040
f 5501 5058 5487
f 5489 5488 5502
f 5489 5502 5503
f 5504 5488 5490
f 5502 5488 5504
f 5505 5490 5491
f 5504 5490 5505
f 5059 5506 5042
f 5506 5491 5042
f 5506 5505 5491
f 5060 5506 5059
f 5507 5065 5066
f 5049 5492 5066
f 5492 5507 5066
f 5492 5508 5507
f 5509 5492 5493
f 5508 5492 5509
f 5510 5493 5494
f 5509 5493 5510
f 5511 5494 5495
f 5510 5494 5511
f 5512 5495 5496
f 5511 5495 5512
f 5496 5497 5513
f 5496 5513 5512
f 5067 5515 5514
f 5500 5067 5514
f 5057 5067 5500
f 5515 5516 5514
f 5518 5068 5517
f 5068 5501 5517
f 5068 5058 5501
f 5519 5518 5517
f 5503 5502 5520
f 5503 5520 5521
f 5522 5502 5504
f 5520 5502 5522
f 5523 5504 5505
f 5522 5504 5523
f 5071 5523 5070
f 5523 5506 5070
f 5523 5505 5506
f 5070 5506 5060
f 5507 5076 5065
f 5076 5507 5078
f 5507 5524 5078
f 5507 5508 5524
f 5525 5508 5509
f 5524 5508 5525
f 5526 5509 5510
f 5525 5509 5526
f 5527 5510 5511
f 5526 5510 5527
f 5528 5511 5512
f 5527 5511 5528
f 5512 5513 5529
f 5512 5529 5528
f 5079 5515 5067
f 5079 5080 5515
f 5080 5516 5515
f 5080 5530 5516
f 5531 5081 5518
f 5518 5081 5068
f 5518 5519 5532
f 5518 5532 5531
f 5535 5534 5533
f 5533 5534 5521
f 5520 5533 5521
f 5536 5533 5520
f 5084 5536 5083
f 5536 5522 5083
f 5536 5520 5522
f 5083 5522 5086
f 5086 5522 5523
f 5086 5523 5071
f 5524 5092 5078
f 5092 5524 5094
f 5524 5537 5094
f 5524 5525 5537
f 5538 5525 5526
f 5537 5525 5538
f 5539 5526 5527
f 5538 5526 5539
f 5528 5541 5540
f 5539 5528 5540
f 5527 5528 5539
f 5541 5528 5529
f 5542 5530 5080
f 5542 5080 5095
f 5095 5096 5542
f 5542 5096 5543
f 5531 5097 5081
f 5545 5544 5099
f 5545 5099 5097
f 5532 5545 5097
f 5531 5532 5097
f 5547 5546 5544
f 5547 5544 5545
f 5549 5548 5546
f 5549 5546 5547
f 5548 5549 5535
f 5548 5535 5533
f 5102 5548 5533
f 5101 5102 5533
f 5101 5533 5104
f 5104 5533 5536
f 5104 5536 5084
f 5537 5108 5094
f 5108 5537 5110
f 5537 5550 5110
f 5537 5538 5550
f 5551 5538 5539
f 5550 5538 5551
f 5539 5540 5552
f 5539 5552 5551
f 5096 5111 5553
f 5554 5096 5553
f 5543 5096 5554
f 5112 5553 5111
f 5544 5113 5099
f 5113 5544 5114
f 5114 5544 5546
f 5114 5546 5115
f 5115 5546 5548
f 5115 5548 5102
f 5550 5117 5110
f 5117 5550 5119
f 5550 5555 5119
f 5550 5551 5555
f 5551 5552 5556
f 5557 5551 5556
f 5555 5551 5557
f 5558 5557 5556
f 5559 5554 5553
f 5553 5112 5559
f 5112 5560 5559
f 5112 5120 5560
f 5555 5121 5119
f 5121 5555 5123
f 5123 5555 5557
f 5124 5123 5557
f 5558 5124 5557
f 5561 5124 5558
f 5562 5560 5120
f 5562 5120 5125
f 5125 5127 5562
f 5562 5127 5563
f 5561 5128 5124
f 5564 5128 5561
f 5129 5563 5127
f 5129 5565 5563
f 5564 5130 5128
f 5566 5130 5564
f 5131 5565 5129
f 5131 5567 5565
f 5566 5132 5130
f 5568 5132 5566
f 5133 5567 5131
f 5133 5569 5567
f 5568 5134 5132
f 5570 5134 5568
f 5135 5569 5133
f 5135 5571 5569
f 5570 5136 5134
f 5572 5136 5570
f 5137 5571 5135
f 5137 5573 5571
f 5572 5139 5136
f 5574 5139 5572
f 5141 5573 5137
f 5141 5575 5573
f 5574 5143 5139
f 5576 5143 5574
f 5578 5577 5144
f 5578 5144 5145
f 5141 5144 5575
f 5575 5144 5577
f 5576 5148 5143
f 5579 5148 5576
f 5582 5581 5580
f 5581 5578 5580
f 5578 5149 5580
f 5578 5145 5149
f 5579 5155 5148
f 5583 5155 5579
f 5582 5580 5156
f 5157 5582 5156
f 5584 5582 5157
f 5156 5580 5149
f 5583 5164 5155
f 5585 5164 5583
f 5587 5586 5165
f 5587 5165 5166
f 5157 5165 5584
f 5584 5165 5586
f 5588 5168 5169
f 5170 5589 5169
f 5169 5589 5588
f 5171 5590 5170
f 5170 5590 5589
f 5172 5590 5171
f 5585 5176 5164
f 5591 5176 5585
f 5178 5592 5177
f 5592 5593 5177
f 5593 5166 5177
f 5593 5587 5166
f 5594 5180 5588
f 5588 5180 5168
f 5595 5588 5589
f 5594 5588 5595
f 5596 5589 5590
f 5595 5589 5596
f 5181 5597 5172
f 5597 5590 5172
f 5597 5596 5590
f 5183 5597 5181
f 5591 5185 5176
f 5598 5185 5591
f 5600 5599 5186
f 5600 5186 5187
f 5178 5186 5592
f 5186 5601 5592
f 5186 5599 5601
f 5592 5601 5593
f 5602 5189 5594
f 5594 5189 5180
f 5603 5594 5595
f 5602 5594 5603
f 5604 5595 5596
f 5603 5595 5604
f 5192 5604 5191
f 5604 5597 5191
f 5604 5596 5597
f 5191 5597 5183
f 5598 5605 5185
f 5185 5605 5193
f 5194 5193 5605
f 5194 5605 5606
f 5609 5608 5607
f 5195 5196 5607
f 5608 5195 5607
f 5610 5195 5608
f 5195 5611 5197
f 5610 5611 5195
f 5187 5197 5600
f 5600 5197 5611
f 5602 5199 5189
f 5199 5602 5200
f 5602 5612 5200
f 5602 5603 5612
f 5613 5603 5604
f 5612 5603 5613
f 5202 5613 5192
f 5192 5613 5604
f 5606 5203 5194
f 5614 5203 5606
f 5617 5616 5615
f 5619 5618 5615
f 5619 5615 5616
f 5204 5205 5618
f 5619 5204 5618
f 5620 5204 5619
f 5204 5621 5206
f 5620 5621 5204
f 5206 5622 5207
f 5621 5622 5206
f 5207 5623 5208
f 5622 5623 5207
f 5208 5624 5209
f 5623 5624 5208
f 5209 5625 5210
f 5624 5625 5209
f 5210 5626 5211
f 5625 5626 5210
f 5211 5627 5212
f 5626 5627 5211
f 5212 5628 5213
f 5627 5628 5212
f 5213 5629 5214
f 5628 5629 5213
f 5214 5630 5215
f 5629 5630 5214
f 5607 5216 5609
f 5216 5630 5609
f 5216 5215 5630
f 5216 5607 5196
f 5612 5218 5200
f 5218 5612 5221
f 5221 5612 5613
f 5221 5613 5202
f 5614 5631 5203
f 5203 5631 5222
f 5633 5632 5224
f 5222 5633 5224
f 5631 5633 5222
f 5635 5634 5632
f 5635 5632 5633
f 5637 5636 5634
f 5637 5634 5635
f 5226 5227 5636
f 5637 5226 5636
f 5638 5226 5637
f 5226 5639 5229
f 5638 5639 5226
f 5229 5640 5231
f 5639 5640 5229
f 5231 5641 5233
f 5640 5641 5231
f 5233 5642 5235
f 5641 5642 5233
f 5235 5643 5237
f 5642 5643 5235
f 5237 5644 5239
f 5643 5644 5237
f 5239 5645 5241
f 5644 5645 5239
f 5241 5646 5243
f 5645 5646 5241
f 5243 5647 5245
f 5646 5647 5243
f 5245 5648 5246
f 5647 5648 5245
f 5246 5649 5248
f 5648 5649 5246
f 5651 5650 5249
f 5248 5651 5249
f 5649 5651 5248
f 5653 5652 5650
f 5653 5650 5651
f 5655 5654 5652
f 5655 5652 5653
f 5657 5656 5654
f 5657 5654 5655
f 5659 5658 5656
f 5659 5656 5657
f 5661 5660 5658
f 5661 5658 5659
f 5660 5661 5617
f 5660 5617 5615
f 5251 5660 5615
f 5250 5251 5615
f 5250 5615 5252
f 5252 5615 5618
f 5252 5618 5205
f 5632 5253 5224
f 5253 5632 5254
f 5254 5632 5634
f 5254 5634 5255
f 5255 5634 5636
f 5255 5636 5227
f 5662 5258 5259
f 5249 5650 5259
f 5650 5662 5259
f 5650 5663 5662
f 5664 5650 5652
f 5663 5650 5664
f 5665 5652 5654
f 5664 5652 5665
f 5666 5654 5656
f 5665 5654 5666
f 5667 5656 5658
f 5666 5656 5667
f 5262 5667 5261
f 5667 5660 5261
f 5667 5658 5660
f 5261 5660 5251
f 5668 5265 5266
f 5258 5662 5266
f 5662 5668 5266
f 5662 5669 5668
f 5670 5662 5663
f 5669 5662 5670
f 5671 5663 5664
f 5670 5663 5671
f 5672 5664 5665
f 5671 5664 5672
f 5673 5665 5666
f 5672 5665 5673
f 5269 5673 5268
f 5673 5667 5268
f 5673 5666 5667
f 5268 5667 5262
f 5674 5272 5273
f 5274 5675 5273
f 5273 5675 5674
f 5265 5668 5274
f 5668 5675 5274
f 5668 5676 5675
f 5677 5668 5669
f 5676 5668 5677
f 5678 5669 5670
f 5677 5669 5678
f 5679 5670 5671
f 5678 5670 5679
f 5680 5671 5672
f 5679 5671 5680
f 5276 5680 5275
f 5680 5673 5275
f 5680 5672 5673
f 5275 5673 5269
f 5681 5278 5279
f 5280 5682 5279
f 5279 5682 5681
f 5272 5674 5280
f 5674 5682 5280
f 5674 5683 5682
f 5684 5674 5675
f 5683 5674 5684
f 5685 5675 5676
f 5684 5675 5685
f 5686 5676 5677
f 5685 5676 5686
f 5687 5677 5678
f 5686 5677 5687
f 5283 5687 5282
f 5687 5679 5282
f 5687 5678 5679
f 5282 5679 5284
f 5284 5679 5680
f 5284 5680 5276
f 5688 5286 5287
f 5288 5689 5287
f 5287 5689 5688
f 5278 5681 5288
f 5681 5689 5288
f 5681 5690 5689
f 5691 5681 5682
f 5690 5681 5691
f 5692 5682 5683
f 5691 5682 5692
f 5693 5683 5684
f 5692 5683 5693
f 5694 5684 5685
f 5693 5684 5694
f 5695 5685 5686
f 5694 5685 5695
f 5291 5695 5290
f 5695 5687 5290
f 5695 5686 5687
f 5290 5687 5283
f 5696 5293 5294
f 5295 5697 5294
f 5294 5697 5696
f 5296 5698 5295
f 5295 5698 5697
f 5286 5688 5296
f 5688 5698 5296
f 5688 5699 5698
f 5700 5688 5689
f 5699 5688 5700
f 5701 5689 5690
f 5700 5689 5701
f 5691 5703 5702
f 5701 5691 5702
f 5690 5691 5701
f 5705 5704 5703
f 5691 5705 5703
f 5692 5705 5691
f 5706 5692 5693
f 5705 5692 5706
f 5707 5693 5694
f 5706 5693 5707
f 5299 5707 5298
f 5707 5695 5298
f 5707 5694 5695
f 5298 5695 5291
f 5708 5300 5301
f 5709 5708 5301
f 5709 5301 5293
f 5710 5709 5293
f 5696 5710 5293
f 5710 5696 5697
f 5710 5697 5711
f 5711 5697 5698
f 5711 5698 5712
f 5712 5698 5699
f 5712 5699 5713
f 5713 5699 5700
f 5713 5700 5714
f 5714 5700 5701
f 5714 5701 5715
f 5715 5701 5702
f 5704 5705 5716
f 5704 5716 5717
f 5718 5705 5706
f 5716 5705 5718
f 5304 5718 5303
f 5718 5707 5303
f 5718 5706 5707
f 5303 5707 5299
f 5719 5305 5306
f 5720 5719 5306
f 5720 5306 5300
f 5721 5720 5300
f 5708 5721 5300
f 5721 5708 5709
f 5717 5716 5722
f 5717 5722 5723
f 5309 5722 5308
f 5722 5718 5308
f 5722 5716 5718
f 5308 5718 5304
f 5725 5724 5311
f 5311 5724 5310
f 5311 5305 5719
f 5726 5311 5719
f 5725 5311 5726
f 5726 5719 5720
f 5729 5728 5727
f 5727 5728 5723
f 5727 5723 5722
f 5314 5727 5722
f 5313 5314 5722
f 5313 5722 5309
f 5731 5730 5316
f 5316 5730 5315
f 5732 5316 5317
f 5732 5731 5316
f 5317 5310 5724
f 5317 5724 5732
f 5735 5734 5733
f 5733 5734 5729
f 5733 5729 5727
f 5319 5733 5727
f 5318 5319 5727
f 5318 5727 5314
f 5737 5736 5321
f 5321 5736 5320
f 5321 5315 5730
f 5321 5730 5737
f 5740 5739 5738
f 5738 5739 5735
f 5738 5735 5733
f 5323 5738 5733
f 5322 5323 5733
f 5322 5733 5319
f 5743 5742 5741
f 5736 5743 5741
f 5324 5736 5741
f 5320 5736 5324
f 5746 5745 5744
f 5744 5745 5740
f 5744 5740 5738
f 5326 5744 5738
f 5325 5326 5738
f 5325 5738 5323
f 5741 5742 5328
f 5742 5327 5328
f 5742 5747 5327
f 5741 5328 5324
f 5750 5749 5748
f 5330 5331 5748
f 5749 5330 5748
f 5751 5330 5749
f 5744 5332 5746
f 5332 5751 5746
f 5332 5330 5751
f 5332 5744 5326
f 5747 5333 5327
f 5752 5333 5747
f 5755 5754 5753
f 5753 5754 5750
f 5753 5750 5748
f 5335 5753 5748
f 5334 5335 5748
f 5334 5748 5331
f 5752 5336 5333
f 5756 5336 5752
f 5758 5757 5337
f 5758 5337 5338
f 5753 5339 5755
f 5339 5757 5755
f 5339 5337 5757
f 5339 5753 5335
f 5760 5340 5759
f 5340 5756 5759
f 5340 5336 5756
f 5761 5760 5759
f 5764 5763 5762
f 5343 5342 5762
f 5763 5343 5762
f 5765 5343 5763
f 5338 5343 5758
f 5758 5343 5765
f 5760 5344 5340
f 5761 5766 5760
f 5766 5344 5760
f 5766 5345 5344
f 5345 5767 5346
f 5766 5767 5345
f 5346 5768 5347
f 5767 5768 5346
f 5762 5348 5764
f 5348 5768 5764
f 5348 5347 5768
f 5348 5762 5342
f 5771 5770 5769
f 5769 5772 5771
f 5769 5770 5773
f 5773 5770 5774
f 5772 5769 5775
f 5769 5776 5775
f 5769 5773 5776
f 5778 5777 5776
f 5776 5777 5775
f 5780 5779 5778
f 5778 5779 5777
f 5780 5781 5779
f 5784 5783 5782
f 5782 5785 5784
f 5773 5774 5786
f 5786 5774 5787
f 5773 5788 5776
f 5773 5786 5788
f 5776 5789 5778
f 5776 5788 5789
f 5778 5790 5780
f 5778 5789 5790
f 5781 5780 5791
f 5780 5792 5791
f 5780 5790 5792
f 5791 5792 5783
f 5792 5782 5783
f 5792 5793 5782
f 5785 5782 5794
f 5782 5795 5794
f 5782 5793 5795
f 5797 5796 5795
f 5795 5796 5794
f 5797 5798 5796
f 5801 5800 5799
f 5801 5799 5787
f 5799 5786 5787
f 5799 5802 5786
f 5786 5803 5788
f 5786 5802 5803
f 5803 5350 5351
f 5789 5803 5351
f 5788 5803 5789
f 5789 5351 5352
f 5804 5789 5352
f 5790 5789 5804
f 5804 5354 5355
f 5792 5804 5355
f 5790 5804 5792
f 5792 5355 5356
f 5792 5356 5793
f 5793 5356 5358
f 5793 5358 5795
f 5795 5358 5360
f 5795 5360 5797
f 5806 5805 5362
f 5362 5805 5360
f 5805 5798 5360
f 5798 5797 5360
f 5806 5807 5805
f 5800 5808 5799
f 5810 5809 5808
f 5809 5799 5808
f 5809 5802 5799
f 5802 5811 5803
f 5802 5809 5811
f 5812 5363 5350
f 5803 5812 5350
f 5811 5812 5803
f 5366 5804 5352
f 5364 5363 5812
f 5804 5366 5354
f 5368 5806 5362
f 5813 5807 5806
f 5368 5813 5806
f 5370 5813 5368
f 5815 5814 5372
f 5814 5370 5372
f 5814 5813 5370
f 5815 5816 5814
f 5810 5817 5809
f 5809 5817 5811
f 5811 5817 5818
f 5820 5819 5818
f 5819 5811 5818
f 5819 5812 5811
f 5819 5373 5364
f 5819 5364 5812
f 5374 5815 5372
f 5821 5816 5815
f 5374 5821 5815
f 5375 5821 5374
f 5375 5377 5821
f 5821 5377 5822
f 5819 5820 5380
f 5820 5379 5380
f 5820 5823 5379
f 5819 5380 5373
f 5824 5822 5377
f 5824 5377 5383
f 5383 5384 5824
f 5824 5384 5825
f 5823 5826 5379
f 5379 5826 5385
f 5826 5828 5827
f 5386 5826 5827
f 5385 5826 5386
f 5827 5388 5386
f 5829 5825 5384
f 5829 5384 5389
f 5831 5829 5830
f 5829 5390 5830
f 5829 5389 5390
f 5392 5830 5390
f 5828 5832 5827
f 5832 5834 5833
f 5832 5833 5393
f 5827 5832 5393
f 5388 5827 5393
f 5833 5394 5393
f 5835 5831 5830
f 5835 5830 5392
f 5395 5835 5392
f 5836 5835 5395
f 5395 5396 5836
f 5836 5396 5837
f 5834 5838 5833
f 5838 5840 5839
f 5838 5839 5397
f 5833 5838 5397
f 5394 5833 5397
f 5839 5398 5397
f 5841 5837 5396
f 5841 5396 5399
f 5399 5400 5841
f 5841 5400 5842
f 5840 5843 5839
f 5839 5843 5398
f 5843 5401 5398
f 5843 5844 5401
f 5401 5845 5402
f 5844 5845 5401
f 5403 5402 5845
f 5403 5845 5846
f 5847 5842 5400
f 5847 5400 5404
f 5404 5405 5847
f 5847 5405 5848
f 5846 5849 5403
f 5403 5849 5406
f 5407 5406 5849
f 5407 5849 5850
f 5851 5848 5405
f 5851 5405 5408
f 5408 5409 5851
f 5851 5409 5852
f 5850 5853 5407
f 5407 5853 5415
f 5415 5854 5416
f 5853 5854 5415
f 5417 5416 5854
f 5417 5854 5855
f 5409 5418 5856
f 5857 5409 5856
f 5852 5409 5857
f 5419 5856 5418
f 5858 5422 5423
f 5425 5858 5423
f 5859 5427 5428
f 5859 5428 5860
f 5428 5861 5860
f 5428 5429 5861
f 5862 5429 5430
f 5862 5861 5429
f 5863 5430 5431
f 5863 5862 5430
f 5864 5431 5432
f 5864 5863 5431
f 5865 5432 5433
f 5865 5864 5432
f 5867 5865 5866
f 5865 5434 5866
f 5865 5433 5434
f 5435 5868 5434
f 5434 5868 5866
f 5436 5869 5435
f 5435 5869 5868
f 5437 5870 5436
f 5436 5870 5869
f 5438 5871 5437
f 5437 5871 5870
f 5439 5872 5438
f 5438 5872 5871
f 5441 5872 5439
f 5874 5443 5873
f 5443 5855 5873
f 5443 5417 5855
f 5875 5874 5873
f 5876 5857 5856
f 5856 5419 5876
f 5419 5877 5876
f 5419 5445 5877
f 5878 5447 5448
f 5422 5858 5448
f 5858 5878 5448
f 5858 5879 5878
f 5449 5880 5425
f 5880 5858 5425
f 5880 5879 5858
f 5450 5881 5449
f 5449 5881 5880
f 5452 5881 5450
f 5883 5882 5859
f 5882 5427 5859
f 5882 5453 5427
f 5883 5859 5860
f 5884 5867 5866
f 5884 5866 5868
f 5884 5868 5885
f 5885 5868 5869
f 5885 5869 5886
f 5886 5869 5870
f 5886 5870 5887
f 5887 5870 5871
f 5887 5871 5888
f 5888 5871 5872
f 5888 5872 5889
f 5889 5872 5441
f 5454 5889 5441
f 5890 5889 5454
f 5454 5443 5874
f 5891 5454 5874
f 5890 5454 5891
f 5891 5874 5875
f 5892 5877 5445
f 5892 5445 5455
f 5893 5455 5456
f 5893 5892 5455
f 5894 5456 5457
f 5894 5893 5456
f 5896 5894 5895
f 5894 5458 5895
f 5894 5457 5458
f 5459 5897 5458
f 5458 5897 5895
f 5461 5897 5459
f 5898 5468 5469
f 5447 5878 5469
f 5878 5898 5469
f 5878 5899 5898
f 5879 5901 5900
f 5899 5879 5900
f 5878 5879 5899
f 5903 5902 5901
f 5879 5903 5901
f 5880 5903 5879
f 5904 5880 5881
f 5903 5880 5904
f 5471 5904 5452
f 5452 5904 5881
f 5906 5905 5475
f 5475 5905 5474
f 5475 5453 5882
f 5475 5882 5906
f 5907 5896 5895
f 5907 5895 5897
f 5907 5897 5908
f 5908 5897 5461
f 5476 5908 5461
f 5909 5908 5476
f 5910 5476 5477
f 5910 5909 5476
f 5911 5477 5478
f 5911 5910 5477
f 5912 5478 5479
f 5912 5911 5478
f 5913 5479 5480
f 5913 5912 5479
f 5914 5480 5481
f 5914 5913 5480
f 5915 5481 5482
f 5915 5914 5481
f 5916 5482 5483
f 5916 5915 5482
f 5917 5483 5484
f 5917 5916 5483
f 5919 5917 5918
f 5917 5485 5918
f 5917 5484 5485
f 5486 5918 5485
f 5920 5487 5898
f 5898 5487 5468
f 5899 5922 5921
f 5920 5899 5921
f 5898 5899 5920
f 5922 5899 5900
f 5923 5902 5903
f 5925 5924 5923
f 5903 5925 5923
f 5904 5925 5903
f 5489 5925 5471
f 5471 5925 5904
f 5905 5497 5474
f 5926 5497 5905
f 5927 5919 5918
f 5927 5918 5486
f 5498 5927 5486
f 5928 5927 5498
f 5929 5498 5499
f 5929 5928 5498
f 5499 5500 5929
f 5929 5500 5930
f 5931 5501 5920
f 5920 5501 5487
f 5920 5921 5932
f 5920 5932 5931
f 5924 5925 5933
f 5924 5933 5934
f 5503 5933 5489
f 5489 5933 5925
f 5926 5513 5497
f 5935 5513 5926
f 5936 5930 5500
f 5936 5500 5514
f 5514 5516 5936
f 5936 5516 5937
f 5931 5517 5501
f 5939 5938 5519
f 5939 5519 5517
f 5932 5939 5517
f 5931 5932 5517
f 5941 5940 5938
f 5941 5938 5939
f 5943 5942 5940
f 5943 5940 5941
f 5942 5943 5934
f 5933 5942 5934
f 5944 5942 5933
f 5521 5944 5503
f 5503 5944 5933
f 5935 5529 5513
f 5945 5529 5935
f 5530 5947 5946
f 5937 5530 5946
f 5516 5530 5937
f 5947 5948 5946
f 5949 5532 5938
f 5938 5532 5519
f 5950 5938 5940
f 5949 5938 5950
f 5951 5940 5942
f 5950 5940 5951
f 5535 5951 5534
f 5951 5944 5534
f 5951 5942 5944
f 5534 5944 5521
f 5952 5540 5541
f 5953 5952 5541
f 5529 5953 5541
f 5945 5953 5529
f 5542 5947 5530
f 5542 5543 5947
f 5543 5948 5947
f 5543 5954 5948
f 5949 5545 5532
f 5545 5949 5547
f 5547 5949 5950
f 5547 5950 5549
f 5549 5950 5951
f 5549 5951 5535
f 5955 5552 5952
f 5952 5552 5540
f 5952 5953 5956
f 5952 5956 5955
f 5554 5958 5957
f 5954 5554 5957
f 5543 5554 5954
f 5958 5959 5957
f 5955 5556 5552
f 5558 5556 5955
f 5956 5558 5955
f 5960 5558 5956
f 5559 5958 5554
f 5559 5560 5958
f 5560 5959 5958
f 5560 5961 5959
f 5960 5561 5558
f 5962 5561 5960
f 5963 5961 5560
f 5963 5560 5562
f 5562 5563 5963
f 5963 5563 5964
f 5962 5564 5561
f 5965 5564 5962
f 5565 5964 5563
f 5565 5966 5964
f 5965 5566 5564
f 5967 5566 5965
f 5567 5966 5565
f 5567 5968 5966
f 5967 5568 5566
f 5969 5568 5967
f 5569 5968 5567
f 5569 5970 5968
f 5969 5570 5568
f 5971 5570 5969
f 5571 5970 5569
f 5571 5972 5970
f 5971 5572 5570
f 5973 5572 5971
f 5573 5972 5571
f 5573 5974 5972
f 5973 5574 5572
f 5975 5574 5973
f 5978 5977 5976
f 5977 5974 5976
f 5974 5575 5976
f 5974 5573 5575
f 5975 5576 5574
f 5979 5576 5975
f 5978 5976 5577
f 5578 5978 5577
f 5980 5978 5578
f 5577 5976 5575
f 5979 5579 5576
f 5981 5579 5979
f 5582 5982 5581
f 5982 5983 5581
f 5983 5578 5581
f 5983 5980 5578
f 5981 5583 5579
f 5984 5583 5981
f 5986 5985 5982
f 5582 5986 5982
f 5584 5986 5582
f 5982 5985 5983
f 5984 5585 5583
f 5987 5585 5984
f 5989 5988 5586
f 5989 5586 5587
f 5584 5586 5986
f 5986 5586 5988
f 5987 5591 5585
f 5990 5591 5987
f 5993 5992 5991
f 5992 5989 5991
f 5989 5593 5991
f 5989 5587 5593
f 5995 5598 5994
f 5598 5990 5994
f 5598 5591 5990
f 5996 5995 5994
f 5998 5997 5599
f 5998 5599 5600
f 5991 5601 5993
f 5601 5997 5993
f 5601 5599 5997
f 5601 5991 5593
f 5995 5605 5598
f 5606 5605 5995
f 5996 5606 5995
f 5999 5606 5996
f 6002 6001 6000
f 6003 6000 6001
f 6006 6005 6004
f 5608 5609 6004
f 6005 5608 6004
f 6007 5608 6005
f 5608 6008 5610
f 6007 6008 5608
f 5610 6009 5611
f 6008 6009 5610
f 5600 5611 5998
f 5998 5611 6009
f 6011 5614 6010
f 5614 5999 6010
f 5614 5606 5999
f 6013 6012 6011
f 6013 6011 6010
f 6015 6014 6012
f 6015 6012 6013
f 6017 6016 6014
f 6017 6014 6015
f 6019 6018 6016
f 6019 6016 6017
f 6021 6020 6018
f 6021 6018 6019
f 6023 6022 6020
f 6023 6020 6021
f 6025 6024 6022
f 6025 6022 6023
f 6027 6026 6024
f 6027 6024 6025
f 6029 6028 6026
f 6029 6026 6027
f 6031 6030 6028
f 6031 6028 6029
f 6033 6032 6030
f 6033 6030 6031
f 6035 6034 6032
f 6035 6032 6033
f 6037 6036 6034
f 6037 6034 6035
f 6039 6038 6036
f 6039 6036 6037
f 6041 6040 6038
f 6041 6038 6039
f 6043 6042 6040
f 6043 6040 6041
f 6045 6044 6042
f 6045 6042 6043
f 6047 6046 6044
f 6047 6044 6045
f 6049 6048 6046
f 6049 6046 6047
f 6051 6050 6048
f 6051 6048 6049
f 6053 6052 6050
f 6053 6050 6051
f 5616 5617 6052
f 6053 5616 6052
f 6054 5616 6053
f 5616 6055 5619
f 6054 6055 5616
f 5619 6056 5620
f 6055 6056 5619
f 6000 5621 6002
f 5621 6056 6002
f 5621 5620 6056
f 6003 6057 6000
f 6057 5621 6000
f 6057 5622 5621
f 5622 6058 5623
f 6057 6058 5622
f 5623 6059 5624
f 6058 6059 5623
f 5624 6060 5625
f 6059 6060 5624
f 5625 6061 5626
f 6060 6061 5625
f 5626 6062 5627
f 6061 6062 5626
f 5627 6063 5628
f 6062 6063 5627
f 5628 6064 5629
f 6063 6064 5628
f 6004 5630 6006
f 5630 6064 6006
f 5630 5629 6064
f 5630 6004 5609
f 6011 5631 5614
f 5631 6011 5633
f 5633 6011 6012
f 5633 6012 5635
f 5635 6012 6014
f 5635 6014 5637
f 5637 6014 6016
f 5637 6016 5638
f 5638 6016 6018
f 5638 6018 5639
f 5639 6018 6020
f 5639 6020 5640
f 5640 6020 6022
f 5640 6022 5641
f 5641 6022 6024
f 5641 6024 5642
f 5642 6024 6026
f 5642 6026 5643
f 5643 6026 6028
f 5643 6028 5644
f 5644 6028 6030
f 5644 6030 5645
f 5645 6030 6032
f 5645 6032 5646
f 5646 6032 6034
f 5646 6034 5647
f 5647 6034 6036
f 5647 6036 5648
f 5648 6036 6038
f 5648 6038 5649
f 5649 6038 6040
f 5649 6040 5651
f 5651 6040 6042
f 5651 6042 5653
f 5653 6042 6044
f 5653 6044 5655
f 5655 6044 6046
f 5655 6046 5657
f 5657 6046 6048
f 5657 6048 5659
f 5659 6048 6050
f 5659 6050 5661
f 5661 6050 6052
f 5661 6052 5617
f 6065 5702 5703
f 5704 6065 5703
f 6066 5709 5710
f 5711 6067 5710
f 5710 6067 6066
f 5712 6068 5711
f 5711 6068 6067
f 5713 6069 5712
f 5712 6069 6068
f 5714 6070 5713
f 5713 6070 6069
f 5715 6071 5714
f 5714 6071 6070
f 5702 6065 5715
f 6065 6071 5715
f 6065 6072 6071
f 5717 6072 5704
f 5704 6072 6065
f 6073 5720 5721
f 6074 6073 5721
f 6074 5721 5709
f 6075 6074 5709
f 6066 6075 5709
f 6075 6066 6067
f 6075 6067 6076
f 6078 6077 6076
f 6067 6078 6076
f 6068 6078 6067
f 6079 6068 6069
f 6078 6068 6079
f 6080 6069 6070
f 6079 6069 6080
f 6081 6070 6071
f 6080 6070 6081
f 6082 6071 6072
f 6081 6071 6082
f 5723 6082 5717
f 5717 6082 6072
f 6083 5724 5725
f 5726 6084 5725
f 5725 6084 6083
f 5720 6073 5726
f 6073 6084 5726
f 6073 6085 6084
f 6073 6074 6086
f 6073 6086 6085
f 6087 6077 6078
f 6089 6088 6087
f 6078 6089 6087
f 6079 6089 6078
f 6090 6079 6080
f 6089 6079 6090
f 6091 6080 6081
f 6090 6080 6091
f 5729 6091 5728
f 6091 6082 5728
f 6091 6081 6082
f 5728 6082 5723
f 6093 6092 5731
f 5731 6092 5730
f 6094 5731 5732
f 6094 6093 5731
f 5732 5724 6083
f 6095 5732 6083
f 6094 5732 6095
f 6095 6083 6084
f 6095 6084 6096
f 6096 6084 6085
f 6096 6085 6097
f 6100 6099 6098
f 6086 6097 6085
f 6101 6099 6100
f 6088 6089 6102
f 6088 6102 6103
f 6104 6089 6090
f 6102 6089 6104
f 5735 6104 5734
f 6104 6091 5734
f 6104 6090 6091
f 5734 6091 5729
f 6106 6105 5737
f 5737 6105 5736
f 5737 5730 6092
f 5737 6092 6106
f 6107 6098 6099
f 6110 6109 6108
f 6101 6107 6099
f 6111 6109 6110
f 6103 6102 6112
f 6103 6112 6113
f 5740 6112 5739
f 6112 6104 5739
f 6112 6102 6104
f 5739 6104 5735
f 6114 5742 5743
f 6115 6114 5743
f 5736 6115 5743
f 6105 6115 5736
f 6108 6109 6116
f 6108 6116 6117
f 6109 6111 6118
f 6119 6109 6118
f 6116 6109 6119
f 6119 6118 6113
f 6119 6113 6112
f 5746 6119 6112
f 5745 5746 6112
f 5745 6112 5740
f 6120 5747 6114
f 6114 5747 5742
f 6114 6115 6121
f 6114 6121 6120
f 6124 6123 6122
f 6122 6123 6117
f 6122 6117 6116
f 5750 6122 6116
f 5749 5750 6116
f 5749 6116 5751
f 5751 6116 6119
f 5751 6119 5746
f 6126 6125 6120
f 6125 5747 6120
f 6125 5752 5747
f 6126 6120 6121
f 6129 6128 6127
f 6127 6128 6124
f 6127 6124 6122
f 5755 6127 6122
f 5754 5755 6122
f 5754 6122 5750
f 6131 5756 6130
f 5756 6125 6130
f 5756 5752 6125
f 6132 6131 6130
f 6135 6134 6133
f 6133 6134 6129
f 6133 6129 6127
f 5758 6133 6127
f 5757 5758 6127
f 5757 6127 5755
f 6131 5759 5756
f 6137 6136 5761
f 6137 5761 5759
f 6132 6137 5759
f 6131 6132 5759
f 6139 6138 6136
f 6139 6136 6137
f 6141 6140 6138
f 6141 6138 6139
f 5763 5764 6140
f 6141 5763 6140
f 6142 5763 6141
f 6133 5765 6135
f 5765 6142 6135
f 5765 5763 6142
f 5765 6133 5758
f 6136 5766 5761
f 5766 6136 5767
f 5767 6136 6138
f 5767 6138 5768
f 5768 6138 6140
f 5768 6140 5764
f 6145 6144 6143
f 6147 6146 6143
f 6143 6146 6145
f 6149 6148 6147
f 6147 6148 6146
f 6149 6150 6148
f 6153 6152 6151
f 6153 6151 6144
f 6151 6143 6144
f 6151 6154 6143
f 6143 6155 6147
f 6143 6154 6155
f 6147 6156 6149
f 6147 6155 6156
f 6150 6149 6157
f 6149 6158 6157
f 6149 6156 6158
f 6160 6159 6158
f 6158 6159 6157
f 6160 6161 6159
f 6152 6162 6151
f 6164 6163 6162
f 6163 6151 6162
f 6163 6154 6151
f 6154 6165 6155
f 6154 6163 6165
f 6155 6166 6156
f 6155 6165 6166
f 6166 5770 5771
f 6158 6166 5771
f 6156 6166 6158
f 6158 5771 5772
f 6167 6158 5772
f 6160 6158 6167
f 6161 6160 6168
f 6160 6169 6168
f 6160 6167 6169
f 6169 6170 6168
f 6164 6171 6163
f 6173 6172 6171
f 6172 6163 6171
f 6172 6165 6163
f 6165 6174 6166
f 6165 6172 6174
f 6174 5774 5770
f 6174 5770 6166
f 5775 6167 5772
f 6167 5775 5777
f 6167 5777 6169
f 6175 6170 6169
f 5777 6175 6169
f 5779 6175 5777
f 6177 6176 5781
f 6176 5779 5781
f 6176 6175 5779
f 5783 5784 6177
f 5784 6176 6177
f 5784 6178 6176
f 5784 5785 6178
f 6178 5785 6179
f 6172 6173 6180
f 6180 6173 6181
f 6172 6182 6174
f 6172 6180 6182
f 6182 5787 5774
f 6182 5774 6174
f 5791 6177 5781
f 6177 5791 5783
f 6183 6179 5785
f 6183 5785 5794
f 6184 5794 5796
f 6184 6183 5794
f 5796 5798 6184
f 6184 5798 6185
f 6180 6181 6186
f 6186 6181 6187
f 6186 5800 5801
f 6182 6186 5801
f 6180 6186 6182
f 6182 5801 5787
f 6188 6185 5798
f 6188 5798 5805
f 5805 5807 6188
f 6188 5807 6189
f 6186 6187 6190
f 6190 6187 6191
f 6192 5808 5800
f 6186 6192 5800
f 6190 6192 6186
f 6192 5810 5808
f 6193 6189 5807
f 6193 5807 5813
f 6195 6193 6194
f 6193 5814 6194
f 6193 5813 5814
f 5816 6194 5814
f 6191 6196 6190
f 6190 6196 6192
f 6192 6196 6197
f 6192 6197 5810
f 6197 5817 5810
f 6197 6198 5817
f 6198 6200 6199
f 5818 6198 6199
f 5817 6198 5818
f 6199 5820 5818
f 6201 6195 6194
f 6201 6194 5816
f 5821 6201 5816
f 6202 6201 5821
f 5821 5822 6202
f 6202 5822 6203
f 6199 6200 6204
f 6204 6200 6205
f 6204 5823 5820
f 6204 5820 6199
f 6206 6203 5822
f 6206 5822 5824
f 5824 5825 6206
f 6206 5825 6207
f 6205 6208 6204
f 6208 6210 6209
f 6208 6209 5826
f 6204 6208 5826
f 5823 6204 5826
f 6209 5828 5826
f 6211 6207 5825
f 6211 5825 5829
f 5829 5831 6211
f 6211 5831 6212
f 6210 6213 6209
f 6209 6213 5828
f 6213 5832 5828
f 6213 6214 5832
f 5834 5832 6214
f 5834 6214 6215
f 6216 6212 5831
f 6216 5831 5835
f 6218 6216 6217
f 6216 5836 6217
f 6216 5835 5836
f 5837 6217 5836
f 6215 6219 5834
f 5834 6219 5838
f 6221 6220 5840
f 5838 6221 5840
f 6219 6221 5838
f 6222 6220 6221
f 6223 6218 6217
f 6225 6223 6224
f 6224 6223 5841
f 6223 6217 5841
f 6217 5837 5841
f 5842 6224 5841
f 6220 5843 5840
f 6222 6226 6220
f 6226 5843 6220
f 6226 5844 5843
f 5844 6227 5845
f 6226 6227 5844
f 5846 5845 6227
f 5846 6227 6228
f 6229 6225 6224
f 6231 6229 6230
f 6230 6229 5847
f 6229 6224 5847
f 6224 5842 5847
f 5848 6230 5847
f 6228 6232 5846
f 5846 6232 5849
f 6234 6233 5850
f 5849 6234 5850
f 6232 6234 5849
f 6235 6233 6234
f 6236 6231 6230
f 6238 6236 6237
f 6237 6236 5851
f 6236 6230 5851
f 6230 5848 5851
f 5852 6237 5851
f 6233 5853 5850
f 6235 6239 6233
f 6239 5853 6233
f 6239 5854 5853
f 5855 5854 6239
f 5855 6239 6240
f 6241 6238 6237
f 6237 5852 6241
f 5852 6242 6241
f 5852 5857 6242
f 6243 5860 5861
f 5862 6244 5861
f 5861 6244 6243
f 5863 6245 5862
f 5862 6245 6244
f 5864 6246 5863
f 5863 6246 6245
f 5865 6247 5864
f 5864 6247 6246
f 5867 6247 5865
f 6240 6248 5855
f 5855 6248 5873
f 5875 5873 6248
f 5875 6248 6249
f 5857 5876 6250
f 6251 5857 6250
f 6242 5857 6251
f 5877 6250 5876
f 6252 5882 5883
f 6253 6252 5883
f 6253 5883 5860
f 6254 6253 5860
f 6243 6254 5860
f 6254 6243 6244
f 6254 6244 6255
f 6255 6244 6245
f 6255 6245 6256
f 6256 6245 6246
f 6256 6246 6257
f 6257 6246 6247
f 6257 6247 6258
f 6258 6247 5867
f 5884 6258 5867
f 6259 6258 5884
f 6260 5884 5885
f 6260 6259 5884
f 6261 5885 5886
f 6261 6260 5885
f 6262 5886 5887
f 6262 6261 5886
f 6263 5887 5888
f 6263 6262 5887
f 6264 5888 5889
f 6264 6263 5888
f 6265 5889 5890
f 6265 6264 5889
f 6266 5890 5891
f 6266 6265 5890
f 5891 5875 6249
f 5891 6249 6266
f 6269 6268 6267
f 6270 6267 6268
f 6251 6250 6271
f 6251 6271 6272
f 5892 6273 5877
f 6273 6250 5877
f 6273 6271 6250
f 6273 5892 6274
f 5892 6275 6274
f 5892 5893 6275
f 6276 5893 5894
f 6276 6275 5893
f 5894 5896 6276
f 6276 5896 6277
f 6278 5900 5901
f 5902 6278 5901
f 6279 5905 5906
f 6280 6279 5906
f 6280 5906 5882
f 6281 6280 5882
f 6252 6281 5882
f 6281 6252 6253
f 6282 6269 6267
f 6282 6267 6270
f 6283 6272 6271
f 6283 6271 6273
f 6283 6273 6284
f 6284 6273 6274
f 5896 5907 6285
f 6286 5896 6285
f 6277 5896 6286
f 6285 5907 6287
f 5907 6288 6287
f 5907 5908 6288
f 6289 5908 5909
f 6289 6288 5908
f 6290 5909 5910
f 6290 6289 5909
f 6291 5910 5911
f 6291 6290 5910
f 6292 5911 5912
f 6292 6291 5911
f 6293 5912 5913
f 6293 6292 5912
f 6294 5913 5914
f 6294 6293 5913
f 6295 5914 5915
f 6295 6294 5914
f 6296 5915 5916
f 6296 6295 5915
f 6297 5916 5917
f 6297 6296 5916
f 5917 5919 6297
f 6297 5919 6298
f 6299 5921 5922
f 5900 6278 5922
f 6278 6299 5922
f 6278 6300 6299
f 5923 6301 5902
f 6301 6278 5902
f 6301 6300 6278
f 5924 6301 5923
f 6303 6302 6279
f 6302 5905 6279
f 6302 5926 5905
f 6303 6279 6280
f 6304 6286 6285
f 6304 6285 6287
f 6305 6298 5919
f 6305 5919 5927
f 6306 5927 5928
f 6306 6305 5927
f 6308 6306 6307
f 6306 5929 6307
f 6306 5928 5929
f 5930 6307 5929
f 6309 5932 6299
f 6299 5932 5921
f 6310 6299 6300
f 6309 6299 6310
f 6311 6300 6301
f 6310 6300 6311
f 5934 6311 5924
f 5924 6311 6301
f 6302 5935 5926
f 6312 5935 6302
f 6313 6308 6307
f 6313 6307 5930
f 5936 6313 5930
f 6314 6313 5936
f 5936 5937 6314
f 6314 5937 6315
f 6309 5939 5932
f 5939 6309 5941
f 5941 6309 6310
f 5941 6310 5943
f 5943 6310 6311
f 5943 6311 5934
f 6312 5945 5935
f 6316 5945 6312
f 5937 5946 6317
f 6318 5937 6317
f 6315 5937 6318
f 5948 6317 5946
f 6316 5953 5945
f 6319 5953 6316
f 6320 6318 6317
f 6317 5948 6320
f 5948 6321 6320
f 5948 5954 6321
f 6319 5956 5953
f 6322 5956 6319
f 6323 6321 5954
f 6323 5954 5957
f 5957 5959 6323
f 6323 5959 6324
f 6322 5960 5956
f 6325 5960 6322
f 5961 6324 5959
f 5961 6326 6324
f 6325 5962 5960
f 6327 5962 6325
f 5961 5963 6328
f 6329 5961 6328
f 6326 5961 6329
f 5964 6328 5963
f 6327 5965 5962
f 6330 5965 6327
f 6329 6328 6331
f 6329 6331 6332
f 5966 6331 5964
f 5964 6331 6328
f 6330 5967 5965
f 6333 5967 6330
f 6334 6332 6331
f 6331 5966 6334
f 5966 6335 6334
f 5966 5968 6335
f 6333 5969 5967
f 6336 5969 6333
f 5970 6335 5968
f 5970 6337 6335
f 6336 5971 5969
f 6338 5971 6336
f 5972 6337 5970
f 5972 6339 6337
f 6338 5973 5971
f 6340 5973 6338
f 6343 6342 6341
f 6342 6339 6341
f 6339 5974 6341
f 6339 5972 5974
f 6340 5975 5973
f 6344 5975 6340
f 6343 6341 5977
f 5978 6343 5977
f 6345 6343 5978
f 5977 6341 5974
f 6344 5979 5975
f 6346 5979 6344
f 5980 6345 5978
f 5980 6347 6345
f 6346 5981 5979
f 6348 5981 6346
f 5983 6347 5980
f 5983 6349 6347
f 6348 5984 5981
f 6350 5984 6348
f 6352 6351 5985
f 6352 5985 5986
f 5983 5985 6349
f 6349 5985 6351
f 6350 5987 5984
f 6353 5987 6350
f 6355 6354 5988
f 6355 5988 5989
f 5986 5988 6352
f 6352 5988 6354
f 6357 5990 6356
f 5990 6353 6356
f 5990 5987 6353
f 6358 6357 6356
f 6360 6359 5992
f 6360 5992 5993
f 5989 5992 6355
f 6355 5992 6359
f 6357 5994 5990
f 5996 5994 6357
f 6358 5996 6357
f 6361 5996 6358
f 6364 6363 6362
f 5997 5998 6362
f 6363 5997 6362
f 6365 5997 6363
f 5993 5997 6360
f 6360 5997 6365
f 6367 5999 6366
f 5999 6361 6366
f 5999 5996 6361
f 6369 6368 6367
f 6369 6367 6366
f 6371 6370 6368
f 6371 6368 6369
f 6373 6372 6370
f 6373 6370 6371
f 6374 6372 6373
f 6002 6375 6001
f 6375 6003 6001
f 6378 6377 6376
f 6005 6006 6376
f 6377 6005 6376
f 6379 6005 6377
f 6005 6380 6007
f 6379 6380 6005
f 6007 6381 6008
f 6380 6381 6007
f 6362 6009 6364
f 6009 6381 6364
f 6009 6008 6381
f 6009 6362 5998
f 6367 6010 5999
f 6010 6367 6013
f 6013 6367 6368
f 6013 6368 6015
f 6015 6368 6370
f 6015 6370 6017
f 6017 6370 6372
f 6374 6382 6372
f 6382 6017 6372
f 6382 6019 6017
f 6019 6383 6021
f 6382 6383 6019
f 6021 6384 6023
f 6383 6384 6021
f 6023 6385 6025
f 6384 6385 6023
f 6025 6386 6027
f 6385 6386 6025
f 6027 6387 6029
f 6386 6387 6027
f 6029 6388 6031
f 6387 6388 6029
f 6031 6389 6033
f 6388 6389 6031
f 6033 6390 6035
f 6389 6390 6033
f 6035 6391 6037
f 6390 6391 6035
f 6037 6392 6039
f 6391 6392 6037
f 6039 6393 6041
f 6392 6393 6039
f 6041 6394 6043
f 6393 6394 6041
f 6043 6395 6045
f 6394 6395 6043
f 6045 6396 6047
f 6395 6396 6045
f 6047 6397 6049
f 6396 6397 6047
f 6049 6398 6051
f 6397 6398 6049
f 6051 6399 6053
f 6398 6399 6051
f 6053 6400 6054
f 6399 6400 6053
f 6054 6401 6055
f 6400 6401 6054
f 6055 6402 6056
f 6401 6402 6055
f 6002 6056 6375
f 6056 6403 6375
f 6056 6402 6403
f 6375 6403 6003
f 6403 6057 6003
f 6403 6404 6057
f 6057 6405 6058
f 6404 6405 6057
f 6058 6406 6059
f 6405 6406 6058
f 6059 6407 6060
f 6406 6407 6059
f 6060 6408 6061
f 6407 6408 6060
f 6061 6409 6062
f 6408 6409 6061
f 6062 6410 6063
f 6409 6410 6062
f 6376 6064 6378
f 6064 6410 6378
f 6064 6063 6410
f 6064 6376 6006
f 6411 6074 6075
f 6076 6412 6075
f 6075 6412 6411
f 6077 6412 6076
f 6413 6086 6411
f 6411 6086 6074
f 6414 6411 6412
f 6413 6411 6414
f 6087 6415 6077
f 6415 6412 6077
f 6415 6414 6412
f 6088 6415 6087
f 6417 6416 6093
f 6093 6416 6092
f 6418 6093 6094
f 6418 6417 6093
f 6419 6094 6095
f 6419 6418 6094
f 6421 6419 6420
f 6419 6096 6420
f 6419 6095 6096
f 6097 6422 6096
f 6096 6422 6420
f 6097 6086 6422
f 6086 6413 6422
f 6100 6098 6422
f 6100 6422 6413
f 6100 6413 6101
f 6413 6423 6101
f 6413 6414 6423
f 6424 6414 6415
f 6423 6414 6424
f 6103 6424 6088
f 6088 6424 6415
f 6426 6425 6106
f 6106 6425 6105
f 6106 6092 6416
f 6106 6416 6426
f 6427 6421 6420
f 6429 6428 6427
f 6420 6429 6427
f 6422 6429 6420
f 6107 6430 6098
f 6430 6422 6098
f 6430 6429 6422
f 6107 6101 6430
f 6101 6423 6430
f 6110 6108 6430
f 6110 6430 6423
f 6110 6423 6111
f 6423 6431 6111
f 6423 6424 6431
f 6113 6431 6103
f 6103 6431 6424
f 6425 6115 6105
f 6432 6115 6425
f 6428 6429 6433
f 6428 6433 6434
f 6435 6429 6430
f 6433 6429 6435
f 6117 6435 6108
f 6108 6435 6430
f 6431 6118 6111
f 6118 6431 6113
f 6437 6121 6436
f 6121 6432 6436
f 6121 6115 6432
f 6438 6437 6436
f 6434 6433 6439
f 6434 6439 6440
f 6124 6439 6123
f 6439 6435 6123
f 6439 6433 6435
f 6123 6435 6117
f 6441 6125 6126
f 6121 6437 6126
f 6437 6441 6126
f 6437 6442 6441
f 6437 6438 6443
f 6444 6437 6443
f 6442 6437 6444
f 6446 6445 6444
f 6446 6444 6443
f 6448 6447 6445
f 6448 6445 6446
f 6450 6449 6447
f 6450 6447 6448
f 6449 6450 6440
f 6449 6440 6439
f 6129 6449 6439
f 6128 6129 6439
f 6128 6439 6124
f 6441 6130 6125
f 6130 6441 6132
f 6441 6451 6132
f 6441 6442 6451
f 6452 6442 6444
f 6451 6442 6452
f 6453 6444 6445
f 6452 6444 6453
f 6454 6445 6447
f 6453 6445 6454
f 6135 6454 6134
f 6454 6449 6134
f 6454 6447 6449
f 6134 6449 6129
f 6451 6137 6132
f 6137 6451 6139
f 6139 6451 6452
f 6139 6452 6141
f 6141 6452 6453
f 6141 6453 6142
f 6142 6453 6454
f 6142 6454 6135
f 6457 6456 6455
f 6144 6145 6455
f 6145 6457 6455
f 6145 6458 6457
f 6459 6145 6146
f 6459 6458 6145
f 6460 6146 6148
f 6460 6459 6146
f 6148 6150 6460
f 6460 6150 6461
f 6464 6463 6462
f 6464 6462 6456
f 6456 6462 6455
f 6462 6152 6455
f 6152 6153 6455
f 6455 6153 6144
f 6465 6461 6150
f 6465 6150 6157
f 6466 6157 6159
f 6466 6465 6157
f 6468 6467 6161
f 6467 6159 6161
f 6467 6466 6159
f 6468 6469 6467
f 6463 6470 6462
f 6470 6472 6471
f 6470 6471 6162
f 6462 6470 6162
f 6152 6462 6162
f 6471 6164 6162
f 6168 6468 6161
f 6474 6473 6170
f 6170 6473 6168
f 6473 6469 6168
f 6469 6468 6168
f 6474 6475 6473
f 6472 6476 6471
f 6476 6478 6477
f 6476 6477 6171
f 6471 6476 6171
f 6164 6471 6171
f 6477 6173 6171
f 6175 6474 6170
f 6479 6475 6474
f 6175 6479 6474
f 6176 6479 6175
f 6480 6176 6178
f 6480 6479 6176
f 6178 6179 6480
f 6480 6179 6481
f 6477 6478 6482
f 6482 6478 6483
f 6482 6181 6173
f 6482 6173 6477
f 6484 6481 6179
f 6484 6179 6183
f 6486 6484 6485
f 6484 6184 6485
f 6484 6183 6184
f 6185 6485 6184
f 6482 6483 6487
f 6487 6483 6488
f 6487 6187 6181
f 6487 6181 6482
f 6489 6486 6485
f 6489 6485 6185
f 6188 6489 6185
f 6490 6489 6188
f 6188 6189 6490
f 6490 6189 6491
f 6487 6488 6492
f 6492 6488 6493
f 6492 6191 6187
f 6492 6187 6487
f 6494 6491 6189
f 6494 6189 6193
f 6193 6195 6494
f 6494 6195 6495
f 6493 6496 6492
f 6492 6496 6191
f 6496 6196 6191
f 6496 6497 6196
f 6497 6499 6498
f 6197 6497 6498
f 6196 6497 6197
f 6500 6198 6197
f 6500 6197 6498
f 6500 6200 6198
f 6501 6495 6195
f 6501 6195 6201
f 6503 6501 6502
f 6501 6202 6502
f 6501 6201 6202
f 6203 6502 6202
f 6499 6504 6498
f 6498 6504 6500
f 6500 6504 6505
f 6200 6500 6505
f 6506 6200 6505
f 6205 6200 6506
f 6507 6503 6502
f 6509 6507 6508
f 6508 6507 6206
f 6507 6502 6206
f 6502 6203 6206
f 6207 6508 6206
f 6506 6510 6205
f 6205 6510 6208
f 6210 6208 6510
f 6210 6510 6511
f 6512 6509 6508
f 6514 6512 6513
f 6513 6512 6211
f 6512 6508 6211
f 6508 6207 6211
f 6212 6513 6211
f 6511 6515 6210
f 6210 6515 6213
f 6213 6516 6214
f 6515 6516 6213
f 6518 6517 6215
f 6214 6518 6215
f 6516 6518 6214
f 6519 6517 6518
f 6520 6514 6513
f 6522 6520 6521
f 6521 6520 6216
f 6520 6513 6216
f 6513 6212 6216
f 6218 6521 6216
f 6517 6219 6215
f 6519 6523 6517
f 6523 6219 6517
f 6523 6221 6219
f 6525 6524 6222
f 6221 6525 6222
f 6523 6525 6221
f 6526 6524 6525
f 6527 6522 6521
f 6529 6527 6528
f 6528 6527 6223
f 6527 6521 6223
f 6521 6218 6223
f 6225 6528 6223
f 6524 6226 6222
f 6526 6530 6524
f 6530 6226 6524
f 6530 6227 6226
f 6532 6531 6228
f 6227 6532 6228
f 6530 6532 6227
f 6534 6533 6531
f 6534 6531 6532
f 6535 6533 6534
f 6536 6529 6528
f 6538 6536 6537
f 6537 6536 6229
f 6536 6528 6229
f 6528 6225 6229
f 6231 6537 6229
f 6531 6232 6228
f 6232 6531 6234
f 6234 6531 6533
f 6540 6539 6235
f 6540 6235 6234
f 6535 6540 6234
f 6533 6535 6234
f 6542 6541 6539
f 6542 6539 6540
f 6543 6541 6542
f 6544 6538 6537
f 6546 6544 6545
f 6545 6544 6236
f 6544 6537 6236
f 6537 6231 6236
f 6238 6545 6236
f 6539 6239 6235
f 6239 6539 6240
f 6539 6547 6240
f 6539 6541 6547
f 6541 6543 6548
f 6549 6541 6548
f 6547 6541 6549
f 6551 6550 6549
f 6551 6549 6548
f 6552 6550 6551
f 6553 6546 6545
f 6555 6553 6554
f 6554 6553 6241
f 6553 6545 6241
f 6545 6238 6241
f 6242 6554 6241
f 6547 6248 6240
f 6248 6547 6249
f 6547 6556 6249
f 6547 6549 6556
f 6557 6549 6550
f 6556 6549 6557
f 6550 6552 6558
f 6559 6550 6558
f 6557 6550 6559
f 6560 6559 6558
f 6555 6554 6561
f 6555 6561 6562
f 6251 6561 6242
f 6242 6561 6554
f 6563 6253 6254
f 6255 6564 6254
f 6254 6564 6563
f 6256 6565 6255
f 6255 6565 6564
f 6257 6566 6256
f 6256 6566 6565
f 6258 6567 6257
f 6257 6567 6566
f 6259 6568 6258
f 6258 6568 6567
f 6260 6569 6259
f 6259 6569 6568
f 6261 6570 6260
f 6260 6570 6569
f 6262 6571 6261
f 6261 6571 6570
f 6263 6572 6262
f 6262 6572 6571
f 6264 6573 6263
f 6263 6573 6572
f 6265 6574 6264
f 6264 6574 6573
f 6266 6575 6265
f 6265 6575 6574
f 6249 6556 6266
f 6556 6575 6266
f 6556 6576 6575
f 6269 6576 6268
f 6576 6557 6268
f 6576 6556 6557
f 6268 6557 6270
f 6557 6577 6270
f 6557 6559 6577
f 6559 6560 6578
f 6579 6559 6578
f 6577 6559 6579
f 6581 6580 6579
f 6581 6579 6578
f 6583 6582 6580
f 6583 6580 6581
f 6582 6583 6562
f 6561 6582 6562
f 6584 6582 6561
f 6272 6584 6251
f 6251 6584 6561
f 6585 6274 6275
f 6276 6586 6275
f 6275 6586 6585
f 6277 6586 6276
f 6587 6280 6281
f 6588 6587 6281
f 6588 6281 6253
f 6589 6588 6253
f 6563 6589 6253
f 6589 6563 6564
f 6589 6564 6590
f 6590 6564 6565
f 6590 6565 6591
f 6591 6565 6566
f 6591 6566 6592
f 6592 6566 6567
f 6592 6567 6593
f 6593 6567 6568
f 6593 6568 6594
f 6594 6568 6569
f 6594 6569 6595
f 6595 6569 6570
f 6595 6570 6596
f 6596 6570 6571
f 6596 6571 6597
f 6597 6571 6572
f 6597 6572 6598
f 6598 6572 6573
f 6598 6573 6599
f 6599 6573 6574
f 6599 6574 6600
f 6600 6574 6575
f 6600 6575 6601
f 6601 6575 6576
f 6601 6576 6602
f 6602 6576 6269
f 6282 6602 6269
f 6603 6602 6282
f 6282 6270 6577
f 6604 6282 6577
f 6603 6282 6604
f 6604 6577 6579
f 6604 6579 6605
f 6605 6579 6580
f 6605 6580 6606
f 6608 6607 6606
f 6580 6608 6606
f 6582 6608 6580
f 6609 6582 6584
f 6608 6582 6609
f 6609 6584 6272
f 6610 6609 6272
f 6283 6610 6272
f 6611 6609 6610
f 6612 6283 6284
f 6612 6610 6283
f 6284 6274 6585
f 6613 6284 6585
f 6612 6284 6613
f 6613 6585 6586
f 6613 6586 6614
f 6277 6286 6586
f 6286 6615 6586
f 6615 6614 6586
f 6615 6286 6616
f 6287 6288 6616
f 6288 6615 6616
f 6288 6617 6615
f 6618 6288 6289
f 6618 6617 6288
f 6619 6289 6290
f 6619 6618 6289
f 6620 6290 6291
f 6620 6619 6290
f 6621 6291 6292
f 6621 6620 6291
f 6622 6292 6293
f 6622 6621 6292
f 6623 6293 6294
f 6623 6622 6293
f 6624 6294 6295
f 6624 6623 6294
f 6626 6624 6625
f 6624 6296 6625
f 6624 6295 6296
f 6297 6627 6296
f 6296 6627 6625
f 6298 6627 6297
f 6628 6302 6303
f 6629 6628 6303
f 6629 6303 6280
f 6630 6629 6280
f 6587 6630 6280
f 6630 6587 6588
f 6631 6607 6608
f 6631 6608 6609
f 6631 6609 6632
f 6632 6609 6611
f 6304 6616 6286
f 6616 6304 6287
f 6633 6626 6625
f 6633 6625 6627
f 6633 6627 6634
f 6634 6627 6298
f 6305 6634 6298
f 6635 6634 6305
f 6636 6305 6306
f 6636 6635 6305
f 6306 6308 6636
f 6636 6308 6637
f 6639 6638 6628
f 6638 6302 6628
f 6638 6312 6302
f 6639 6628 6629
f 6640 6637 6308
f 6640 6308 6313
f 6642 6640 6641
f 6640 6314 6641
f 6640 6313 6314
f 6315 6641 6314
f 6638 6316 6312
f 6643 6316 6638
f 6644 6642 6641
f 6641 6315 6644
f 6315 6645 6644
f 6315 6318 6645
f 6643 6319 6316
f 6646 6319 6643
f 6647 6645 6318
f 6647 6318 6320
f 6320 6321 6647
f 6647 6321 6648
f 6646 6322 6319
f 6649 6322 6646
f 6650 6648 6321
f 6650 6321 6323
f 6323 6324 6650
f 6650 6324 6651
f 6649 6325 6322
f 6652 6325 6649
f 6326 6651 6324
f 6326 6653 6651
f 6652 6327 6325
f 6654 6327 6652
f 6329 6653 6326
f 6329 6655 6653
f 6654 6330 6327
f 6656 6330 6654
f 6332 6655 6329
f 6332 6657 6655
f 6656 6333 6330
f 6658 6333 6656
f 6659 6657 6332
f 6659 6332 6334
f 6334 6335 6659
f 6659 6335 6660
f 6658 6336 6333
f 6661 6336 6658
f 6337 6660 6335
f 6337 6662 6660
f 6661 6338 6336
f 6663 6338 6661
f 6339 6662 6337
f 6339 6664 6662
f 6663 6340 6338
f 6665 6340 6663
f 6667 6666 6342
f 6667 6342 6343
f 6339 6342 6664
f 6664 6342 6666
f 6665 6344 6340
f 6668 6344 6665
f 6345 6667 6343
f 6345 6669 6667
f 6668 6346 6344
f 6670 6346 6668
f 6347 6669 6345
f 6347 6671 6669
f 6670 6348 6346
f 6672 6348 6670
f 6675 6674 6673
f 6674 6671 6673
f 6671 6349 6673
f 6671 6347 6349
f 6672 6350 6348
f 6676 6350 6672
f 6675 6673 6351
f 6352 6675 6351
f 6677 6675 6352
f 6351 6673 6349
f 6679 6353 6678
f 6353 6676 6678
f 6353 6350 6676
f 6680 6679 6678
f 6682 6681 6354
f 6682 6354 6355
f 6352 6354 6677
f 6677 6354 6681
f 6679 6356 6353
f 6358 6356 6679
f 6680 6358 6679
f 6683 6358 6680
f 6685 6684 6359
f 6685 6359 6360
f 6355 6359 6682
f 6682 6359 6684
f 6687 6361 6686
f 6361 6683 6686
f 6361 6358 6683
f 6689 6688 6687
f 6689 6687 6686
f 6691 6690 6688
f 6691 6688 6689
f 6692 6690 6691
f 6694 6693 6363
f 6694 6363 6364
f 6363 6695 6365
f 6693 6695 6363
f 6360 6365 6685
f 6685 6365 6695
f 6687 6366 6361
f 6366 6687 6369
f 6369 6687 6688
f 6369 6688 6371
f 6371 6688 6690
f 6692 6696 6690
f 6696 6371 6690
f 6696 6373 6371
f 6698 6697 6374
f 6373 6698 6374
f 6696 6698 6373
f 6700 6699 6697
f 6700 6697 6698
f 6702 6701 6699
f 6702 6699 6700
f 6704 6703 6701
f 6704 6701 6702
f 6706 6705 6703
f 6706 6703 6704
f 6708 6707 6705
f 6708 6705 6706
f 6710 6709 6707
f 6710 6707 6708
f 6712 6711 6709
f 6712 6709 6710
f 6714 6713 6711
f 6714 6711 6712
f 6716 6715 6713
f 6716 6713 6714
f 6718 6717 6715
f 6718 6715 6716
f 6720 6719 6717
f 6720 6717 6718
f 6722 6721 6719
f 6722 6719 6720
f 6724 6723 6721
f 6724 6721 6722
f 6726 6725 6723
f 6726 6723 6724
f 6728 6727 6725
f 6728 6725 6726
f 6730 6729 6727
f 6730 6727 6728
f 6731 6729 6730
f 6734 6733 6732
f 6735 6732 6733
f 6737 6736 6377
f 6737 6377 6378
f 6377 6738 6379
f 6736 6738 6377
f 6379 6739 6380
f 6738 6739 6379
f 6380 6740 6381
f 6739 6740 6380
f 6364 6381 6694
f 6694 6381 6740
f 6697 6382 6374
f 6382 6697 6383
f 6383 6697 6699
f 6383 6699 6384
f 6384 6699 6701
f 6384 6701 6385
f 6385 6701 6703
f 6385 6703 6386
f 6386 6703 6705
f 6386 6705 6387
f 6387 6705 6707
f 6387 6707 6388
f 6388 6707 6709
f 6388 6709 6389
f 6389 6709 6711
f 6389 6711 6390
f 6390 6711 6713
f 6390 6713 6391
f 6391 6713 6715
f 6391 6715 6392
f 6392 6715 6717
f 6392 6717 6393
f 6393 6717 6719
f 6393 6719 6394
f 6394 6719 6721
f 6394 6721 6395
f 6395 6721 6723
f 6395 6723 6396
f 6396 6723 6725
f 6396 6725 6397
f 6397 6725 6727
f 6397 6727 6398
f 6398 6727 6729
f 6731 6741 6729
f 6741 6398 6729
f 6741 6399 6398
f 6399 6742 6400
f 6741 6742 6399
f 6400 6743 6401
f 6742 6743 6400
f 6401 6744 6402
f 6743 6744 6401
f 6732 6403 6734
f 6403 6744 6734
f 6403 6402 6744
f 6735 6745 6732
f 6745 6403 6732
f 6745 6404 6403
f 6404 6746 6405
f 6745 6746 6404
f 6405 6747 6406
f 6746 6747 6405
f 6406 6748 6407
f 6747 6748 6406
f 6407 6749 6408
f 6748 6749 6407
f 6408 6750 6409
f 6749 6750 6408
f 6409 6751 6410
f 6750 6751 6409
f 6378 6410 6737
f 6737 6410 6751
f 6752 6416 6417
f 6418 6753 6417
f 6417 6753 6752
f 6419 6754 6418
f 6418 6754 6753
f 6421 6754 6419
f 6755 6425 6426
f 6416 6752 6426
f 6752 6755 6426
f 6752 6756 6755
f 6757 6752 6753
f 6756 6752 6757
f 6758 6753 6754
f 6757 6753 6758
f 6427 6759 6421
f 6759 6754 6421
f 6759 6758 6754
f 6428 6759 6427
f 6760 6432 6755
f 6755 6432 6425
f 6761 6755 6756
f 6760 6755 6761
f 6762 6756 6757
f 6761 6756 6762
f 6763 6757 6758
f 6762 6757 6763
f 6764 6758 6759
f 6763 6758 6764
f 6434 6764 6428
f 6428 6764 6759
f 6760 6436 6432
f 6436 6760 6438
f 6760 6765 6438
f 6760 6761 6765
f 6766 6761 6762
f 6765 6761 6766
f 6767 6762 6763
f 6766 6762 6767
f 6768 6763 6764
f 6767 6763 6768
f 6440 6768 6434
f 6434 6768 6764
f 6765 6443 6438
f 6443 6765 6446
f 6446 6765 6766
f 6446 6766 6448
f 6448 6766 6767
f 6448 6767 6450
f 6450 6767 6768
f 6450 6768 6440
f 6771 6770 6769
f 6769 6772 6771
f 6775 6774 6773
f 6456 6457 6773
f 6457 6775 6773
f 6457 6776 6775
f 6458 6769 6770
f 6776 6458 6770
f 6457 6458 6776
f 6777 6772 6769
f 6458 6777 6769
f 6459 6777 6458
f 6778 6459 6460
f 6778 6777 6459
f 6780 6779 6461
f 6779 6460 6461
f 6779 6778 6460
f 6780 6781 6779
f 6773 6774 6464
f 6774 6463 6464
f 6774 6782 6463
f 6773 6464 6456
f 6465 6780 6461
f 6783 6781 6780
f 6465 6783 6780
f 6466 6783 6465
f 6784 6466 6467
f 6784 6783 6466
f 6467 6469 6784
f 6784 6469 6785
f 6470 6463 6786
f 6463 6787 6786
f 6463 6782 6787
f 6786 6472 6470
f 6788 6785 6469
f 6788 6469 6473
f 6473 6475 6788
f 6788 6475 6789
f 6787 6790 6786
f 6790 6792 6791
f 6790 6791 6476
f 6786 6790 6476
f 6472 6786 6476
f 6791 6478 6476
f 6793 6789 6475
f 6793 6475 6479
f 6794 6479 6480
f 6794 6793 6479
f 6480 6481 6794
f 6794 6481 6795
f 6792 6796 6791
f 6478 6791 6796
f 6797 6478 6796
f 6483 6478 6797
f 6481 6484 6798
f 6799 6481 6798
f 6795 6481 6799
f 6486 6798 6484
f 6797 6488 6483
f 6800 6488 6797
f 6801 6799 6798
f 6801 6798 6486
f 6489 6801 6486
f 6802 6801 6489
f 6804 6802 6803
f 6802 6490 6803
f 6802 6489 6490
f 6491 6803 6490
f 6800 6493 6488
f 6805 6493 6800
f 6806 6804 6803
f 6808 6806 6807
f 6807 6806 6494
f 6806 6803 6494
f 6803 6491 6494
f 6495 6807 6494
f 6805 6809 6493
f 6493 6809 6496
f 6809 6811 6810
f 6497 6809 6810
f 6496 6809 6497
f 6810 6499 6497
f 6812 6808 6807
f 6814 6812 6813
f 6813 6812 6501
f 6812 6807 6501
f 6807 6495 6501
f 6503 6813 6501
f 6811 6815 6810
f 6810 6815 6499
f 6815 6504 6499
f 6815 6816 6504
f 6504 6817 6505
f 6816 6817 6504
f 6819 6818 6506
f 6505 6819 6506
f 6817 6819 6505
f 6820 6818 6819
f 6814 6813 6821
f 6814 6821 6822
f 6507 6823 6503
f 6823 6813 6503
f 6823 6821 6813
f 6509 6823 6507
f 6818 6510 6506
f 6825 6824 6511
f 6825 6511 6510
f 6820 6825 6510
f 6818 6820 6510
f 6826 6824 6825
f 6827 6822 6821
f 6829 6828 6827
f 6821 6829 6827
f 6823 6829 6821
f 6512 6830 6509
f 6830 6823 6509
f 6830 6829 6823
f 6514 6830 6512
f 6824 6515 6511
f 6826 6831 6824
f 6831 6515 6824
f 6831 6516 6515
f 6516 6832 6518
f 6831 6832 6516
f 6834 6833 6519
f 6518 6834 6519
f 6832 6834 6518
f 6836 6835 6833
f 6836 6833 6834
f 6837 6835 6836
f 6838 6828 6829
f 6840 6839 6838
f 6829 6840 6838
f 6830 6840 6829
f 6520 6841 6514
f 6841 6830 6514
f 6841 6840 6830
f 6522 6841 6520
f 6833 6523 6519
f 6523 6833 6525
f 6525 6833 6835
f 6843 6842 6526
f 6843 6526 6525
f 6837 6843 6525
f 6835 6837 6525
f 6845 6844 6842
f 6845 6842 6843
f 6847 6846 6844
f 6847 6844 6845
f 6849 6848 6846
f 6849 6846 6847
f 6851 6850 6848
f 6851 6848 6849
f 6850 6851 6839
f 6840 6850 6839
f 6852 6850 6840
f 6853 6840 6841
f 6852 6840 6853
f 6527 6854 6522
f 6854 6841 6522
f 6854 6853 6841
f 6529 6854 6527
f 6842 6530 6526
f 6530 6842 6532
f 6532 6842 6844
f 6532 6844 6534
f 6534 6844 6846
f 6534 6846 6535
f 6846 6855 6535
f 6846 6848 6855
f 6856 6848 6850
f 6855 6848 6856
f 6857 6850 6852
f 6856 6850 6857
f 6858 6852 6853
f 6857 6852 6858
f 6859 6853 6854
f 6858 6853 6859
f 6536 6860 6529
f 6860 6854 6529
f 6860 6859 6854
f 6538 6860 6536
f 6855 6540 6535
f 6540 6855 6542
f 6542 6855 6856
f 6542 6856 6543
f 6856 6861 6543
f 6856 6857 6861
f 6862 6857 6858
f 6861 6857 6862
f 6863 6858 6859
f 6862 6858 6863
f 6864 6859 6860
f 6863 6859 6864
f 6544 6865 6538
f 6865 6860 6538
f 6865 6864 6860
f 6546 6865 6544
f 6861 6548 6543
f 6548 6861 6551
f 6551 6861 6862
f 6551 6862 6552
f 6862 6866 6552
f 6862 6863 6866
f 6867 6863 6864
f 6866 6863 6867
f 6868 6864 6865
f 6867 6864 6868
f 6553 6869 6546
f 6869 6865 6546
f 6869 6868 6865
f 6555 6869 6553
f 6866 6558 6552
f 6558 6866 6560
f 6866 6870 6560
f 6866 6867 6870
f 6871 6867 6868
f 6870 6867 6871
f 6872 6868 6869
f 6871 6868 6872
f 6562 6872 6555
f 6555 6872 6869
f 6870 6578 6560
f 6578 6870 6581
f 6581 6870 6871
f 6581 6871 6583
f 6583 6871 6872
f 6583 6872 6562
f 6873 6588 6589
f 6590 6874 6589
f 6589 6874 6873
f 6591 6875 6590
f 6590 6875 6874
f 6592 6876 6591
f 6591 6876 6875
f 6593 6877 6592
f 6592 6877 6876
f 6594 6878 6593
f 6593 6878 6877
f 6595 6879 6594
f 6594 6879 6878
f 6596 6880 6595
f 6595 6880 6879
f 6597 6881 6596
f 6596 6881 6880
f 6598 6882 6597
f 6597 6882 6881
f 6599 6883 6598
f 6598 6883 6882
f 6600 6884 6599
f 6599 6884 6883
f 6601 6885 6600
f 6600 6885 6884
f 6602 6886 6601
f 6601 6886 6885
f 6603 6887 6602
f 6602 6887 6886
f 6604 6888 6603
f 6603 6888 6887
f 6605 6889 6604
f 6604 6889 6888
f 6606 6890 6605
f 6605 6890 6889
f 6607 6890 6606
f 6891 6611 6610
f 6612 6892 6610
f 6610 6892 6891
f 6892 6612 6893
f 6612 6894 6893
f 6612 6613 6894
f 6896 6894 6895
f 6894 6614 6895
f 6894 6613 6614
f 6615 6897 6614
f 6614 6897 6895
f 6617 6898 6615
f 6615 6898 6897
f 6618 6899 6617
f 6617 6899 6898
f 6619 6900 6618
f 6618 6900 6899
f 6620 6901 6619
f 6619 6901 6900
f 6621 6902 6620
f 6620 6902 6901
f 6622 6903 6621
f 6621 6903 6902
f 6623 6904 6622
f 6622 6904 6903
f 6624 6905 6623
f 6623 6905 6904
f 6626 6905 6624
f 6906 6629 6630
f 6907 6906 6630
f 6907 6630 6588
f 6908 6907 6588
f 6873 6908 6588
f 6908 6873 6874
f 6908 6874 6909
f 6909 6874 6875
f 6909 6875 6910
f 6910 6875 6876
f 6910 6876 6911
f 6911 6876 6877
f 6911 6877 6912
f 6912 6877 6878
f 6912 6878 6913
f 6913 6878 6879
f 6913 6879 6914
f 6914 6879 6880
f 6914 6880 6915
f 6915 6880 6881
f 6915 6881 6916
f 6916 6881 6882
f 6916 6882 6917
f 6917 6882 6883
f 6917 6883 6918
f 6918 6883 6884
f 6918 6884 6919
f 6919 6884 6885
f 6919 6885 6920
f 6920 6885 6886
f 6920 6886 6921
f 6921 6886 6887
f 6921 6887 6922
f 6922 6887 6888
f 6922 6888 6923
f 6923 6888 6889
f 6923 6889 6924
f 6924 6889 6890
f 6924 6890 6925
f 6927 6925 6926
f 6926 6925 6631
f 6925 6890 6631
f 6890 6607 6631
f 6926 6631 6928
f 6631 6929 6928
f 6631 6632 6929
f 6632 6611 6891
f 6930 6632 6891
f 6929 6632 6930
f 6930 6891 6892
f 6930 6892 6931
f 6931 6892 6893
f 6932 6896 6895
f 6932 6895 6897
f 6932 6897 6933
f 6933 6897 6898
f 6933 6898 6934
f 6934 6898 6899
f 6934 6899 6935
f 6935 6899 6900
f 6935 6900 6936
f 6936 6900 6901
f 6936 6901 6937
f 6937 6901 6902
f 6937 6902 6938
f 6938 6902 6903
f 6938 6903 6939
f 6939 6903 6904
f 6939 6904 6940
f 6940 6904 6905
f 6940 6905 6941
f 6941 6905 6626
f 6633 6941 6626
f 6942 6941 6633
f 6943 6633 6634
f 6943 6942 6633
f 6944 6634 6635
f 6944 6943 6634
f 6946 6944 6945
f 6944 6636 6945
f 6944 6635 6636
f 6637 6945 6636
f 6947 6638 6639
f 6948 6947 6639
f 6948 6639 6629
f 6949 6948 6629
f 6906 6949 6629
f 6949 6906 6907
f 6950 6927 6926
f 6950 6926 6928
f 6951 6946 6945
f 6953 6951 6952
f 6952 6951 6640
f 6951 6945 6640
f 6945 6637 6640
f 6642 6952 6640
f 6954 6643 6947
f 6947 6643 6638
f 6947 6948 6955
f 6947 6955 6954
f 6956 6953 6952
f 6956 6952 6642
f 6644 6956 6642
f 6957 6956 6644
f 6644 6645 6957
f 6957 6645 6958
f 6960 6959 6954
f 6959 6643 6954
f 6959 6646 6643
f 6960 6954 6955
f 6645 6647 6961
f 6962 6645 6961
f 6958 6645 6962
f 6648 6961 6647
f 6959 6649 6646
f 6963 6649 6959
f 6964 6962 6961
f 6966 6964 6965
f 6965 6964 6650
f 6964 6961 6650
f 6961 6648 6650
f 6651 6965 6650
f 6963 6652 6649
f 6967 6652 6963
f 6968 6966 6965
f 6965 6651 6968
f 6651 6969 6968
f 6651 6653 6969
f 6967 6654 6652
f 6970 6654 6967
f 6655 6969 6653
f 6655 6971 6969
f 6970 6656 6654
f 6972 6656 6970
f 6657 6971 6655
f 6657 6973 6971
f 6972 6658 6656
f 6974 6658 6972
f 6657 6659 6975
f 6976 6657 6975
f 6973 6657 6976
f 6660 6975 6659
f 6974 6661 6658
f 6977 6661 6974
f 6976 6975 6978
f 6976 6978 6979
f 6662 6978 6660
f 6660 6978 6975
f 6977 6663 6661
f 6980 6663 6977
f 6979 6978 6981
f 6979 6981 6982
f 6664 6981 6662
f 6662 6981 6978
f 6980 6665 6663
f 6983 6665 6980
f 6982 6981 6666
f 6667 6982 6666
f 6984 6982 6667
f 6666 6981 6664
f 6983 6668 6665
f 6985 6668 6983
f 6669 6984 6667
f 6669 6986 6984
f 6985 6670 6668
f 6987 6670 6985
f 6990 6989 6988
f 6989 6986 6988
f 6986 6671 6988
f 6986 6669 6671
f 6992 6672 6991
f 6672 6987 6991
f 6672 6670 6987
f 6993 6992 6991
f 6990 6988 6674
f 6675 6990 6674
f 6994 6990 6675
f 6674 6988 6671
f 6995 6676 6992
f 6992 6676 6672
f 6992 6993 6996
f 6992 6996 6995
f 6999 6998 6997
f 6998 6994 6997
f 6994 6677 6997
f 6994 6675 6677
f 6995 6678 6676
f 7001 7000 6680
f 7001 6680 6678
f 6996 7001 6678
f 6995 6996 6678
f 7002 7000 7001
f 7005 7004 7003
f 7003 7004 6999
f 7003 6999 6997
f 6682 7003 6997
f 6681 6682 6997
f 6681 6997 6677
f 7006 6683 7000
f 7000 6683 6680
f 7000 7002 7007
f 7008 7000 7007
f 7006 7000 7008
f 7010 7009 7008
f 7010 7008 7007
f 7012 7011 7009
f 7012 7009 7010
f 7014 7013 7011
f 7014 7011 7012
f 7016 7015 7013
f 7016 7013 7014
f 7017 7015 7016
f 7020 7019 7018
f 7018 7019 7005
f 7018 7005 7003
f 6685 7018 7003
f 6684 6685 7003
f 6684 7003 6682
f 7006 6686 6683
f 6686 7006 6689
f 6689 7006 7008
f 6689 7008 6691
f 6691 7008 7009
f 6691 7009 6692
f 7009 7021 6692
f 7009 7011 7021
f 7022 7011 7013
f 7021 7011 7022
f 7023 7013 7015
f 7022 7013 7023
f 7015 7017 7024
f 7025 7015 7024
f 7023 7015 7025
f 7027 7026 7025
f 7027 7025 7024
f 7029 7028 7026
f 7029 7026 7027
f 7031 7030 7028
f 7031 7028 7029
f 7033 7032 7030
f 7033 7030 7031
f 7035 7034 7032
f 7035 7032 7033
f 7037 7036 7034
f 7037 7034 7035
f 7039 7038 7036
f 7039 7036 7037
f 7041 7040 7038
f 7041 7038 7039
f 7043 7042 7040
f 7043 7040 7041
f 7044 7042 7043
f 7047 7046 7045
f 7048 7045 7046
f 7051 7050 7049
f 6693 6694 7049
f 7050 6693 7049
f 7052 6693 7050
f 7018 6695 7020
f 6695 7052 7020
f 6695 6693 7052
f 6695 7018 6685
f 7021 6696 6692
f 6696 7021 6698
f 6698 7021 7022
f 6698 7022 6700
f 6700 7022 7023
f 6700 7023 6702
f 6702 7023 7025
f 6702 7025 6704
f 6704 7025 7026
f 6704 7026 6706
f 6706 7026 7028
f 6706 7028 6708
f 6708 7028 7030
f 6708 7030 6710
f 6710 7030 7032
f 6710 7032 6712
f 6712 7032 7034
f 6712 7034 6714
f 6714 7034 7036
f 6714 7036 6716
f 6716 7036 7038
f 6716 7038 6718
f 6718 7038 7040
f 6718 7040 6720
f 6720 7040 7042
f 7044 7053 7042
f 7053 6720 7042
f 7053 6722 6720
f 6722 7054 6724
f 7053 7054 6722
f 6724 7055 6726
f 7054 7055 6724
f 7045 6728 7047
f 6728 7055 7047
f 6728 6726 7055
f 7048 7056 7045
f 7056 6728 7045
f 7056 6730 6728
f 7058 7057 6731
f 6730 7058 6731
f 7056 7058 6730
f 7060 7059 7057
f 7060 7057 7058
f 7062 7061 7059
f 7062 7059 7060
f 7064 7063 7061
f 7064 7061 7062
f 6733 6734 7063
f 7064 6733 7063
f 7065 6733 7064
f 6735 6733 7065
f 6735 7065 7066
f 7068 7067 6736
f 7068 6736 6737
f 6736 7069 6738
f 7067 7069 6736
f 6738 7070 6739
f 7069 7070 6738
f 7049 6740 7051
f 6740 7070 7051
f 6740 6739 7070
f 6740 7049 6694
f 7057 6741 6731
f 6741 7057 6742
f 6742 7057 7059
f 6742 7059 6743
f 6743 7059 7061
f 6743 7061 6744
f 6744 7061 7063
f 6744 7063 6734
f 7066 7071 6735
f 6735 7071 6745
f 6745 7072 6746
f 7071 7072 6745
f 6746 7073 6747
f 7072 7073 6746
f 6747 7074 6748
f 7073 7074 6747
f 6748 7075 6749
f 7074 7075 6748
f 6749 7076 6750
f 7075 7076 6749
f 6750 7077 6751
f 7076 7077 6750
f 6737 6751 7068
f 7068 6751 7077
f 7078 6770 6771
f 6772 7078 6771
f 7079 6774 6775
f 7079 6775 7080
f 6775 7081 7080
f 6775 6776 7081
f 6776 6770 7078
f 7082 6776 7078
f 7081 6776 7082
f 7082 7078 6772
f 6777 7082 6772
f 7083 7082 6777
f 7084 6777 6778
f 7084 7083 6777
f 7086 7084 7085
f 7084 6779 7085
f 7084 6778 6779
f 6781 7085 6779
f 7088 7087 7079
f 7087 6774 7079
f 7087 6782 6774
f 7088 7079 7080
f 7089 7086 7085
f 7089 7085 6781
f 6783 7089 6781
f 7090 7089 6783
f 7092 7090 7091
f 7090 6784 7091
f 7090 6783 6784
f 6785 7091 6784
f 7087 6787 6782
f 7093 6787 7087
f 7094 7092 7091
f 7096 7094 7095
f 7095 7094 6788
f 7094 7091 6788
f 7091 6785 6788
f 6789 7095 6788
f 7093 7097 6787
f 6787 7097 6790
f 6792 6790 7097
f 6792 7097 7098
f 7099 7096 7095
f 7101 7099 7100
f 7100 7099 6793
f 7099 7095 6793
f 7095 6789 6793
f 6794 7102 6793
f 6793 7102 7100
f 6795 7102 6794
f 6796 6792 7103
f 6792 7104 7103
f 6792 7098 7104
f 7103 6797 6796
f 7105 7101 7100
f 7105 7100 7102
f 7105 7102 7106
f 7102 6795 7106
f 6795 7107 7106
f 6795 6799 7107
f 7104 7108 7103
f 6797 7103 7108
f 7109 6797 7108
f 6800 6797 7109
f 6799 6801 7110
f 7111 6799 7110
f 7107 6799 7111
f 6802 7112 6801
f 6801 7112 7110
f 6804 7112 6802
f 7109 6805 6800
f 7113 6805 7109
f 7114 7111 7110
f 7114 7110 7112
f 7114 7112 7115
f 7117 7115 7116
f 7116 7115 6806
f 7115 7112 6806
f 7112 6804 6806
f 6808 7116 6806
f 6809 6805 7118
f 6805 7119 7118
f 6805 7113 7119
f 7118 6811 6809
f 7117 7116 7120
f 7117 7120 7121
f 6812 7122 6808
f 7122 7116 6808
f 7122 7120 7116
f 6814 7122 6812
f 7119 7123 7118
f 7118 7123 6811
f 7123 6815 6811
f 7123 7124 6815
f 6815 7125 6816
f 7124 7125 6815
f 6816 7126 6817
f 7125 7126 6816
f 6817 7127 6819
f 7126 7127 6817
f 6820 6819 7127
f 6820 7127 7128
f 7121 7120 7129
f 7121 7129 7130
f 7131 7120 7122
f 7129 7120 7131
f 6822 7131 6814
f 6814 7131 7122
f 7128 7132 6820
f 6820 7132 6825
f 7134 7133 6826
f 6825 7134 6826
f 7132 7134 6825
f 7136 7135 7133
f 7136 7133 7134
f 7138 7137 7135
f 7138 7135 7136
f 7140 7139 7137
f 7140 7137 7138
f 7142 7141 7139
f 7142 7139 7140
f 7141 7142 7130
f 7129 7141 7130
f 7143 7141 7129
f 7144 7129 7131
f 7143 7129 7144
f 6827 7145 6822
f 7145 7131 6822
f 7145 7144 7131
f 6828 7145 6827
f 7133 6831 6826
f 6831 7133 6832
f 6832 7133 7135
f 6832 7135 6834
f 6834 7135 7137
f 6834 7137 6836
f 6836 7137 7139
f 6836 7139 6837
f 7139 7146 6837
f 7139 7141 7146
f 7147 7141 7143
f 7146 7141 7147
f 7148 7143 7144
f 7147 7143 7148
f 7149 7144 7145
f 7148 7144 7149
f 6838 7150 6828
f 7150 7145 6828
f 7150 7149 7145
f 6839 7150 6838
f 7146 6843 6837
f 6843 7146 6845
f 6845 7146 7147
f 6845 7147 6847
f 6847 7147 7148
f 6847 7148 6849
f 6849 7148 7149
f 6849 7149 6851
f 6851 7149 7150
f 6851 7150 6839
f 7151 6893 6894
f 6896 7151 6894
f 7152 6907 6908
f 6909 7153 6908
f 6908 7153 7152
f 6910 7154 6909
f 6909 7154 7153
f 6911 7155 6910
f 6910 7155 7154
f 6912 7156 6911
f 6911 7156 7155
f 6913 7157 6912
f 6912 7157 7156
f 6914 7158 6913
f 6913 7158 7157
f 6915 7159 6914
f 6914 7159 7158
f 6916 7160 6915
f 6915 7160 7159
f 6917 7161 6916
f 6916 7161 7160
f 6918 7162 6917
f 6917 7162 7161
f 6919 7163 6918
f 6918 7163 7162
f 6920 7164 6919
f 6919 7164 7163
f 6921 7165 6920
f 6920 7165 7164
f 6922 7166 6921
f 6921 7166 7165
f 6923 7167 6922
f 6922 7167 7166
f 6924 7168 6923
f 6923 7168 7167
f 6925 7169 6924
f 6924 7169 7168
f 6927 7169 6925
f 7170 6928 6929
f 7170 6929 7171
f 6929 7172 7171
f 6929 6930 7172
f 7173 6930 6931
f 7173 7172 6930
f 6931 6893 7151
f 7174 6931 7151
f 7173 6931 7174
f 7176 7174 7175
f 7175 7174 6932
f 7174 7151 6932
f 7151 6896 6932
f 7175 6932 7177
f 6932 7178 7177
f 6932 6933 7178
f 7179 6933 6934
f 7179 7178 6933
f 7180 6934 6935
f 7180 7179 6934
f 7181 6935 6936
f 7181 7180 6935
f 7182 6936 6937
f 7182 7181 6936
f 7183 6937 6938
f 7183 7182 6937
f 7184 6938 6939
f 7184 7183 6938
f 7185 6939 6940
f 7185 7184 6939
f 7186 6940 6941
f 7186 7185 6940
f 7187 6941 6942
f 7187 7186 6941
f 7189 7187 7188
f 7187 6943 7188
f 7187 6942 6943
f 6944 7190 6943
f 6943 7190 7188
f 6946 7190 6944
f 7191 6948 6949
f 6907 7152 6949
f 7152 7191 6949
f 7152 7192 7191
f 7153 7194 7193
f 7192 7153 7193
f 7152 7153 7192
f 7194 7153 7154
f 7194 7154 7195
f 7195 7154 7155
f 7195 7155 7196
f 7196 7155 7156
f 7196 7156 7197
f 7197 7156 7157
f 7197 7157 7198
f 7198 7157 7158
f 7198 7158 7199
f 7199 7158 7159
f 7199 7159 7200
f 7200 7159 7160
f 7200 7160 7201
f 7201 7160 7161
f 7201 7161 7202
f 7202 7161 7162
f 7202 7162 7203
f 7203 7162 7163
f 7203 7163 7204
f 7204 7163 7164
f 7204 7164 7205
f 7205 7164 7165
f 7205 7165 7206
f 7206 7165 7166
f 7206 7166 7207
f 7207 7166 7167
f 7207 7167 7208
f 7208 7167 7168
f 7208 7168 7209
f 7209 7168 7169
f 7209 7169 7210
f 7210 7169 6927
f 6950 7210 6927
f 7211 7210 6950
f 6950 6928 7170
f 7212 6950 7170
f 7211 6950 7212
f 7212 7170 7171
f 7213 7176 7175
f 7213 7175 7177
f 7214 7189 7188
f 7214 7188 7190
f 7214 7190 7215
f 7215 7190 6946
f 6951 7215 6946
f 7216 7215 6951
f 6951 6953 7216
f 7216 6953 7217
f 7219 7218 7191
f 7218 6948 7191
f 7218 6955 6948
f 7219 7191 7192
f 7219 7192 7220
f 7220 7192 7193
f 7221 7217 6953
f 7221 6953 6956
f 7223 7221 7222
f 7221 6957 7222
f 7221 6956 6957
f 6958 7222 6957
f 7224 6959 6960
f 7225 7224 6960
f 6955 7225 6960
f 7218 7225 6955
f 7226 7223 7222
f 7222 6958 7226
f 6958 7227 7226
f 6958 6962 7227
f 7228 6963 7224
f 7224 6963 6959
f 7224 7225 7229
f 7224 7229 7228
f 7230 7227 6962
f 7230 6962 6964
f 6964 6966 7230
f 7230 6966 7231
f 7233 7232 7228
f 7232 6963 7228
f 7232 6967 6963
f 7233 7228 7229
f 6966 6968 7234
f 7235 6966 7234
f 7231 6966 7235
f 6969 7234 6968
f 7232 6970 6967
f 7236 6970 7232
f 7235 7234 7237
f 7235 7237 7238
f 6971 7237 6969
f 6969 7237 7234
f 7236 6972 6970
f 7239 6972 7236
f 7240 7238 7237
f 7237 6971 7240
f 6971 7241 7240
f 6971 6973 7241
f 7239 6974 6972
f 7242 6974 7239
f 6976 7241 6973
f 6976 7243 7241
f 7242 6977 6974
f 7244 6977 7242
f 6979 7243 6976
f 6979 7245 7243
f 7244 6980 6977
f 7246 6980 7244
f 6982 7245 6979
f 6982 7247 7245
f 7246 6983 6980
f 7248 6983 7246
f 6984 7247 6982
f 6984 7249 7247
f 7251 6985 7250
f 6985 7248 7250
f 6985 6983 7248
f 7252 7251 7250
f 7255 7254 7253
f 7254 7249 7253
f 7249 6986 7253
f 7249 6984 6986
f 7256 6987 7251
f 7251 6987 6985
f 7251 7252 7257
f 7251 7257 7256
f 7255 7253 6989
f 6990 7255 6989
f 7258 7255 6990
f 6989 7253 6986
f 7256 6991 6987
f 7260 7259 6993
f 7260 6993 6991
f 7257 7260 6991
f 7256 7257 6991
f 7261 7259 7260
f 7264 7263 7262
f 7263 7258 7262
f 7258 6994 7262
f 7258 6990 6994
f 7265 6996 7259
f 7259 6996 6993
f 7259 7261 7266
f 7267 7259 7266
f 7265 7259 7267
f 7269 7268 7267
f 7269 7267 7266
f 7271 7270 7268
f 7271 7268 7269
f 7272 7270 7271
f 7264 7262 6998
f 6999 7264 6998
f 7273 7264 6999
f 6998 7262 6994
f 7265 7001 6996
f 7001 7265 7002
f 7265 7274 7002
f 7265 7267 7274
f 7275 7267 7268
f 7274 7267 7275
f 7276 7268 7270
f 7275 7268 7276
f 7270 7272 7277
f 7278 7270 7277
f 7276 7270 7278
f 7280 7279 7278
f 7280 7278 7277
f 7282 7281 7279
f 7282 7279 7280
f 7284 7283 7281
f 7284 7281 7282
f 7285 7283 7284
f 7287 7286 7004
f 7287 7004 7005
f 6999 7004 7273
f 7273 7004 7286
f 7274 7007 7002
f 7007 7274 7010
f 7010 7274 7275
f 7010 7275 7012
f 7012 7275 7276
f 7012 7276 7014
f 7014 7276 7278
f 7014 7278 7016
f 7016 7278 7279
f 7016 7279 7017
f 7279 7288 7017
f 7279 7281 7288
f 7289 7281 7283
f 7288 7281 7289
f 7283 7285 7290
f 7291 7283 7290
f 7289 7283 7291
f 7293 7292 7291
f 7293 7291 7290
f 7295 7294 7292
f 7295 7292 7293
f 7297 7296 7294
f 7297 7294 7295
f 7299 7298 7296
f 7299 7296 7297
f 7301 7300 7298
f 7301 7298 7299
f 7303 7302 7300
f 7303 7300 7301
f 7304 7302 7303
f 7306 7305 7019
f 7306 7019 7020
f 7005 7019 7287
f 7287 7019 7305
f 7288 7024 7017
f 7024 7288 7027
f 7027 7288 7289
f 7027 7289 7029
f 7029 7289 7291
f 7029 7291 7031
f 7031 7291 7292
f 7031 7292 7033
f 7033 7292 7294
f 7033 7294 7035
f 7035 7294 7296
f 7035 7296 7037
f 7037 7296 7298
f 7037 7298 7039
f 7039 7298 7300
f 7039 7300 7041
f 7041 7300 7302
f 7304 7307 7302
f 7307 7041 7302
f 7307 7043 7041
f 7309 7308 7044
f 7043 7309 7044
f 7307 7309 7043
f 7311 7310 7308
f 7311 7308 7309
f 7313 7312 7310
f 7313 7310 7311
f 7046 7047 7312
f 7313 7046 7312
f 7314 7046 7313
f 7316 7315 7048
f 7046 7316 7048
f 7314 7316 7046
f 7317 7315 7316
f 7320 7319 7318
f 7321 7318 7319
f 7323 7322 7050
f 7323 7050 7051
f 7050 7324 7052
f 7322 7324 7050
f 7020 7052 7306
f 7306 7052 7324
f 7308 7053 7044
f 7053 7308 7054
f 7054 7308 7310
f 7054 7310 7055
f 7055 7310 7312
f 7055 7312 7047
f 7315 7056 7048
f 7317 7325 7315
f 7325 7056 7315
f 7325 7058 7056
f 7058 7326 7060
f 7325 7326 7058
f 7060 7327 7062
f 7326 7327 7060
f 7318 7064 7320
f 7064 7327 7320
f 7064 7062 7327
f 7321 7328 7318
f 7328 7064 7318
f 7328 7065 7064
f 7066 7065 7328
f 7066 7328 7329
f 7332 7331 7330
f 7067 7068 7330
f 7331 7067 7330
f 7333 7067 7331
f 7067 7334 7069
f 7333 7334 7067
f 7069 7335 7070
f 7334 7335 7069
f 7051 7070 7323
f 7323 7070 7335
f 7329 7336 7066
f 7066 7336 7071
f 7071 7337 7072
f 7336 7337 7071
f 7072 7338 7073
f 7337 7338 7072
f 7073 7339 7074
f 7338 7339 7073
f 7074 7340 7075
f 7339 7340 7074
f 7075 7341 7076
f 7340 7341 7075
f 7330 7077 7332
f 7077 7341 7332
f 7077 7076 7341
f 7077 7330 7068
f 7342 7080 7081
f 7082 7343 7081
f 7081 7343 7342
f 7083 7344 7082
f 7082 7344 7343
f 7084 7345 7083
f 7083 7345 7344
f 7086 7345 7084
f 7346 7087 7088
f 7347 7346 7088
f 7347 7088 7080
f 7348 7347 7080
f 7342 7348 7080
f 7348 7342 7343
f 7348 7343 7349
f 7349 7343 7344
f 7349 7344 7350
f 7350 7344 7345
f 7350 7345 7351
f 7351 7345 7086
f 7089 7351 7086
f 7352 7351 7089
f 7354 7352 7353
f 7352 7090 7353
f 7352 7089 7090
f 7092 7353 7090
f 7355 7093 7346
f 7346 7093 7087
f 7346 7347 7356
f 7346 7356 7355
f 7357 7354 7353
f 7359 7357 7358
f 7358 7357 7094
f 7357 7353 7094
f 7353 7092 7094
f 7096 7358 7094
f 7355 7097 7093
f 7098 7097 7355
f 7356 7098 7355
f 7360 7098 7356
f 7361 7359 7358
f 7363 7361 7362
f 7362 7361 7099
f 7361 7358 7099
f 7358 7096 7099
f 7101 7362 7099
f 7365 7104 7364
f 7104 7360 7364
f 7104 7098 7360
f 7366 7365 7364
f 7363 7362 7367
f 7363 7367 7368
f 7105 7369 7101
f 7369 7362 7101
f 7369 7367 7362
f 7106 7370 7105
f 7105 7370 7369
f 7107 7370 7106
f 7365 7108 7104
f 7109 7108 7365
f 7366 7109 7365
f 7371 7109 7366
f 7368 7367 7372
f 7368 7372 7373
f 7374 7367 7369
f 7372 7367 7374
f 7375 7369 7370
f 7374 7369 7375
f 7111 7375 7107
f 7107 7375 7370
f 7371 7113 7109
f 7376 7113 7371
f 7379 7378 7377
f 7377 7378 7373
f 7372 7377 7373
f 7380 7377 7372
f 7374 7382 7381
f 7380 7374 7381
f 7372 7374 7380
f 7384 7383 7382
f 7374 7384 7382
f 7375 7384 7374
f 7114 7385 7111
f 7385 7375 7111
f 7385 7384 7375
f 7115 7386 7114
f 7114 7386 7385
f 7117 7386 7115
f 7376 7119 7113
f 7387 7119 7376
f 7390 7389 7388
f 7388 7389 7379
f 7377 7388 7379
f 7391 7388 7377
f 7392 7377 7380
f 7391 7377 7392
f 7380 7381 7393
f 7394 7380 7393
f 7392 7380 7394
f 7394 7393 7383
f 7384 7394 7383
f 7395 7394 7384
f 7396 7384 7385
f 7395 7384 7396
f 7397 7385 7386
f 7396 7385 7397
f 7121 7397 7117
f 7117 7397 7386
f 7387 7398 7119
f 7119 7398 7123
f 7123 7399 7124
f 7398 7399 7123
f 7124 7400 7125
f 7399 7400 7124
f 7125 7401 7126
f 7400 7401 7125
f 7388 7127 7390
f 7127 7401 7390
f 7127 7126 7401
f 7127 7388 7128
f 7388 7402 7128
f 7388 7391 7402
f 7403 7391 7392
f 7402 7391 7403
f 7404 7392 7394
f 7403 7392 7404
f 7405 7394 7395
f 7404 7394 7405
f 7406 7395 7396
f 7405 7395 7406
f 7407 7396 7397
f 7406 7396 7407
f 7130 7407 7121
f 7121 7407 7397
f 7402 7132 7128
f 7132 7402 7134
f 7134 7402 7403
f 7134 7403 7136
f 7136 7403 7404
f 7136 7404 7138
f 7138 7404 7405
f 7138 7405 7140
f 7140 7405 7406
f 7140 7406 7142
f 7142 7406 7407
f 7142 7407 7130
f 7408 7171 7172
f 7173 7409 7172
f 7172 7409 7408
f 7174 7410 7173
f 7173 7410 7409
f 7176 7410 7174
f 7411 7177 7178
f 7411 7178 7412
f 7178 7413 7412
f 7178 7179 7413
f 7414 7179 7180
f 7414 7413 7179
f 7415 7180 7181
f 7415 7414 7180
f 7416 7181 7182
f 7416 7415 7181
f 7417 7182 7183
f 7417 7416 7182
f 7418 7183 7184
f 7418 7417 7183
f 7420 7418 7419
f 7418 7185 7419
f 7418 7184 7185
f 7186 7421 7185
f 7185 7421 7419
f 7187 7422 7186
f 7186 7422 7421
f 7189 7422 7187
f 7423 7193 7194
f 7195 7424 7194
f 7194 7424 7423
f 7196 7425 7195
f 7195 7425 7424
f 7197 7426 7196
f 7196 7426 7425
f 7198 7427 7197
f 7197 7427 7426
f 7199 7428 7198
f 7198 7428 7427
f 7200 7429 7199
f 7199 7429 7428
f 7201 7430 7200
f 7200 7430 7429
f 7202 7431 7201
f 7201 7431 7430
f 7203 7432 7202
f 7202 7432 7431
f 7204 7433 7203
f 7203 7433 7432
f 7205 7434 7204
f 7204 7434 7433
f 7206 7435 7205
f 7205 7435 7434
f 7207 7436 7206
f 7206 7436 7435
f 7208 7437 7207
f 7207 7437 7436
f 7209 7438 7208
f 7208 7438 7437
f 7210 7439 7209
f 7209 7439 7438
f 7211 7440 7210
f 7210 7440 7439
f 7212 7441 7211
f 7211 7441 7440
f 7442 7441 7212
f 7442 7212 7171
f 7443 7442 7171
f 7408 7443 7171
f 7443 7408 7409
f 7443 7409 7444
f 7444 7409 7410
f 7444 7410 7445
f 7445 7410 7176
f 7213 7445 7176
f 7446 7445 7213
f 7213 7177 7411
f 7447 7213 7411
f 7446 7213 7447
f 7447 7411 7412
f 7448 7420 7419
f 7448 7419 7421
f 7448 7421 7449
f 7449 7421 7422
f 7449 7422 7450
f 7450 7422 7189
f 7214 7450 7189
f 7451 7450 7214
f 7453 7451 7452
f 7451 7215 7452
f 7451 7214 7215
f 7216 7454 7215
f 7215 7454 7452
f 7217 7454 7216
f 7455 7218 7219
f 7220 7456 7219
f 7219 7456 7455
f 7193 7423 7220
f 7423 7456 7220
f 7423 7457 7456
f 7458 7423 7424
f 7457 7423 7458
f 7459 7424 7425
f 7458 7424 7459
f 7460 7425 7426
f 7459 7425 7460
f 7461 7426 7427
f 7460 7426 7461
f 7462 7427 7428
f 7461 7427 7462
f 7429 7464 7463
f 7462 7429 7463
f 7428 7429 7462
f 7464 7429 7430
f 7464 7430 7465
f 7465 7430 7431
f 7465 7431 7466
f 7466 7431 7432
f 7466 7432 7467
f 7467 7432 7433
f 7467 7433 7468
f 7468 7433 7434
f 7468 7434 7469
f 7469 7434 7435
f 7469 7435 7470
f 7470 7435 7436
f 7470 7436 7471
f 7471 7436 7437
f 7471 7437 7472
f 7472 7437 7438
f 7472 7438 7473
f 7473 7438 7439
f 7473 7439 7474
f 7474 7439 7440
f 7474 7440 7475
f 7475 7440 7441
f 7475 7441 7476
f 7476 7441 7442
f 7477 7453 7452
f 7477 7452 7454
f 7477 7454 7478
f 7480 7478 7479
f 7479 7478 7221
f 7478 7454 7221
f 7454 7217 7221
f 7223 7479 7221
f 7481 7225 7455
f 7455 7225 7218
f 7482 7455 7456
f 7481 7455 7482
f 7483 7456 7457
f 7482 7456 7483
f 7458 7485 7484
f 7483 7458 7484
f 7457 7458 7483
f 7485 7458 7459
f 7485 7459 7486
f 7486 7459 7460
f 7486 7460 7487
f 7487 7460 7461
f 7487 7461 7488
f 7488 7461 7462
f 7488 7462 7489
f 7489 7462 7463
f 7490 7480 7479
f 7492 7490 7491
f 7491 7490 7226
f 7490 7479 7226
f 7479 7223 7226
f 7227 7491 7226
f 7493 7229 7481
f 7481 7229 7225
f 7482 7495 7494
f 7493 7482 7494
f 7481 7482 7493
f 7495 7482 7483
f 7495 7483 7496
f 7496 7483 7484
f 7497 7492 7491
f 7499 7497 7498
f 7498 7497 7230
f 7497 7491 7230
f 7491 7227 7230
f 7231 7498 7230
f 7500 7232 7233
f 7501 7500 7233
f 7501 7233 7229
f 7502 7501 7229
f 7493 7502 7229
f 7502 7493 7494
f 7503 7499 7498
f 7498 7231 7503
f 7231 7504 7503
f 7231 7235 7504
f 7505 7236 7500
f 7500 7236 7232
f 7500 7501 7506
f 7500 7506 7505
f 7238 7504 7235
f 7238 7507 7504
f 7508 7239 7505
f 7505 7239 7236
f 7505 7506 7509
f 7505 7509 7508
f 7238 7240 7510
f 7511 7238 7510
f 7507 7238 7511
f 7241 7510 7240
f 7512 7242 7508
f 7508 7242 7239
f 7508 7509 7513
f 7508 7513 7512
f 7511 7510 7514
f 7511 7514 7515
f 7243 7514 7241
f 7241 7514 7510
f 7516 7244 7512
f 7512 7244 7242
f 7512 7513 7517
f 7512 7517 7516
f 7515 7514 7518
f 7515 7518 7519
f 7245 7518 7243
f 7243 7518 7514
f 7520 7246 7516
f 7516 7246 7244
f 7516 7517 7521
f 7516 7521 7520
f 7519 7518 7522
f 7519 7522 7523
f 7247 7522 7245
f 7245 7522 7518
f 7524 7248 7520
f 7520 7248 7246
f 7520 7521 7525
f 7526 7520 7525
f 7524 7520 7526
f 7527 7526 7525
f 7523 7522 7528
f 7523 7528 7529
f 7249 7528 7247
f 7247 7528 7522
f 7524 7250 7248
f 7250 7524 7252
f 7524 7530 7252
f 7524 7526 7530
f 7526 7527 7531
f 7532 7526 7531
f 7530 7526 7532
f 7533 7532 7531
f 7529 7528 7254
f 7255 7529 7254
f 7534 7529 7255
f 7254 7528 7249
f 7535 7257 7530
f 7530 7257 7252
f 7536 7530 7532
f 7535 7530 7536
f 7532 7533 7537
f 7538 7532 7537
f 7536 7532 7538
f 7540 7539 7538
f 7540 7538 7537
f 7541 7539 7540
f 7544 7543 7542
f 7543 7534 7542
f 7534 7258 7542
f 7534 7255 7258
f 7535 7260 7257
f 7260 7535 7261
f 7535 7545 7261
f 7535 7536 7545
f 7546 7536 7538
f 7545 7536 7546
f 7547 7538 7539
f 7546 7538 7547
f 7539 7541 7548
f 7549 7539 7548
f 7547 7539 7549
f 7551 7550 7549
f 7551 7549 7548
f 7553 7552 7550
f 7553 7550 7551
f 7554 7552 7553
f 7544 7542 7263
f 7264 7544 7263
f 7555 7544 7264
f 7263 7542 7258
f 7545 7266 7261
f 7266 7545 7269
f 7269 7545 7546
f 7269 7546 7271
f 7271 7546 7547
f 7271 7547 7272
f 7547 7556 7272
f 7547 7549 7556
f 7557 7549 7550
f 7556 7549 7557
f 7558 7550 7552
f 7557 7550 7558
f 7552 7554 7559
f 7560 7552 7559
f 7558 7552 7560
f 7562 7561 7560
f 7562 7560 7559
f 7564 7563 7561
f 7564 7561 7562
f 7566 7565 7563
f 7566 7563 7564
f 7567 7565 7566
f 7570 7569 7568
f 7569 7555 7568
f 7555 7273 7568
f 7555 7264 7273
f 7556 7277 7272
f 7277 7556 7280
f 7280 7556 7557
f 7280 7557 7282
f 7282 7557 7558
f 7282 7558 7284
f 7284 7558 7560
f 7284 7560 7285
f 7560 7571 7285
f 7560 7561 7571
f 7572 7561 7563
f 7571 7561 7572
f 7573 7563 7565
f 7572 7563 7573
f 7565 7567 7574
f 7575 7565 7574
f 7573 7565 7575
f 7577 7576 7575
f 7577 7575 7574
f 7579 7578 7576
f 7579 7576 7577
f 7581 7580 7578
f 7581 7578 7579
f 7583 7582 7580
f 7583 7580 7581
f 7584 7582 7583
f 7587 7586 7585
f 7588 7585 7586
f 7591 7590 7589
f 7589 7590 7570
f 7589 7570 7568
f 7287 7589 7568
f 7286 7287 7568
f 7286 7568 7273
f 7571 7290 7285
f 7290 7571 7293
f 7293 7571 7572
f 7293 7572 7295
f 7295 7572 7573
f 7295 7573 7297
f 7297 7573 7575
f 7297 7575 7299
f 7299 7575 7576
f 7299 7576 7301
f 7301 7576 7578
f 7301 7578 7303
f 7303 7578 7580
f 7303 7580 7304
f 7580 7592 7304
f 7580 7582 7592
f 7582 7584 7593
f 7594 7582 7593
f 7592 7582 7594
f 7596 7595 7594
f 7596 7594 7593
f 7595 7596 7587
f 7585 7595 7587
f 7597 7595 7585
f 7585 7588 7598
f 7599 7585 7598
f 7597 7585 7599
f 7600 7599 7598
f 7603 7602 7601
f 7604 7601 7602
f 7607 7606 7605
f 7605 7606 7591
f 7605 7591 7589
f 7306 7605 7589
f 7305 7306 7589
f 7305 7589 7287
f 7592 7307 7304
f 7307 7592 7309
f 7309 7592 7594
f 7309 7594 7311
f 7311 7594 7595
f 7311 7595 7313
f 7313 7595 7597
f 7313 7597 7314
f 7314 7597 7599
f 7600 7608 7599
f 7608 7314 7599
f 7608 7316 7314
f 7610 7609 7317
f 7316 7610 7317
f 7608 7610 7316
f 7612 7611 7609
f 7612 7609 7610
f 7611 7612 7603
f 7601 7611 7603
f 7613 7611 7601
f 7614 7319 7320
f 7601 7614 7320
f 7613 7601 7320
f 7614 7601 7604
f 7321 7319 7614
f 7321 7614 7615
f 7618 7617 7616
f 7322 7323 7616
f 7617 7322 7616
f 7619 7322 7617
f 7605 7324 7607
f 7324 7619 7607
f 7324 7322 7619
f 7324 7605 7306
f 7609 7325 7317
f 7325 7609 7326
f 7326 7609 7611
f 7326 7611 7327
f 7327 7611 7613
f 7327 7613 7320
f 7615 7620 7321
f 7321 7620 7328
f 7622 7621 7329
f 7328 7622 7329
f 7620 7622 7328
f 7624 7623 7621
f 7624 7621 7622
f 7626 7625 7623
f 7626 7623 7624
f 7628 7627 7625
f 7628 7625 7626
f 7630 7629 7627
f 7630 7627 7628
f 7631 7629 7630
f 7633 7632 7331
f 7633 7331 7332
f 7331 7634 7333
f 7632 7634 7331
f 7333 7635 7334
f 7634 7635 7333
f 7616 7335 7618
f 7335 7635 7618
f 7335 7334 7635
f 7335 7616 7323
f 7621 7336 7329
f 7336 7621 7337
f 7337 7621 7623
f 7337 7623 7338
f 7338 7623 7625
f 7338 7625 7339
f 7339 7625 7627
f 7339 7627 7340
f 7340 7627 7629
f 7631 7636 7629
f 7636 7340 7629
f 7636 7341 7340
f 7332 7341 7633
f 7633 7341 7636
f 7637 7347 7348
f 7349 7638 7348
f 7348 7638 7637
f 7350 7639 7349
f 7349 7639 7638
f 7351 7640 7350
f 7350 7640 7639
f 7352 7641 7351
f 7351 7641 7640
f 7354 7641 7352
f 7642 7356 7637
f 7637 7356 7347
f 7643 7637 7638
f 7642 7637 7643
f 7644 7638 7639
f 7643 7638 7644
f 7645 7639 7640
f 7644 7639 7645
f 7646 7640 7641
f 7645 7640 7646
f 7357 7647 7354
f 7647 7641 7354
f 7647 7646 7641
f 7359 7647 7357
f 7648 7360 7642
f 7642 7360 7356
f 7649 7642 7643
f 7648 7642 7649
f 7650 7643 7644
f 7649 7643 7650
f 7645 7652 7651
f 7650 7645 7651
f 7644 7645 7650
f 7654 7653 7652
f 7645 7654 7652
f 7646 7654 7645
f 7655 7646 7647
f 7654 7646 7655
f 7361 7656 7359
f 7656 7647 7359
f 7656 7655 7647
f 7363 7656 7361
f 7648 7364 7360
f 7364 7648 7366
f 7648 7657 7366
f 7648 7649 7657
f 7650 7659 7658
f 7657 7650 7658
f 7649 7650 7657
f 7659 7650 7651
f 7660 7653 7654
f 7662 7661 7660
f 7654 7662 7660
f 7655 7662 7654
f 7663 7655 7656
f 7662 7655 7663
f 7368 7663 7363
f 7363 7663 7656
f 7665 7664 7657
f 7664 7366 7657
f 7664 7371 7366
f 7665 7657 7658
f 7661 7662 7666
f 7661 7666 7667
f 7668 7662 7663
f 7666 7662 7668
f 7373 7668 7368
f 7368 7668 7663
f 7664 7376 7371
f 7669 7376 7664
f 7667 7666 7670
f 7667 7670 7671
f 7379 7670 7378
f 7670 7668 7378
f 7670 7666 7668
f 7378 7668 7373
f 7672 7381 7382
f 7383 7672 7382
f 7674 7387 7673
f 7387 7669 7673
f 7387 7376 7669
f 7676 7675 7674
f 7676 7674 7673
f 7678 7677 7675
f 7678 7675 7676
f 7680 7679 7677
f 7680 7677 7678
f 7679 7680 7671
f 7679 7671 7670
f 7390 7679 7670
f 7389 7390 7670
f 7389 7670 7379
f 7672 7393 7381
f 7393 7672 7383
f 7674 7398 7387
f 7398 7674 7399
f 7399 7674 7675
f 7399 7675 7400
f 7400 7675 7677
f 7400 7677 7401
f 7401 7677 7679
f 7401 7679 7390
f 7681 7412 7413
f 7414 7682 7413
f 7413 7682 7681
f 7415 7683 7414
f 7414 7683 7682
f 7416 7684 7415
f 7415 7684 7683
f 7417 7685 7416
f 7416 7685 7684
f 7418 7686 7417
f 7417 7686 7685
f 7420 7686 7418
f 7687 7442 7443
f 7687 7443 7688
f 7443 7689 7688
f 7443 7444 7689
f 7691 7689 7690
f 7689 7445 7690
f 7689 7444 7445
f 7446 7692 7445
f 7445 7692 7690
f 7692 7446 7693
f 7446 7694 7693
f 7446 7447 7694
f 7447 7412 7681
f 7695 7447 7681
f 7694 7447 7695
f 7695 7681 7682
f 7695 7682 7696
f 7696 7682 7683
f 7696 7683 7697
f 7697 7683 7684
f 7697 7684 7698
f 7698 7684 7685
f 7698 7685 7699
f 7699 7685 7686
f 7699 7686 7700
f 7700 7686 7420
f 7448 7700 7420
f 7701 7700 7448
f 7702 7448 7449
f 7702 7701 7448
f 7703 7449 7450
f 7703 7702 7449
f 7705 7703 7704
f 7703 7451 7704
f 7703 7450 7451
f 7453 7704 7451
f 7706 7463 7464
f 7465 7707 7464
f 7464 7707 7706
f 7466 7708 7465
f 7465 7708 7707
f 7467 7709 7466
f 7466 7709 7708
f 7468 7710 7467
f 7467 7710 7709
f 7469 7711 7468
f 7468 7711 7710
f 7470 7712 7469
f 7469 7712 7711
f 7471 7713 7470
f 7470 7713 7712
f 7472 7714 7471
f 7471 7714 7713
f 7473 7715 7472
f 7472 7715 7714
f 7474 7716 7473
f 7473 7716 7715
f 7475 7717 7474
f 7474 7717 7716
f 7717 7475 7718
f 7475 7719 7718
f 7475 7476 7719
f 7476 7442 7687
f 7720 7476 7687
f 7719 7476 7720
f 7720 7687 7688
f 7721 7691 7690
f 7721 7690 7692
f 7721 7692 7722
f 7722 7692 7693
f 7723 7705 7704
f 7723 7704 7453
f 7477 7723 7453
f 7724 7723 7477
f 7726 7724 7725
f 7724 7478 7725
f 7724 7477 7478
f 7480 7725 7478
f 7727 7484 7485
f 7486 7728 7485
f 7485 7728 7727
f 7487 7729 7486
f 7486 7729 7728
f 7488 7730 7487
f 7487 7730 7729
f 7489 7731 7488
f 7488 7731 7730
f 7463 7706 7489
f 7706 7731 7489
f 7706 7732 7731
f 7733 7706 7707
f 7732 7706 7733
f 7734 7707 7708
f 7733 7707 7734
f 7735 7708 7709
f 7734 7708 7735
f 7736 7709 7710
f 7735 7709 7736
f 7737 7710 7711
f 7736 7710 7737
f 7738 7711 7712
f 7737 7711 7738
f 7713 7740 7739
f 7738 7713 7739
f 7712 7713 7738
f 7740 7713 7714
f 7740 7714 7741
f 7741 7714 7715
f 7741 7715 7742
f 7742 7715 7716
f 7742 7716 7743
f 7743 7716 7717
f 7743 7717 7744
f 7744 7717 7718
f 7745 7726 7725
f 7747 7745 7746
f 7746 7745 7490
f 7745 7725 7490
f 7725 7480 7490
f 7492 7746 7490
f 7748 7494 7495
f 7496 7749 7495
f 7495 7749 7748
f 7484 7727 7496
f 7727 7749 7496
f 7727 7750 7749
f 7751 7727 7728
f 7750 7727 7751
f 7752 7728 7729
f 7751 7728 7752
f 7753 7729 7730
f 7752 7729 7753
f 7754 7730 7731
f 7753 7730 7754
f 7755 7731 7732
f 7754 7731 7755
f 7756 7732 7733
f 7755 7732 7756
f 7734 7758 7757
f 7756 7734 7757
f 7733 7734 7756
f 7758 7734 7735
f 7758 7735 7759
f 7759 7735 7736
f 7759 7736 7760
f 7760 7736 7737
f 7760 7737 7761
f 7761 7737 7738
f 7761 7738 7762
f 7762 7738 7739
f 7763 7747 7746
f 7765 7763 7764
f 7764 7763 7497
f 7763 7746 7497
f 7746 7492 7497
f 7499 7764 7497
f 7766 7501 7502
f 7494 7748 7502
f 7748 7766 7502
f 7748 7767 7766
f 7768 7748 7749
f 7767 7748 7768
f 7769 7749 7750
f 7768 7749 7769
f 7770 7750 7751
f 7769 7750 7770
f 7771 7751 7752
f 7770 7751 7771
f 7772 7752 7753
f 7771 7752 7772
f 7773 7753 7754
f 7772 7753 7773
f 7755 7775 7774
f 7773 7755 7774
f 7754 7755 7773
f 7775 7755 7756
f 7775 7756 7776
f 7776 7756 7757
f 7777 7765 7764
f 7779 7777 7778
f 7778 7777 7503
f 7777 7764 7503
f 7764 7499 7503
f 7504 7778 7503
f 7780 7506 7766
f 7766 7506 7501
f 7781 7766 7767
f 7780 7766 7781
f 7782 7767 7768
f 7781 7767 7782
f 7783 7768 7769
f 7782 7768 7783
f 7784 7769 7770
f 7783 7769 7784
f 7785 7770 7771
f 7784 7770 7785
f 7772 7787 7786
f 7785 7772 7786
f 7771 7772 7785
f 7787 7772 7773
f 7787 7773 7788
f 7788 7773 7774
f 7779 7778 7789
f 7779 7789 7790
f 7507 7789 7504
f 7504 7789 7778
f 7791 7509 7780
f 7780 7509 7506
f 7792 7780 7781
f 7791 7780 7792
f 7793 7781 7782
f 7792 7781 7793
f 7794 7782 7783
f 7793 7782 7794
f 7795 7783 7784
f 7794 7783 7795
f 7785 7797 7796
f 7795 7785 7796
f 7784 7785 7795
f 7797 7785 7786
f 7798 7790 7789
f 7789 7507 7798
f 7507 7799 7798
f 7507 7511 7799
f 7800 7513 7791
f 7791 7513 7509
f 7801 7791 7792
f 7800 7791 7801
f 7802 7792 7793
f 7801 7792 7802
f 7803 7793 7794
f 7802 7793 7803
f 7804 7794 7795
f 7803 7794 7804
f 7795 7796 7805
f 7795 7805 7804
f 7515 7799 7511
f 7515 7806 7799
f 7807 7517 7800
f 7800 7517 7513
f 7808 7800 7801
f 7807 7800 7808
f 7809 7801 7802
f 7808 7801 7809
f 7810 7802 7803
f 7809 7802 7810
f 7811 7803 7804
f 7810 7803 7811
f 7804 7805 7812
f 7804 7812 7811
f 7519 7806 7515
f 7519 7813 7806
f 7814 7521 7807
f 7807 7521 7517
f 7815 7807 7808
f 7814 7807 7815
f 7816 7808 7809
f 7815 7808 7816
f 7817 7809 7810
f 7816 7809 7817
f 7818 7810 7811
f 7817 7810 7818
f 7811 7812 7819
f 7820 7811 7819
f 7818 7811 7820
f 7821 7820 7819
f 7523 7813 7519
f 7523 7822 7813
f 7814 7525 7521
f 7525 7814 7527
f 7814 7823 7527
f 7814 7815 7823
f 7824 7815 7816
f 7823 7815 7824
f 7825 7816 7817
f 7824 7816 7825
f 7826 7817 7818
f 7825 7817 7826
f 7827 7818 7820
f 7826 7818 7827
f 7820 7821 7828
f 7829 7820 7828
f 7827 7820 7829
f 7830 7829 7828
f 7529 7822 7523
f 7529 7831 7822
f 7823 7531 7527
f 7531 7823 7533
f 7823 7832 7533
f 7823 7824 7832
f 7833 7824 7825
f 7832 7824 7833
f 7834 7825 7826
f 7833 7825 7834
f 7835 7826 7827
f 7834 7826 7835
f 7836 7827 7829
f 7835 7827 7836
f 7829 7830 7837
f 7838 7829 7837
f 7836 7829 7838
f 7840 7839 7838
f 7840 7838 7837
f 7841 7839 7840
f 7844 7843 7842
f 7843 7831 7842
f 7831 7534 7842
f 7831 7529 7534
f 7832 7537 7533
f 7537 7832 7540
f 7540 7832 7833
f 7540 7833 7541
f 7833 7845 7541
f 7833 7834 7845
f 7846 7834 7835
f 7845 7834 7846
f 7847 7835 7836
f 7846 7835 7847
f 7848 7836 7838
f 7847 7836 7848
f 7849 7838 7839
f 7848 7838 7849
f 7839 7841 7850
f 7851 7839 7850
f 7849 7839 7851
f 7853 7852 7851
f 7853 7851 7850
f 7854 7852 7853
f 7844 7842 7543
f 7544 7844 7543
f 7855 7844 7544
f 7543 7842 7534
f 7845 7548 7541
f 7548 7845 7551
f 7551 7845 7846
f 7551 7846 7553
f 7553 7846 7847
f 7553 7847 7554
f 7847 7856 7554
f 7847 7848 7856
f 7857 7848 7849
f 7856 7848 7857
f 7858 7849 7851
f 7857 7849 7858
f 7859 7851 7852
f 7858 7851 7859
f 7852 7854 7860
f 7861 7852 7860
f 7859 7852 7861
f 7863 7862 7861
f 7863 7861 7860
f 7865 7864 7862
f 7865 7862 7863
f 7867 7866 7864
f 7867 7864 7865
f 7868 7866 7867
f 7871 7870 7869
f 7870 7855 7869
f 7855 7555 7869
f 7855 7544 7555
f 7856 7559 7554
f 7559 7856 7562
f 7562 7856 7857
f 7562 7857 7564
f 7564 7857 7858
f 7564 7858 7566
f 7566 7858 7859
f 7566 7859 7567
f 7859 7872 7567
f 7859 7861 7872
f 7873 7861 7862
f 7872 7861 7873
f 7874 7862 7864
f 7873 7862 7874
f 7875 7864 7866
f 7874 7864 7875
f 7866 7868 7876
f 7877 7866 7876
f 7875 7866 7877
f 7879 7878 7877
f 7879 7877 7876
f 7881 7880 7878
f 7881 7878 7879
f 7883 7882 7880
f 7883 7880 7881
f 7884 7882 7883
f 7871 7869 7569
f 7570 7871 7569
f 7885 7871 7570
f 7569 7869 7555
f 7872 7574 7567
f 7574 7872 7577
f 7577 7872 7873
f 7577 7873 7579
f 7579 7873 7874
f 7579 7874 7581
f 7581 7874 7875
f 7581 7875 7583
f 7583 7875 7877
f 7583 7877 7584
f 7877 7886 7584
f 7877 7878 7886
f 7887 7878 7880
f 7886 7878 7887
f 7587 7887 7586
f 7887 7882 7586
f 7887 7880 7882
f 7588 7586 7882
f 7884 7588 7882
f 7888 7588 7884
f 7891 7890 7889
f 7892 7889 7890
f 7894 7893 7590
f 7894 7590 7591
f 7570 7590 7885
f 7885 7590 7893
f 7886 7593 7584
f 7593 7886 7596
f 7596 7886 7887
f 7596 7887 7587
f 7888 7895 7588
f 7588 7895 7598
f 7897 7896 7600
f 7598 7897 7600
f 7895 7897 7598
f 7899 7898 7896
f 7899 7896 7897
f 7900 7898 7899
f 7891 7889 7602
f 7603 7891 7602
f 7901 7891 7603
f 7604 7602 7889
f 7892 7604 7889
f 7902 7604 7892
f 7905 7904 7903
f 7606 7607 7903
f 7904 7606 7903
f 7906 7606 7904
f 7591 7606 7894
f 7894 7606 7906
f 7896 7608 7600
f 7608 7896 7610
f 7610 7896 7898
f 7900 7907 7898
f 7907 7610 7898
f 7907 7612 7610
f 7603 7612 7901
f 7901 7612 7907
f 7902 7908 7604
f 7604 7908 7614
f 7910 7909 7615
f 7614 7910 7615
f 7908 7910 7614
f 7911 7909 7910
f 7914 7913 7912
f 7617 7618 7912
f 7913 7617 7912
f 7915 7617 7913
f 7903 7619 7905
f 7619 7915 7905
f 7619 7617 7915
f 7619 7903 7607
f 7909 7620 7615
f 7911 7916 7909
f 7916 7620 7909
f 7916 7622 7620
f 7622 7917 7624
f 7916 7917 7622
f 7624 7918 7626
f 7917 7918 7624
f 7626 7919 7628
f 7918 7919 7626
f 7628 7920 7630
f 7919 7920 7628
f 7922 7921 7631
f 7630 7922 7631
f 7920 7922 7630
f 7632 7633 7921
f 7922 7632 7921
f 7923 7632 7922
f 7632 7924 7634
f 7923 7924 7632
f 7912 7635 7914
f 7635 7924 7914
f 7635 7634 7924
f 7635 7912 7618
f 7921 7636 7631
f 7636 7921 7633
f 7925 7651 7652
f 7653 7925 7652
f 7926 7658 7659
f 7651 7925 7659
f 7925 7926 7659
f 7925 7927 7926
f 7660 7928 7653
f 7928 7925 7653
f 7928 7927 7925
f 7661 7928 7660
f 7929 7664 7665
f 7658 7926 7665
f 7926 7929 7665
f 7926 7930 7929
f 7931 7926 7927
f 7930 7926 7931
f 7932 7927 7928
f 7931 7927 7932
f 7667 7932 7661
f 7661 7932 7928
f 7933 7669 7929
f 7929 7669 7664
f 7934 7929 7930
f 7933 7929 7934
f 7935 7930 7931
f 7934 7930 7935
f 7936 7931 7932
f 7935 7931 7936
f 7671 7936 7667
f 7667 7936 7932
f 7933 7673 7669
f 7673 7933 7676
f 7676 7933 7934
f 7676 7934 7678
f 7678 7934 7935
f 7678 7935 7680
f 7680 7935 7936
f 7680 7936 7671
f 7937 7688 7689
f 7691 7937 7689
f 7938 7693 7694
f 7938 7694 7939
f 7694 7940 7939
f 7694 7695 7940
f 7941 7695 7696
f 7941 7940 7695
f 7942 7696 7697
f 7942 7941 7696
f 7943 7697 7698
f 7943 7942 7697
f 7944 7698 7699
f 7944 7943 7698
f 7945 7699 7700
f 7945 7944 7699
f 7946 7700 7701
f 7946 7945 7700
f 7948 7946 7947
f 7946 7702 7947
f 7946 7701 7702
f 7703 7949 7702
f 7702 7949 7947
f 7705 7949 7703
f 7950 7718 7719
f 7950 7719 7951
f 7719 7952 7951
f 7719 7720 7952
f 7720 7688 7937
f 7953 7720 7937
f 7952 7720 7953
f 7955 7953 7954
f 7954 7953 7721
f 7953 7937 7721
f 7937 7691 7721
f 7954 7721 7956
f 7721 7957 7956
f 7721 7722 7957
f 7722 7693 7938
f 7958 7722 7938
f 7957 7722 7958
f 7958 7938 7939
f 7959 7948 7947
f 7959 7947 7949
f 7959 7949 7960
f 7960 7949 7705
f 7723 7960 7705
f 7961 7960 7723
f 7963 7961 7962
f 7961 7724 7962
f 7961 7723 7724
f 7726 7962 7724
f 7964 7739 7740
f 7741 7965 7740
f 7740 7965 7964
f 7742 7966 7741
f 7741 7966 7965
f 7743 7967 7742
f 7742 7967 7966
f 7744 7968 7743
f 7743 7968 7967
f 7969 7968 7744
f 7969 7744 7718
f 7970 7969 7718
f 7950 7970 7718
f 7970 7950 7951
f 7971 7955 7954
f 7971 7954 7956
f 7972 7963 7962
f 7974 7972 7973
f 7973 7972 7745
f 7972 7962 7745
f 7962 7726 7745
f 7747 7973 7745
f 7975 7757 7758
f 7759 7976 7758
f 7758 7976 7975
f 7760 7977 7759
f 7759 7977 7976
f 7761 7978 7760
f 7760 7978 7977
f 7762 7979 7761
f 7761 7979 7978
f 7739 7964 7762
f 7964 7979 7762
f 7964 7980 7979
f 7981 7964 7965
f 7980 7964 7981
f 7982 7965 7966
f 7981 7965 7982
f 7983 7966 7967
f 7982 7966 7983
f 7968 7985 7984
f 7983 7968 7984
f 7967 7968 7983
f 7985 7968 7969
f 7986 7974 7973
f 7988 7986 7987
f 7987 7986 7763
f 7986 7973 7763
f 7973 7747 7763
f 7765 7987 7763
f 7989 7774 7775
f 7776 7990 7775
f 7775 7990 7989
f 7757 7975 7776
f 7975 7990 7776
f 7975 7991 7990
f 7992 7975 7976
f 7991 7975 7992
f 7993 7976 7977
f 7992 7976 7993
f 7994 7977 7978
f 7993 7977 7994
f 7995 7978 7979
f 7994 7978 7995
f 7996 7979 7980
f 7995 7979 7996
f 7981 7998 7997
f 7996 7981 7997
f 7980 7981 7996
f 7998 7981 7982
f 7998 7982 7999
f 8001 8000 7999
f 7982 8001 7999
f 7983 8001 7982
f 7983 7984 8002
f 7983 8002 8001
f 8003 7988 7987
f 8005 8003 8004
f 8004 8003 7777
f 8003 7987 7777
f 7987 7765 7777
f 7779 8004 7777
f 8006 7786 7787
f 7788 8007 7787
f 7787 8007 8006
f 7774 7989 7788
f 7989 8007 7788
f 7989 8008 8007
f 8009 7989 7990
f 8008 7989 8009
f 8010 7990 7991
f 8009 7990 8010
f 8011 7991 7992
f 8010 7991 8011
f 8012 7992 7993
f 8011 7992 8012
f 8013 7993 7994
f 8012 7993 8013
f 8014 7994 7995
f 8013 7994 8014
f 7996 8016 8015
f 8014 7996 8015
f 7995 7996 8014
f 8016 7996 7997
f 8017 8000 8001
f 8017 8001 8002
f 8018 8005 8004
f 8004 7779 8018
f 7779 8019 8018
f 7779 7790 8019
f 8020 7796 7797
f 7786 8006 7797
f 8006 8020 7797
f 8006 8021 8020
f 8022 8006 8007
f 8021 8006 8022
f 8023 8007 8008
f 8022 8007 8023
f 8024 8008 8009
f 8023 8008 8024
f 8025 8009 8010
f 8024 8009 8025
f 8026 8010 8011
f 8025 8010 8026
f 8027 8011 8012
f 8026 8011 8027
f 8028 8012 8013
f 8027 8012 8028
f 8014 8030 8029
f 8028 8014 8029
f 8013 8014 8028
f 8030 8014 8015
f 7790 7798 8031
f 8032 7790 8031
f 8019 7790 8032
f 7799 8031 7798
f 8033 7805 8020
f 8020 7805 7796
f 8034 8020 8021
f 8033 8020 8034
f 8035 8021 8022
f 8034 8021 8035
f 8036 8022 8023
f 8035 8022 8036
f 8037 8023 8024
f 8036 8023 8037
f 8038 8024 8025
f 8037 8024 8038
f 8039 8025 8026
f 8038 8025 8039
f 8040 8026 8027
f 8039 8026 8040
f 8028 8042 8041
f 8040 8028 8041
f 8027 8028 8040
f 8042 8028 8029
f 8032 8031 8043
f 8032 8043 8044
f 7806 8043 7799
f 7799 8043 8031
f 8045 7812 8033
f 8033 7812 7805
f 8046 8033 8034
f 8045 8033 8046
f 8047 8034 8035
f 8046 8034 8047
f 8048 8035 8036
f 8047 8035 8048
f 8049 8036 8037
f 8048 8036 8049
f 8050 8037 8038
f 8049 8037 8050
f 8051 8038 8039
f 8050 8038 8051
f 8052 8039 8040
f 8051 8039 8052
f 8040 8041 8053
f 8040 8053 8052
f 8044 8043 8054
f 8044 8054 8055
f 7813 8054 7806
f 7806 8054 8043
f 8045 7819 7812
f 7819 8045 7821
f 8045 8056 7821
f 8045 8046 8056
f 8057 8046 8047
f 8056 8046 8057
f 8058 8047 8048
f 8057 8047 8058
f 8059 8048 8049
f 8058 8048 8059
f 8060 8049 8050
f 8059 8049 8060
f 8061 8050 8051
f 8060 8050 8061
f 8062 8051 8052
f 8061 8051 8062
f 8052 8053 8063
f 8064 8052 8063
f 8062 8052 8064
f 8065 8064 8063
f 8055 8054 8066
f 8055 8066 8067
f 7822 8066 7813
f 7813 8066 8054
f 8056 7828 7821
f 7828 8056 7830
f 8056 8068 7830
f 8056 8057 8068
f 8069 8057 8058
f 8068 8057 8069
f 8070 8058 8059
f 8069 8058 8070
f 8071 8059 8060
f 8070 8059 8071
f 8072 8060 8061
f 8071 8060 8072
f 8073 8061 8062
f 8072 8061 8073
f 8074 8062 8064
f 8073 8062 8074
f 8064 8065 8075
f 8076 8064 8075
f 8074 8064 8076
f 8077 8076 8075
f 8067 8066 8078
f 8067 8078 8079
f 7831 8078 7822
f 7822 8078 8066
f 8068 7837 7830
f 7837 8068 7840
f 7840 8068 8069
f 7840 8069 7841
f 8069 8080 7841
f 8069 8070 8080
f 8081 8070 8071
f 8080 8070 8081
f 8082 8071 8072
f 8081 8071 8082
f 8083 8072 8073
f 8082 8072 8083
f 8084 8073 8074
f 8083 8073 8084
f 8085 8074 8076
f 8084 8074 8085
f 8076 8077 8086
f 8087 8076 8086
f 8085 8076 8087
f 8088 8087 8086
f 8079 8078 7843
f 7844 8079 7843
f 8089 8079 7844
f 7843 8078 7831
f 8080 7850 7841
f 7850 8080 7853
f 7853 8080 8081
f 7853 8081 7854
f 8081 8090 7854
f 8081 8082 8090
f 8091 8082 8083
f 8090 8082 8091
f 8092 8083 8084
f 8091 8083 8092
f 8093 8084 8085
f 8092 8084 8093
f 8094 8085 8087
f 8093 8085 8094
f 8087 8088 8095
f 8096 8087 8095
f 8094 8087 8096
f 8098 8097 8096
f 8098 8096 8095
f 8099 8097 8098
f 8102 8101 8100
f 8101 8089 8100
f 8089 7855 8100
f 8089 7844 7855
f 8090 7860 7854
f 7860 8090 7863
f 7863 8090 8091
f 7863 8091 7865
f 7865 8091 8092
f 7865 8092 7867
f 7867 8092 8093
f 7867 8093 7868
f 8093 8103 7868
f 8093 8094 8103
f 8104 8094 8096
f 8103 8094 8104
f 8105 8096 8097
f 8104 8096 8105
f 8097 8099 8106
f 8107 8097 8106
f 8105 8097 8107
f 8108 8107 8106
f 8102 8100 7870
f 7871 8102 7870
f 8109 8102 7871
f 7870 8100 7855
f 8103 7876 7868
f 7876 8103 7879
f 7879 8103 8104
f 7879 8104 7881
f 7881 8104 8105
f 7881 8105 7883
f 7883 8105 8107
f 7884 7883 8107
f 8108 7884 8107
f 8110 7884 8108
f 8113 8112 8111
f 8112 8109 8111
f 8109 7885 8111
f 8109 7871 7885
f 8115 7888 8114
f 7888 8110 8114
f 7888 7884 8110
f 8117 8116 8115
f 8117 8115 8114
f 8119 8118 8116
f 8119 8116 8117
f 8121 8120 8118
f 8121 8118 8119
f 7890 7891 8120
f 8121 7890 8120
f 8122 7890 8121
f 8124 8123 7892
f 7890 8124 7892
f 8122 8124 7890
f 8125 8123 8124
f 8128 8127 8126
f 8126 8127 8113
f 8126 8113 8111
f 7894 8126 8111
f 7893 7894 8111
f 7893 8111 7885
f 8115 7895 7888
f 7895 8115 7897
f 7897 8115 8116
f 7897 8116 7899
f 7899 8116 8118
f 7899 8118 7900
f 8118 8129 7900
f 8118 8120 8129
f 7901 8129 7891
f 7891 8129 8120
f 8130 7902 8123
f 8123 7902 7892
f 8123 8125 8131
f 8132 8123 8131
f 8130 8123 8132
f 8133 8132 8131
f 8136 8135 8134
f 7904 7905 8134
f 8135 7904 8134
f 8137 7904 8135
f 8126 7906 8128
f 7906 8137 8128
f 7906 7904 8137
f 7906 8126 7894
f 8129 7907 7900
f 7907 8129 7901
f 8130 7908 7902
f 7908 8130 7910
f 7910 8130 8132
f 8139 8138 7911
f 8139 7911 7910
f 8133 8139 7910
f 8132 8133 7910
f 8141 8140 8138
f 8141 8138 8139
f 8143 8142 8140
f 8143 8140 8141
f 8144 8142 8143
f 8147 8146 8145
f 7913 7914 8145
f 8146 7913 8145
f 8148 7913 8146
f 8134 7915 8136
f 7915 8148 8136
f 7915 7913 8148
f 7915 8134 7905
f 8138 7916 7911
f 7916 8138 7917
f 7917 8138 8140
f 7917 8140 7918
f 7918 8140 8142
f 8144 8149 8142
f 8149 7918 8142
f 8149 7919 7918
f 7919 8150 7920
f 8149 8150 7919
f 7920 8151 7922
f 8150 8151 7920
f 7922 8152 7923
f 8151 8152 7922
f 8145 7924 8147
f 7924 8152 8147
f 7924 7923 8152
f 7924 8145 7914
f 8153 7939 7940
f 7941 8154 7940
f 7940 8154 8153
f 7942 8155 7941
f 7941 8155 8154
f 8155 7942 8156
f 7942 8157 8156
f 7942 7943 8157
f 8158 7943 7944
f 8158 8157 7943
f 8160 8158 8159
f 8158 7945 8159
f 8158 7944 7945
f 7946 8161 7945
f 7945 8161 8159
f 7948 8161 7946
f 8162 7951 7952
f 7953 8163 7952
f 7952 8163 8162
f 7955 8163 7953
f 8164 7956 7957
f 7958 8165 7957
f 7957 8165 8164
f 8166 8165 7958
f 8166 7958 7939
f 8167 8166 7939
f 8153 8167 7939
f 8167 8153 8154
f 8167 8154 8168
f 8168 8154 8155
f 8168 8155 8169
f 8169 8155 8156
f 8170 8160 8159
f 8170 8159 8161
f 8170 8161 8171
f 8171 8161 7948
f 7959 8171 7948
f 8172 8171 7959
f 8174 8172 8173
f 8172 7960 8173
f 8172 7959 7960
f 7961 8175 7960
f 7960 8175 8173
f 7963 8175 7961
f 8176 7969 7970
f 7951 8162 7970
f 8162 8176 7970
f 8162 8177 8176
f 8178 8162 8163
f 8177 8162 8178
f 7971 8179 7955
f 8179 8163 7955
f 8179 8178 8163
f 7956 8164 7971
f 8164 8179 7971
f 8164 8180 8179
f 8165 8182 8181
f 8180 8165 8181
f 8164 8165 8180
f 8182 8165 8166
f 8183 8174 8173
f 8183 8173 8175
f 8183 8175 8184
f 8186 8184 8185
f 8185 8184 7972
f 8184 8175 7972
f 8175 7963 7972
f 7974 8185 7972
f 8187 7984 7985
f 8188 8187 7985
f 8188 7985 7969
f 8189 8188 7969
f 8176 8189 7969
f 8189 8176 8177
f 8189 8177 8190
f 8190 8177 8178
f 8190 8178 8191
f 8193 8192 8191
f 8178 8193 8191
f 8179 8193 8178
f 8180 8195 8194
f 8193 8180 8194
f 8179 8180 8193
f 8195 8180 8181
f 8196 8186 8185
f 8198 8196 8197
f 8197 8196 7986
f 8196 8185 7986
f 8185 7974 7986
f 7988 8197 7986
f 8199 7997 7998
f 7999 8200 7998
f 7998 8200 8199
f 8000 8200 7999
f 8202 8201 8187
f 8201 7984 8187
f 8201 8002 7984
f 8202 8187 8188
f 8203 8192 8193
f 8203 8193 8194
f 8204 8198 8197
f 8206 8204 8205
f 8205 8204 8003
f 8204 8197 8003
f 8197 7988 8003
f 8005 8205 8003
f 8207 8015 8016
f 7997 8199 8016
f 8199 8207 8016
f 8199 8208 8207
f 8209 8199 8200
f 8208 8199 8209
f 8017 8210 8000
f 8210 8200 8000
f 8210 8209 8200
f 8211 8210 8017
f 8002 8211 8017
f 8201 8211 8002
f 8212 8206 8205
f 8214 8212 8213
f 8213 8212 8018
f 8212 8205 8018
f 8205 8005 8018
f 8019 8213 8018
f 8215 8029 8030
f 8015 8207 8030
f 8207 8215 8030
f 8207 8216 8215
f 8217 8207 8208
f 8216 8207 8217
f 8218 8208 8209
f 8217 8208 8218
f 8210 8220 8219
f 8218 8210 8219
f 8209 8210 8218
f 8220 8210 8211
f 8214 8213 8221
f 8214 8221 8222
f 8032 8221 8019
f 8019 8221 8213
f 8223 8041 8042
f 8029 8215 8042
f 8215 8223 8042
f 8215 8224 8223
f 8225 8215 8216
f 8224 8215 8225
f 8226 8216 8217
f 8225 8216 8226
f 8227 8217 8218
f 8226 8217 8227
f 8218 8219 8228
f 8218 8228 8227
f 8231 8230 8229
f 8232 8229 8230
f 8222 8221 8233
f 8222 8233 8234
f 8044 8233 8032
f 8032 8233 8221
f 8235 8053 8223
f 8223 8053 8041
f 8236 8223 8224
f 8235 8223 8236
f 8237 8224 8225
f 8236 8224 8237
f 8238 8225 8226
f 8237 8225 8238
f 8239 8226 8227
f 8238 8226 8239
f 8227 8228 8240
f 8227 8240 8239
f 8231 8229 8241
f 8231 8241 8242
f 8229 8232 8243
f 8229 8243 8241
f 8234 8233 8244
f 8234 8244 8245
f 8055 8244 8044
f 8044 8244 8233
f 8235 8063 8053
f 8063 8235 8065
f 8235 8246 8065
f 8235 8236 8246
f 8247 8236 8237
f 8246 8236 8247
f 8248 8237 8238
f 8247 8237 8248
f 8249 8238 8239
f 8248 8238 8249
f 8239 8240 8250
f 8239 8250 8249
f 8242 8241 8251
f 8242 8251 8252
f 8241 8243 8253
f 8241 8253 8251
f 8245 8244 8254
f 8245 8254 8255
f 8067 8254 8055
f 8055 8254 8244
f 8246 8075 8065
f 8075 8246 8077
f 8246 8256 8077
f 8246 8247 8256
f 8257 8247 8248
f 8256 8247 8257
f 8258 8248 8249
f 8257 8248 8258
f 8249 8250 8259
f 8260 8249 8259
f 8258 8249 8260
f 8261 8260 8259
f 8252 8251 8262
f 8252 8262 8263
f 8251 8253 8264
f 8251 8264 8262
f 8255 8254 8265
f 8255 8265 8266
f 8079 8265 8067
f 8067 8265 8254
f 8256 8086 8077
f 8086 8256 8088
f 8256 8267 8088
f 8256 8257 8267
f 8268 8257 8258
f 8267 8257 8268
f 8269 8258 8260
f 8268 8258 8269
f 8260 8261 8270
f 8260 8270 8269
f 8263 8262 8271
f 8263 8271 8272
f 8262 8264 8273
f 8262 8273 8271
f 8266 8265 8274
f 8266 8274 8275
f 8089 8274 8079
f 8079 8274 8265
f 8267 8095 8088
f 8095 8267 8098
f 8098 8267 8268
f 8098 8268 8099
f 8268 8276 8099
f 8268 8269 8276
f 8269 8270 8277
f 8269 8277 8276
f 8272 8271 8278
f 8272 8278 8279
f 8271 8273 8280
f 8271 8280 8278
f 8283 8282 8281
f 8281 8282 8275
f 8281 8275 8274
f 8102 8281 8274
f 8101 8102 8274
f 8101 8274 8089
f 8276 8106 8099
f 8285 8284 8108
f 8285 8108 8106
f 8277 8285 8106
f 8276 8277 8106
f 8286 8284 8285
f 8279 8278 8287
f 8279 8287 8288
f 8278 8280 8289
f 8278 8289 8287
f 8283 8281 8290
f 8283 8290 8291
f 8109 8290 8102
f 8102 8290 8281
f 8292 8110 8284
f 8284 8110 8108
f 8284 8286 8293
f 8294 8284 8293
f 8292 8284 8294
f 8296 8295 8294
f 8296 8294 8293
f 8295 8296 8288
f 8287 8295 8288
f 8297 8295 8287
f 8287 8289 8298
f 8299 8287 8298
f 8297 8287 8299
f 8301 8300 8299
f 8301 8299 8298
f 8302 8300 8301
f 8305 8304 8303
f 8303 8304 8291
f 8303 8291 8290
f 8113 8303 8290
f 8112 8113 8290
f 8112 8290 8109
f 8292 8114 8110
f 8114 8292 8117
f 8117 8292 8294
f 8117 8294 8119
f 8119 8294 8295
f 8119 8295 8121
f 8121 8295 8297
f 8121 8297 8122
f 8122 8297 8299
f 8122 8299 8124
f 8124 8299 8300
f 8307 8306 8125
f 8307 8125 8124
f 8302 8307 8124
f 8300 8302 8124
f 8309 8308 8306
f 8309 8306 8307
f 8311 8310 8308
f 8311 8308 8309
f 8312 8310 8311
f 8315 8314 8313
f 8313 8314 8305
f 8313 8305 8303
f 8128 8313 8303
f 8127 8128 8303
f 8127 8303 8113
f 8306 8131 8125
f 8131 8306 8133
f 8306 8316 8133
f 8306 8308 8316
f 8317 8308 8310
f 8316 8308 8317
f 8310 8312 8318
f 8319 8310 8318
f 8317 8310 8319
f 8320 8319 8318
f 8323 8322 8321
f 8135 8136 8321
f 8322 8135 8321
f 8324 8135 8322
f 8313 8137 8315
f 8137 8324 8315
f 8137 8135 8324
f 8137 8313 8128
f 8316 8139 8133
f 8139 8316 8141
f 8141 8316 8317
f 8141 8317 8143
f 8143 8317 8319
f 8326 8325 8144
f 8326 8144 8143
f 8320 8326 8143
f 8319 8320 8143
f 8328 8327 8325
f 8328 8325 8326
f 8330 8329 8327
f 8330 8327 8328
f 8332 8331 8329
f 8332 8329 8330
f 8146 8147 8331
f 8332 8146 8331
f 8333 8146 8332
f 8321 8148 8323
f 8148 8333 8323
f 8148 8146 8333
f 8148 8321 8136
f 8325 8149 8144
f 8149 8325 8150
f 8150 8325 8327
f 8150 8327 8151
f 8151 8327 8329
f 8151 8329 8152
f 8152 8329 8331
f 8152 8331 8147
f 8334 8156 8157
f 8158 8335 8157
f 8157 8335 8334
f 8160 8335 8158
f 8336 8166 8167
f 8336 8167 8337
f 8167 8338 8337
f 8167 8168 8338
f 8339 8168 8169
f 8339 8338 8168
f 8169 8156 8334
f 8340 8169 8334
f 8339 8169 8340
f 8340 8334 8335
f 8340 8335 8341
f 8341 8335 8160
f 8170 8341 8160
f 8342 8341 8170
f 8343 8170 8171
f 8343 8342 8170
f 8345 8343 8344
f 8343 8172 8344
f 8343 8171 8172
f 8174 8344 8172
f 8346 8181 8182
f 8347 8346 8182
f 8347 8182 8166
f 8348 8347 8166
f 8336 8348 8166
f 8348 8336 8337
f 8349 8345 8344
f 8349 8344 8174
f 8183 8349 8174
f 8350 8349 8183
f 8352 8350 8351
f 8350 8184 8351
f 8350 8183 8184
f 8186 8351 8184
f 8353 8188 8189
f 8190 8354 8189
f 8189 8354 8353
f 8191 8355 8190
f 8190 8355 8354
f 8192 8355 8191
f 8356 8194 8195
f 8181 8346 8195
f 8346 8356 8195
f 8346 8357 8356
f 8346 8347 8358
f 8346 8358 8357
f 8359 8352 8351
f 8361 8359 8360
f 8360 8359 8196
f 8359 8351 8196
f 8351 8186 8196
f 8198 8360 8196
f 8362 8201 8202
f 8188 8353 8202
f 8353 8362 8202
f 8353 8363 8362
f 8364 8353 8354
f 8363 8353 8364
f 8365 8354 8355
f 8364 8354 8365
f 8203 8366 8192
f 8366 8355 8192
f 8366 8365 8355
f 8194 8356 8203
f 8356 8366 8203
f 8356 8367 8366
f 8357 8369 8368
f 8367 8357 8368
f 8356 8357 8367
f 8369 8357 8358
f 8370 8361 8360
f 8372 8370 8371
f 8371 8370 8204
f 8370 8360 8204
f 8360 8198 8204
f 8206 8371 8204
f 8373 8211 8362
f 8362 8211 8201
f 8374 8362 8363
f 8373 8362 8374
f 8375 8363 8364
f 8374 8363 8375
f 8376 8364 8365
f 8375 8364 8376
f 8377 8365 8366
f 8376 8365 8377
f 8367 8379 8378
f 8377 8367 8378
f 8366 8367 8377
f 8379 8367 8368
f 8380 8372 8371
f 8382 8380 8381
f 8381 8380 8212
f 8380 8371 8212
f 8371 8206 8212
f 8214 8381 8212
f 8383 8219 8220
f 8211 8373 8220
f 8373 8383 8220
f 8373 8384 8383
f 8374 8386 8385
f 8384 8374 8385
f 8373 8374 8384
f 8386 8374 8375
f 8386 8375 8387
f 8389 8388 8387
f 8375 8389 8387
f 8376 8389 8375
f 8377 8391 8390
f 8389 8377 8390
f 8376 8377 8389
f 8391 8377 8378
f 8382 8381 8392
f 8382 8392 8393
f 8222 8392 8214
f 8214 8392 8381
f 8394 8228 8383
f 8383 8228 8219
f 8395 8383 8384
f 8394 8383 8395
f 8384 8385 8396
f 8384 8396 8395
f 8388 8389 8230
f 8231 8388 8230
f 8397 8388 8231
f 8232 8230 8389
f 8390 8232 8389
f 8398 8232 8390
f 8393 8392 8399
f 8393 8399 8400
f 8234 8399 8222
f 8222 8399 8392
f 8401 8240 8394
f 8394 8240 8228
f 8402 8394 8395
f 8401 8394 8402
f 8395 8396 8403
f 8395 8403 8402
f 8242 8397 8231
f 8242 8404 8397
f 8398 8243 8232
f 8405 8243 8398
f 8400 8399 8406
f 8400 8406 8407
f 8245 8406 8234
f 8234 8406 8399
f 8408 8250 8401
f 8401 8250 8240
f 8409 8401 8402
f 8408 8401 8409
f 8402 8403 8410
f 8402 8410 8409
f 8252 8404 8242
f 8252 8411 8404
f 8405 8253 8243
f 8412 8253 8405
f 8407 8406 8413
f 8407 8413 8414
f 8255 8413 8245
f 8245 8413 8406
f 8408 8259 8250
f 8259 8408 8261
f 8408 8415 8261
f 8408 8409 8415
f 8409 8410 8416
f 8409 8416 8415
f 8419 8418 8417
f 8418 8411 8417
f 8411 8263 8417
f 8411 8252 8263
f 8412 8264 8253
f 8420 8264 8412
f 8414 8413 8421
f 8414 8421 8422
f 8266 8421 8255
f 8255 8421 8413
f 8423 8270 8415
f 8415 8270 8261
f 8415 8416 8424
f 8425 8415 8424
f 8423 8415 8425
f 8425 8424 8419
f 8417 8425 8419
f 8426 8425 8417
f 8272 8426 8263
f 8263 8426 8417
f 8420 8273 8264
f 8427 8273 8420
f 8422 8421 8428
f 8422 8428 8429
f 8275 8428 8266
f 8266 8428 8421
f 8430 8277 8423
f 8423 8277 8270
f 8431 8423 8425
f 8430 8423 8431
f 8432 8425 8426
f 8431 8425 8432
f 8279 8432 8272
f 8272 8432 8426
f 8434 8280 8433
f 8280 8427 8433
f 8280 8273 8427
f 8435 8434 8433
f 8438 8437 8436
f 8436 8437 8429
f 8436 8429 8428
f 8283 8436 8428
f 8282 8283 8428
f 8282 8428 8275
f 8430 8285 8277
f 8285 8430 8286
f 8430 8439 8286
f 8430 8431 8439
f 8440 8431 8432
f 8439 8431 8440
f 8288 8440 8279
f 8279 8440 8432
f 8441 8289 8434
f 8434 8289 8280
f 8434 8435 8442
f 8443 8434 8442
f 8441 8434 8443
f 8445 8444 8443
f 8445 8443 8442
f 8447 8446 8444
f 8447 8444 8445
f 8448 8446 8447
f 8438 8436 8449
f 8438 8449 8450
f 8291 8449 8283
f 8283 8449 8436
f 8439 8293 8286
f 8293 8439 8296
f 8296 8439 8440
f 8296 8440 8288
f 8441 8298 8289
f 8298 8441 8301
f 8301 8441 8443
f 8301 8443 8302
f 8443 8451 8302
f 8443 8444 8451
f 8452 8444 8446
f 8451 8444 8452
f 8446 8448 8453
f 8446 8453 8452
f 8456 8455 8454
f 8457 8454 8455
f 8460 8459 8458
f 8458 8459 8450
f 8458 8450 8449
f 8305 8458 8449
f 8304 8305 8449
f 8304 8449 8291
f 8451 8307 8302
f 8307 8451 8309
f 8309 8451 8452
f 8453 8461 8452
f 8461 8309 8452
f 8461 8311 8309
f 8463 8462 8312
f 8311 8463 8312
f 8461 8463 8311
f 8462 8463 8456
f 8454 8462 8456
f 8464 8462 8454
f 8454 8457 8465
f 8454 8465 8464
f 8468 8467 8466
f 8466 8467 8460
f 8466 8460 8458
f 8315 8466 8458
f 8314 8315 8458
f 8314 8458 8305
f 8462 8318 8312
f 8318 8462 8320
f 8462 8469 8320
f 8462 8464 8469
f 8464 8465 8470
f 8471 8464 8470
f 8469 8464 8471
f 8473 8472 8471
f 8473 8471 8470
f 8474 8472 8473
f 8476 8475 8322
f 8476 8322 8323
f 8466 8324 8468
f 8324 8475 8468
f 8324 8322 8475
f 8324 8466 8315
f 8469 8326 8320
f 8326 8469 8328
f 8328 8469 8471
f 8328 8471 8330
f 8330 8471 8472
f 8474 8477 8472
f 8477 8330 8472
f 8477 8332 8330
f 8332 8478 8333
f 8477 8478 8332
f 8323 8333 8476
f 8476 8333 8478
f 8479 8337 8338
f 8339 8480 8338
f 8338 8480 8479
f 8340 8481 8339
f 8339 8481 8480
f 8341 8482 8340
f 8340 8482 8481
f 8342 8483 8341
f 8341 8483 8482
f 8343 8484 8342
f 8342 8484 8483
f 8345 8484 8343
f 8485 8347 8348
f 8337 8479 8348
f 8479 8485 8348
f 8479 8486 8485
f 8480 8488 8487
f 8486 8480 8487
f 8479 8480 8486
f 8488 8480 8481
f 8488 8481 8489
f 8489 8481 8482
f 8489 8482 8490
f 8490 8482 8483
f 8490 8483 8491
f 8491 8483 8484
f 8491 8484 8492
f 8494 8492 8493
f 8493 8492 8349
f 8492 8484 8349
f 8484 8345 8349
f 8350 8495 8349
f 8349 8495 8493
f 8352 8495 8350
f 8496 8358 8485
f 8485 8358 8347
f 8497 8485 8486
f 8496 8485 8497
f 8486 8487 8498
f 8499 8486 8498
f 8497 8486 8499
f 8500 8499 8498
f 8501 8494 8493
f 8501 8493 8495
f 8501 8495 8502
f 8504 8502 8503
f 8503 8502 8359
f 8502 8495 8359
f 8495 8352 8359
f 8361 8503 8359
f 8505 8368 8369
f 8358 8496 8369
f 8496 8505 8369
f 8496 8506 8505
f 8497 8508 8507
f 8506 8497 8507
f 8496 8497 8506
f 8508 8497 8499
f 8508 8499 8509
f 8509 8499 8500
f 8510 8504 8503
f 8512 8510 8511
f 8511 8510 8370
f 8510 8503 8370
f 8503 8361 8370
f 8372 8511 8370
f 8513 8378 8379
f 8368 8505 8379
f 8505 8513 8379
f 8505 8514 8513
f 8506 8516 8515
f 8514 8506 8515
f 8505 8506 8514
f 8516 8506 8507
f 8512 8511 8517
f 8512 8517 8518
f 8380 8519 8372
f 8519 8511 8372
f 8519 8517 8511
f 8382 8519 8380
f 8520 8385 8386
f 8387 8521 8386
f 8386 8521 8520
f 8388 8521 8387
f 8522 8390 8391
f 8378 8513 8391
f 8513 8522 8391
f 8513 8523 8522
f 8524 8513 8514
f 8523 8513 8524
f 8514 8515 8525
f 8526 8514 8525
f 8524 8514 8526
f 8528 8527 8526
f 8528 8526 8525
f 8529 8527 8528
f 8530 8518 8517
f 8532 8531 8530
f 8517 8532 8530
f 8519 8532 8517
f 8393 8532 8382
f 8382 8532 8519
f 8533 8396 8520
f 8520 8396 8385
f 8534 8520 8521
f 8533 8520 8534
f 8397 8534 8388
f 8388 8534 8521
f 8535 8398 8522
f 8522 8398 8390
f 8536 8522 8523
f 8535 8522 8536
f 8537 8523 8524
f 8536 8523 8537
f 8526 8539 8538
f 8537 8526 8538
f 8524 8526 8537
f 8539 8526 8527
f 8539 8527 8540
f 8540 8527 8529
f 8531 8532 8541
f 8531 8541 8542
f 8400 8541 8393
f 8393 8541 8532
f 8543 8403 8533
f 8533 8403 8396
f 8544 8533 8534
f 8543 8533 8544
f 8404 8544 8397
f 8397 8544 8534
f 8545 8405 8535
f 8535 8405 8398
f 8546 8535 8536
f 8545 8535 8546
f 8547 8536 8537
f 8546 8536 8547
f 8537 8538 8548
f 8537 8548 8547
f 8542 8541 8549
f 8542 8549 8550
f 8407 8549 8400
f 8400 8549 8541
f 8551 8410 8543
f 8543 8410 8403
f 8552 8543 8544
f 8551 8543 8552
f 8411 8552 8404
f 8404 8552 8544
f 8553 8412 8545
f 8545 8412 8405
f 8554 8545 8546
f 8553 8545 8554
f 8555 8546 8547
f 8554 8546 8555
f 8547 8548 8556
f 8547 8556 8555
f 8550 8549 8557
f 8550 8557 8558
f 8414 8557 8407
f 8407 8557 8549
f 8559 8416 8551
f 8551 8416 8410
f 8419 8559 8418
f 8559 8552 8418
f 8559 8551 8552
f 8418 8552 8411
f 8560 8420 8553
f 8553 8420 8412
f 8561 8553 8554
f 8560 8553 8561
f 8555 8563 8562
f 8561 8555 8562
f 8554 8555 8561
f 8563 8555 8556
f 8558 8557 8564
f 8558 8564 8565
f 8422 8564 8414
f 8414 8564 8557
f 8559 8424 8416
f 8424 8559 8419
f 8566 8427 8560
f 8560 8427 8420
f 8567 8560 8561
f 8566 8560 8567
f 8561 8562 8568
f 8569 8561 8568
f 8567 8561 8569
f 8570 8569 8568
f 8565 8564 8571
f 8565 8571 8572
f 8429 8571 8422
f 8422 8571 8564
f 8566 8433 8427
f 8433 8566 8435
f 8566 8573 8435
f 8566 8567 8573
f 8574 8567 8569
f 8573 8567 8574
f 8569 8570 8575
f 8576 8569 8575
f 8574 8569 8576
f 8578 8577 8576
f 8578 8576 8575
f 8580 8579 8577
f 8580 8577 8578
f 8581 8579 8580
f 8584 8583 8582
f 8582 8583 8572
f 8582 8572 8571
f 8438 8582 8571
f 8437 8438 8571
f 8437 8571 8429
f 8573 8442 8435
f 8442 8573 8445
f 8445 8573 8574
f 8445 8574 8447
f 8447 8574 8576
f 8447 8576 8448
f 8576 8585 8448
f 8576 8577 8585
f 8586 8577 8579
f 8585 8577 8586
f 8579 8581 8587
f 8588 8579 8587
f 8586 8579 8588
f 8589 8588 8587
f 8584 8582 8590
f 8584 8590 8591
f 8450 8590 8438
f 8438 8590 8582
f 8592 8453 8585
f 8585 8453 8448
f 8593 8585 8586
f 8592 8585 8593
f 8456 8593 8455
f 8593 8588 8455
f 8593 8586 8588
f 8457 8455 8588
f 8589 8457 8588
f 8594 8457 8589
f 8597 8596 8595
f 8595 8596 8591
f 8595 8591 8590
f 8460 8595 8590
f 8459 8460 8590
f 8459 8590 8450
f 8592 8461 8453
f 8461 8592 8463
f 8463 8592 8593
f 8463 8593 8456
f 8599 8465 8598
f 8465 8594 8598
f 8465 8457 8594
f 8601 8600 8599
f 8601 8599 8598
f 8602 8600 8601
f 8605 8604 8603
f 8603 8604 8597
f 8603 8597 8595
f 8468 8603 8595
f 8467 8468 8595
f 8467 8595 8460
f 8599 8470 8465
f 8470 8599 8473
f 8473 8599 8600
f 8607 8606 8474
f 8607 8474 8473
f 8602 8607 8473
f 8600 8602 8473
f 8609 8608 8606
f 8609 8606 8607
f 8608 8609 8605
f 8608 8605 8603
f 8476 8608 8603
f 8475 8476 8603
f 8475 8603 8468
f 8606 8477 8474
f 8477 8606 8478
f 8478 8606 8608
f 8478 8608 8476
f 8610 8487 8488
f 8489 8611 8488
f 8488 8611 8610
f 8490 8612 8489
f 8489 8612 8611
f 8491 8613 8490
f 8490 8613 8612
f 8492 8614 8491
f 8491 8614 8613
f 8494 8614 8492
f 8610 8498 8487
f 8498 8610 8500
f 8610 8615 8500
f 8610 8611 8615
f 8612 8617 8616
f 8615 8612 8616
f 8611 8612 8615
f 8617 8612 8613
f 8617 8613 8618
f 8618 8613 8614
f 8618 8614 8619
f 8621 8619 8620
f 8620 8619 8501
f 8619 8614 8501
f 8614 8494 8501
f 8502 8622 8501
f 8501 8622 8620
f 8504 8622 8502
f 8623 8507 8508
f 8509 8624 8508
f 8508 8624 8623
f 8500 8615 8509
f 8615 8624 8509
f 8615 8625 8624
f 8615 8616 8626
f 8627 8615 8626
f 8625 8615 8627
f 8628 8627 8626
f 8629 8621 8620
f 8631 8630 8629
f 8620 8631 8629
f 8622 8631 8620
f 8510 8632 8504
f 8632 8622 8504
f 8632 8631 8622
f 8512 8632 8510
f 8633 8515 8516
f 8507 8623 8516
f 8623 8633 8516
f 8623 8634 8633
f 8635 8623 8624
f 8634 8623 8635
f 8625 8637 8636
f 8635 8625 8636
f 8624 8625 8635
f 8637 8625 8627
f 8637 8627 8638
f 8638 8627 8628
f 8639 8630 8631
f 8641 8640 8639
f 8631 8641 8639
f 8632 8641 8631
f 8518 8641 8512
f 8512 8641 8632
f 8633 8525 8515
f 8525 8633 8528
f 8528 8633 8634
f 8528 8634 8529
f 8634 8642 8529
f 8634 8635 8642
f 8635 8636 8643
f 8635 8643 8642
f 8640 8641 8644
f 8640 8644 8645
f 8530 8646 8518
f 8646 8641 8518
f 8646 8644 8641
f 8531 8646 8530
f 8647 8538 8539
f 8540 8648 8539
f 8539 8648 8647
f 8529 8642 8540
f 8642 8648 8540
f 8642 8649 8648
f 8642 8643 8650
f 8651 8642 8650
f 8649 8642 8651
f 8652 8651 8650
f 8653 8645 8644
f 8655 8654 8653
f 8644 8655 8653
f 8646 8655 8644
f 8542 8655 8531
f 8531 8655 8646
f 8656 8548 8647
f 8647 8548 8538
f 8657 8647 8648
f 8656 8647 8657
f 8658 8648 8649
f 8657 8648 8658
f 8659 8649 8651
f 8658 8649 8659
f 8651 8652 8660
f 8651 8660 8659
f 8654 8655 8661
f 8654 8661 8662
f 8550 8661 8542
f 8542 8661 8655
f 8663 8556 8656
f 8656 8556 8548
f 8664 8656 8657
f 8663 8656 8664
f 8665 8657 8658
f 8664 8657 8665
f 8659 8667 8666
f 8665 8659 8666
f 8658 8659 8665
f 8667 8659 8660
f 8662 8661 8668
f 8662 8668 8669
f 8558 8668 8550
f 8550 8668 8661
f 8670 8562 8563
f 8556 8663 8563
f 8663 8670 8563
f 8663 8671 8670
f 8672 8663 8664
f 8671 8663 8672
f 8665 8674 8673
f 8672 8665 8673
f 8664 8665 8672
f 8674 8665 8666
f 8669 8668 8675
f 8669 8675 8676
f 8565 8675 8558
f 8558 8675 8668
f 8670 8568 8562
f 8568 8670 8570
f 8670 8677 8570
f 8670 8671 8677
f 8678 8671 8672
f 8677 8671 8678
f 8672 8673 8679
f 8680 8672 8679
f 8678 8672 8680
f 8682 8681 8680
f 8682 8680 8679
f 8683 8681 8682
f 8676 8675 8684
f 8676 8684 8685
f 8572 8684 8565
f 8565 8684 8675
f 8677 8575 8570
f 8575 8677 8578
f 8578 8677 8678
f 8578 8678 8580
f 8580 8678 8680
f 8580 8680 8581
f 8680 8686 8581
f 8680 8681 8686
f 8681 8683 8687
f 8681 8687 8686
f 8690 8689 8688
f 8688 8689 8685
f 8688 8685 8684
f 8584 8688 8684
f 8583 8584 8684
f 8583 8684 8572
f 8686 8587 8581
f 8692 8691 8589
f 8692 8589 8587
f 8687 8692 8587
f 8686 8687 8587
f 8693 8691 8692
f 8696 8695 8694
f 8694 8695 8690
f 8688 8694 8690
f 8697 8694 8688
f 8591 8697 8584
f 8584 8697 8688
f 8698 8594 8691
f 8691 8594 8589
f 8691 8693 8699
f 8700 8691 8699
f 8698 8691 8700
f 8701 8700 8699
f 8704 8703 8702
f 8702 8703 8696
f 8694 8702 8696
f 8705 8702 8694
f 8597 8705 8596
f 8705 8697 8596
f 8705 8694 8697
f 8596 8697 8591
f 8698 8598 8594
f 8598 8698 8601
f 8601 8698 8700
f 8707 8706 8602
f 8707 8602 8601
f 8701 8707 8601
f 8700 8701 8601
f 8706 8707 8704
f 8702 8706 8704
f 8708 8706 8702
f 8605 8708 8604
f 8708 8705 8604
f 8708 8702 8705
f 8604 8705 8597
f 8706 8607 8602
f 8607 8706 8609
f 8609 8706 8708
f 8609 8708 8605
f 8709 8616 8617
f 8618 8710 8617
f 8617 8710 8709
f 8619 8711 8618
f 8618 8711 8710
f 8621 8711 8619
f 8709 8626 8616
f 8709 8710 8712
f 8628 8709 8712
f 8713 8628 8712
f 8709 8628 8626
f 8715 8714 8712
f 8710 8715 8712
f 8711 8715 8710
f 8629 8716 8621
f 8716 8711 8621
f 8716 8715 8711
f 8630 8716 8629
f 8717 8636 8637
f 8638 8718 8637
f 8637 8718 8717
f 8719 8718 8638
f 8628 8719 8638
f 8713 8719 8628
f 8720 8714 8715
f 8722 8721 8720
f 8715 8722 8720
f 8716 8722 8715
f 8639 8723 8630
f 8723 8716 8630
f 8723 8722 8716
f 8640 8723 8639
f 8724 8643 8717
f 8717 8643 8636
f 8725 8717 8718
f 8724 8717 8725
f 8718 8719 8726
f 8718 8726 8725
f 8727 8721 8722
f 8729 8728 8727
f 8722 8729 8727
f 8723 8729 8722
f 8645 8729 8640
f 8640 8729 8723
f 8724 8650 8643
f 8650 8724 8652
f 8724 8730 8652
f 8724 8725 8730
f 8725 8726 8731
f 8725 8731 8730
f 8728 8729 8732
f 8728 8732 8733
f 8653 8734 8645
f 8734 8729 8645
f 8734 8732 8729
f 8654 8734 8653
f 8736 8735 8730
f 8735 8652 8730
f 8735 8660 8652
f 8736 8730 8731
f 8737 8733 8732
f 8739 8738 8737
f 8732 8739 8737
f 8734 8739 8732
f 8662 8739 8654
f 8654 8739 8734
f 8740 8666 8667
f 8741 8740 8667
f 8660 8741 8667
f 8735 8741 8660
f 8738 8739 8742
f 8738 8742 8743
f 8669 8742 8662
f 8662 8742 8739
f 8744 8673 8674
f 8666 8740 8674
f 8740 8744 8674
f 8740 8745 8744
f 8740 8741 8746
f 8740 8746 8745
f 8749 8748 8747
f 8747 8748 8743
f 8742 8747 8743
f 8750 8747 8742
f 8676 8750 8669
f 8669 8750 8742
f 8744 8679 8673
f 8679 8744 8682
f 8682 8744 8745
f 8752 8751 8683
f 8752 8683 8682
f 8746 8752 8682
f 8745 8746 8682
f 8754 8753 8751
f 8754 8751 8752
f 8755 8753 8754
f 8749 8747 8756
f 8749 8756 8757
f 8758 8747 8750
f 8756 8747 8758
f 8685 8758 8676
f 8676 8758 8750
f 8759 8687 8751
f 8751 8687 8683
f 8760 8751 8753
f 8759 8751 8760
f 8753 8755 8761
f 8753 8761 8760
f 8757 8756 8762
f 8757 8762 8763
f 8690 8762 8689
f 8762 8758 8689
f 8762 8756 8758
f 8689 8758 8685
f 8759 8692 8687
f 8692 8759 8693
f 8759 8764 8693
f 8759 8760 8764
f 8760 8761 8765
f 8760 8765 8764
f 8768 8767 8766
f 8766 8767 8763
f 8766 8763 8762
f 8696 8766 8762
f 8695 8696 8762
f 8695 8762 8690
f 8764 8699 8693
f 8770 8769 8701
f 8770 8701 8699
f 8765 8770 8699
f 8764 8765 8699
f 8769 8770 8768
f 8769 8768 8766
f 8704 8769 8766
f 8703 8704 8766
f 8703 8766 8696
f 8769 8707 8701
f 8707 8769 8704
f 8771 8713 8712
f 8714 8771 8712
f 8772 8719 8771
f 8771 8719 8713
f 8720 8773 8714
f 8773 8771 8714
f 8773 8772 8771
f 8721 8773 8720
f 8774 8726 8772
f 8772 8726 8719
f 8775 8772 8773
f 8774 8772 8775
f 8727 8776 8721
f 8776 8773 8721
f 8776 8775 8773
f 8728 8776 8727
f 8777 8731 8774
f 8774 8731 8726
f 8775 8779 8778
f 8777 8775 8778
f 8774 8775 8777
f 8781 8780 8779
f 8775 8781 8779
f 8776 8781 8775
f 8733 8781 8728
f 8728 8781 8776
f 8782 8735 8736
f 8731 8777 8736
f 8777 8782 8736
f 8777 8783 8782
f 8777 8778 8784
f 8777 8784 8783
f 8780 8781 8785
f 8780 8785 8786
f 8737 8787 8733
f 8787 8781 8733
f 8787 8785 8781
f 8738 8787 8737
f 8788 8741 8782
f 8782 8741 8735
f 8789 8782 8783
f 8788 8782 8789
f 8783 8784 8790
f 8783 8790 8789
f 8786 8785 8791
f 8786 8791 8792
f 8793 8785 8787
f 8791 8785 8793
f 8743 8793 8738
f 8738 8793 8787
f 8794 8746 8788
f 8788 8746 8741
f 8795 8788 8789
f 8794 8788 8795
f 8789 8790 8796
f 8789 8796 8795
f 8792 8791 8797
f 8792 8797 8798
f 8749 8797 8748
f 8797 8793 8748
f 8797 8791 8793
f 8748 8793 8743
f 8794 8752 8746
f 8752 8794 8754
f 8754 8794 8795
f 8755 8754 8795
f 8796 8755 8795
f 8799 8755 8796
f 8798 8797 8800
f 8798 8800 8801
f 8757 8800 8749
f 8749 8800 8797
f 8803 8761 8802
f 8761 8799 8802
f 8761 8755 8799
f 8803 8802 8801
f 8800 8803 8801
f 8804 8803 8800
f 8763 8804 8757
f 8757 8804 8800
f 8805 8765 8803
f 8803 8765 8761
f 8768 8805 8767
f 8805 8804 8767
f 8805 8803 8804
f 8767 8804 8763
f 8805 8770 8765
f 8770 8805 8768
f 8806 8778 8779
f 8780 8806 8779
f 8807 8784 8806
f 8806 8784 8778
f 8786 8807 8780
f 8780 8807 8806
f 8808 8790 8807
f 8807 8790 8784
f 8792 8808 8786
f 8786 8808 8807
f 8809 8796 8808
f 8808 8796 8790
f 8798 8809 8792
f 8792 8809 8808
f 8810 8799 8809
f 8809 8799 8796
f 8801 8810 8798
f 8798 8810 8809
f 8810 8802 8799
f 8802 8810 8801